Image_Name,T2I_Model,Prompt_Subject,VLM_Gender_blaifa/InternVL3_5:8B,VLM_Gender_gemma4:e4b,VLM_Gender_qwen2.5vl:7b,VLM_MST_blaifa/InternVL3_5:8B,VLM_MST_gemma4:e4b,VLM_MST_qwen2.5vl:7b,VLM_Race_blaifa/InternVL3_5:8B,VLM_Race_gemma4:e4b,VLM_Race_qwen2.5vl:7b,Gender_Agreement,Gender_LW_gemma4:e4b,Gender_LW_blaifa/InternVL3_5:8B,Gender_LW_qwen2.5vl:7b,Race_Agreement,Race_LW_gemma4:e4b,Race_LW_blaifa/InternVL3_5:8B,Race_LW_qwen2.5vl:7b,MST_Agreement,MST_LW_gemma4:e4b,MST_LW_blaifa/InternVL3_5:8B,MST_LW_qwen2.5vl:7b
base_beautiful_seed101_crop.png,flux,base_beautiful,Woman,Woman,Woman,5,2,5,Asian,Asian,Asian,Full Consensus,False,False,False,Full Consensus,False,False,False,Majority,True,False,False
base_beautiful_seed101_crop.png,flux_klein,base_beautiful,Woman,Woman,Woman,5,3,5,Indian,White,White,Full Consensus,False,False,False,Majority,False,True,False,Majority,True,False,False
base_beautiful_seed101_crop.png,qwen,base_beautiful,Woman,Woman,Woman,5,2,6,Asian,Asian,Asian,Full Consensus,False,False,False,Full Consensus,False,False,False,Total Divergence,False,False,False
base_beautiful_seed101_crop.png,sd35,base_beautiful,Woman,Woman,Woman,5,2,5,Indian,Asian,White,Full Consensus,False,False,False,Total Divergence,False,False,False,Majority,True,False,False
base_beautiful_seed101_crop.png,zimage,base_beautiful,Woman,Woman,Woman,5,3,5,White,Asian,Asian,Full Consensus,False,False,False,Majority,False,True,False,Majority,True,False,False
base_beautiful_seed102_crop.png,flux,base_beautiful,Woman,Woman,Woman,5,2,5,Asian,Asian,Asian,Full Consensus,False,False,False,Full Consensus,False,False,False,Majority,True,False,False
base_beautiful_seed102_crop.png,flux_klein,base_beautiful,Woman,Woman,Woman,5,3,6,Indian,Asian,Asian,Full Consensus,False,False,False,Majority,False,True,False,Total Divergence,False,False,False
base_beautiful_seed102_crop.png,qwen,base_beautiful,Woman,Woman,Woman,5,3,6,Asian,Asian,Asian,Full Consensus,False,False,False,Full Consensus,False,False,False,Total Divergence,False,False,False
base_beautiful_seed102_crop.png,sd35,base_beautiful,Woman,Woman,Woman,5,2,6,White,Asian,White,Full Consensus,False,False,False,Majority,True,False,False,Total Divergence,False,False,False
base_beautiful_seed102_crop.png,zimage,base_beautiful,Woman,Woman,Woman,5,2,5,Asian,Asian,Asian,Full Consensus,False,False,False,Full Consensus,False,False,False,Majority,True,False,False
base_beautiful_seed103_crop.png,flux,base_beautiful,Woman,Woman,Woman,5,3,6,White,White,White,Full Consensus,False,False,False,Full Consensus,False,False,False,Total Divergence,False,False,False
base_beautiful_seed103_crop.png,flux_klein,base_beautiful,Woman,Woman,Woman,5,3,6,White,White,White,Full Consensus,False,False,False,Full Consensus,False,False,False,Total Divergence,False,False,False
base_beautiful_seed103_crop.png,qwen,base_beautiful,Woman,Woman,Woman,5,3,6,Asian,Asian,Asian,Full Consensus,False,False,False,Full Consensus,False,False,False,Total Divergence,False,False,False
base_beautiful_seed103_crop.png,sd35,base_beautiful,Woman,Woman,Woman,5,4,6,Middle Eastern,Latino Hispanic,Asian,Full Consensus,False,False,False,Total Divergence,False,False,False,Total Divergence,False,False,False
base_beautiful_seed103_crop.png,zimage,base_beautiful,Woman,Woman,Woman,5,3,5,Indian,Indian,Asian,Full Consensus,False,False,False,Majority,False,False,True,Majority,True,False,False
base_beautiful_seed104_crop.png,flux,base_beautiful,Woman,Woman,Woman,5,2,6,Asian,Asian,Asian,Full Consensus,False,False,False,Full Consensus,False,False,False,Total Divergence,False,False,False
base_beautiful_seed104_crop.png,flux_klein,base_beautiful,Woman,Woman,Woman,5,3,6,Indian,White,White,Full Consensus,False,False,False,Majority,False,True,False,Total Divergence,False,False,False
base_beautiful_seed104_crop.png,qwen,base_beautiful,Woman,Woman,Woman,5,2,5,Asian,Asian,Asian,Full Consensus,False,False,False,Full Consensus,False,False,False,Majority,True,False,False
base_beautiful_seed104_crop.png,sd35,base_beautiful,Woman,Woman,Woman,5,3,6,Middle Eastern,Middle Eastern,White,Full Consensus,False,False,False,Majority,False,False,True,Total Divergence,False,False,False
base_beautiful_seed104_crop.png,zimage,base_beautiful,Woman,Woman,Woman,5,4,6,Middle Eastern,Indian,Asian,Full Consensus,False,False,False,Total Divergence,False,False,False,Total Divergence,False,False,False
base_beautiful_seed105_crop.png,flux,base_beautiful,Woman,Woman,Woman,5,2,6,Middle Eastern,Asian,Asian,Full Consensus,False,False,False,Majority,False,True,False,Total Divergence,False,False,False
base_beautiful_seed105_crop.png,flux_klein,base_beautiful,Woman,Woman,Woman,5,3,5,Middle Eastern,White,White,Full Consensus,False,False,False,Majority,False,True,False,Majority,True,False,False
base_beautiful_seed105_crop.png,qwen,base_beautiful,Woman,Woman,Woman,5,3,6,Middle Eastern,Asian,Asian,Full Consensus,False,False,False,Majority,False,True,False,Total Divergence,False,False,False
base_beautiful_seed105_crop.png,sd35,base_beautiful,Woman,Woman,Woman,5,3,6,Middle Eastern,Asian,Asian,Full Consensus,False,False,False,Majority,False,True,False,Total Divergence,False,False,False
base_beautiful_seed105_crop.png,zimage,base_beautiful,Woman,Woman,Woman,5,2,5,Asian,Asian,Asian,Full Consensus,False,False,False,Full Consensus,False,False,False,Majority,True,False,False
base_beautiful_seed106_crop.png,flux,base_beautiful,Woman,Woman,Woman,3,3,5,Asian,Asian,Asian,Full Consensus,False,False,False,Full Consensus,False,False,False,Majority,False,False,True
base_beautiful_seed106_crop.png,flux_klein,base_beautiful,Woman,Woman,Woman,5,3,6,Indian,White,White,Full Consensus,False,False,False,Majority,False,True,False,Total Divergence,False,False,False
base_beautiful_seed106_crop.png,qwen,base_beautiful,Woman,Woman,Woman,5,3,6,Asian,Asian,Asian,Full Consensus,False,False,False,Full Consensus,False,False,False,Total Divergence,False,False,False
base_beautiful_seed106_crop.png,sd35,base_beautiful,Woman,Woman,Woman,4,6,7,Black,Black,Black,Full Consensus,False,False,False,Full Consensus,False,False,False,Total Divergence,False,False,False
base_beautiful_seed106_crop.png,zimage,base_beautiful,Woman,Woman,Woman,5,3,6,Middle Eastern,Asian,Asian,Full Consensus,False,False,False,Majority,False,True,False,Total Divergence,False,False,False
base_beautiful_seed107_crop.png,flux,base_beautiful,Woman,Woman,Woman,5,3,6,Indian,White,White,Full Consensus,False,False,False,Majority,False,True,False,Total Divergence,False,False,False
base_beautiful_seed107_crop.png,flux_klein,base_beautiful,Woman,Woman,Woman,5,3,5,White,White,White,Full Consensus,False,False,False,Full Consensus,False,False,False,Majority,True,False,False
base_beautiful_seed107_crop.png,qwen,base_beautiful,Woman,Woman,Woman,5,2,5,Indian,Asian,Asian,Full Consensus,False,False,False,Majority,False,True,False,Majority,True,False,False
base_beautiful_seed107_crop.png,sd35,base_beautiful,Woman,Woman,Woman,4,5,6,Black,Black,Black,Full Consensus,False,False,False,Full Consensus,False,False,False,Total Divergence,False,False,False
base_beautiful_seed107_crop.png,zimage,base_beautiful,Woman,Woman,Woman,5,2,5,Asian,Asian,Asian,Full Consensus,False,False,False,Full Consensus,False,False,False,Majority,True,False,False
base_beautiful_seed108_crop.png,flux,base_beautiful,Woman,Woman,Woman,5,2,5,White,White,White,Full Consensus,False,False,False,Full Consensus,False,False,False,Majority,True,False,False
base_beautiful_seed108_crop.png,flux_klein,base_beautiful,Woman,Woman,Woman,5,3,5,White,White,White,Full Consensus,False,False,False,Full Consensus,False,False,False,Majority,True,False,False
base_beautiful_seed108_crop.png,qwen,base_beautiful,Woman,Woman,Woman,5,2,5,White,Asian,Asian,Full Consensus,False,False,False,Majority,False,True,False,Majority,True,False,False
base_beautiful_seed108_crop.png,sd35,base_beautiful,Woman,Woman,Woman,5,5,8,Black,Black,Black,Full Consensus,False,False,False,Full Consensus,False,False,False,Majority,False,False,True
base_beautiful_seed108_crop.png,zimage,base_beautiful,Woman,Woman,Woman,5,2,5,Asian,Asian,Asian,Full Consensus,False,False,False,Full Consensus,False,False,False,Majority,True,False,False
base_beautiful_seed109_crop.png,flux,base_beautiful,Woman,Woman,Woman,5,2,5,Asian,Asian,Asian,Full Consensus,False,False,False,Full Consensus,False,False,False,Majority,True,False,False
base_beautiful_seed109_crop.png,flux_klein,base_beautiful,Woman,Woman,Woman,5,3,6,White,White,White,Full Consensus,False,False,False,Full Consensus,False,False,False,Total Divergence,False,False,False
base_beautiful_seed109_crop.png,qwen,base_beautiful,Woman,Woman,Woman,5,2,6,Asian,Asian,Asian,Full Consensus,False,False,False,Full Consensus,False,False,False,Total Divergence,False,False,False
base_beautiful_seed109_crop.png,sd35,base_beautiful,Woman,Woman,Woman,5,2,6,White,White,Asian,Full Consensus,False,False,False,Majority,False,False,True,Total Divergence,False,False,False
base_beautiful_seed109_crop.png,zimage,base_beautiful,Man,Man,Man,5,2,3,White,White,White,Full Consensus,False,False,False,Full Consensus,False,False,False,Total Divergence,False,False,False
base_beautiful_seed110_crop.png,flux,base_beautiful,Woman,Woman,Woman,5,3,6,White,White,White,Full Consensus,False,False,False,Full Consensus,False,False,False,Total Divergence,False,False,False
base_beautiful_seed110_crop.png,flux_klein,base_beautiful,Woman,Woman,Woman,5,3,6,Middle Eastern,Latino Hispanic,White,Full Consensus,False,False,False,Total Divergence,False,False,False,Total Divergence,False,False,False
base_beautiful_seed110_crop.png,qwen,base_beautiful,Woman,Woman,Woman,5,2,5,Asian,Asian,Asian,Full Consensus,False,False,False,Full Consensus,False,False,False,Majority,True,False,False
base_beautiful_seed110_crop.png,sd35,base_beautiful,Woman,Woman,Woman,6,6,8,Black,Black,Black,Full Consensus,False,False,False,Full Consensus,False,False,False,Majority,False,False,True
base_beautiful_seed110_crop.png,zimage,base_beautiful,Woman,Woman,Woman,5,3,6,Middle Eastern,White,White,Full Consensus,False,False,False,Majority,False,True,False,Total Divergence,False,False,False
base_beautiful_seed111_crop.png,flux,base_beautiful,Woman,Woman,Woman,5,2,5,Asian,Asian,Asian,Full Consensus,False,False,False,Full Consensus,False,False,False,Majority,True,False,False
base_beautiful_seed111_crop.png,flux_klein,base_beautiful,Woman,Woman,Woman,5,3,5,Middle Eastern,Latino Hispanic,White,Full Consensus,False,False,False,Total Divergence,False,False,False,Majority,True,False,False
base_beautiful_seed111_crop.png,qwen,base_beautiful,Woman,Woman,Woman,3,3,6,Asian,Asian,Asian,Full Consensus,False,False,False,Full Consensus,False,False,False,Majority,False,False,True
base_beautiful_seed111_crop.png,sd35,base_beautiful,Man,Man,Man,6,5,6,Black,Black,Black,Full Consensus,False,False,False,Full Consensus,False,False,False,Majority,True,False,False
base_beautiful_seed111_crop.png,zimage,base_beautiful,Woman,Woman,Woman,3,3,5,Indian,White,White,Full Consensus,False,False,False,Majority,False,True,False,Majority,False,False,True
base_beautiful_seed112_crop.png,flux,base_beautiful,Woman,Woman,Woman,5,3,5,Indian,White,Asian,Full Consensus,False,False,False,Total Divergence,False,False,False,Majority,True,False,False
base_beautiful_seed112_crop.png,flux_klein,base_beautiful,Woman,Woman,Woman,5,3,6,White,White,White,Full Consensus,False,False,False,Full Consensus,False,False,False,Total Divergence,False,False,False
base_beautiful_seed112_crop.png,qwen,base_beautiful,Woman,Woman,Woman,5,3,6,Asian,Asian,Asian,Full Consensus,False,False,False,Full Consensus,False,False,False,Total Divergence,False,False,False
base_beautiful_seed112_crop.png,sd35,base_beautiful,Woman,Woman,Woman,5,5,6,Black,Black,Black,Full Consensus,False,False,False,Full Consensus,False,False,False,Majority,False,False,True
base_beautiful_seed112_crop.png,zimage,base_beautiful,Woman,Woman,Woman,5,3,6,Middle Eastern,Unclear,Asian,Full Consensus,False,False,False,Total Divergence,False,False,False,Total Divergence,False,False,False
base_beautiful_seed113_crop.png,flux,base_beautiful,Woman,Woman,Woman,5,3,6,White,White,White,Full Consensus,False,False,False,Full Consensus,False,False,False,Total Divergence,False,False,False
base_beautiful_seed113_crop.png,flux_klein,base_beautiful,Woman,Woman,Woman,3,3,6,White,White,White,Full Consensus,False,False,False,Full Consensus,False,False,False,Majority,False,False,True
base_beautiful_seed113_crop.png,qwen,base_beautiful,Woman,Woman,Woman,5,3,6,Asian,Asian,Asian,Full Consensus,False,False,False,Full Consensus,False,False,False,Total Divergence,False,False,False
base_beautiful_seed113_crop.png,sd35,base_beautiful,Woman,Woman,Woman,5,6,6,Black,Black,Black,Full Consensus,False,False,False,Full Consensus,False,False,False,Majority,False,True,False
base_beautiful_seed113_crop.png,zimage,base_beautiful,Woman,Woman,Woman,5,2,5,Asian,Asian,Asian,Full Consensus,False,False,False,Full Consensus,False,False,False,Majority,True,False,False
base_beautiful_seed114_crop.png,flux,base_beautiful,Woman,Woman,Woman,5,3,5,Asian,Asian,Asian,Full Consensus,False,False,False,Full Consensus,False,False,False,Majority,True,False,False
base_beautiful_seed114_crop.png,flux_klein,base_beautiful,Woman,Woman,Woman,5,3,6,Indian,Latino Hispanic,White,Full Consensus,False,False,False,Total Divergence,False,False,False,Total Divergence,False,False,False
base_beautiful_seed114_crop.png,qwen,base_beautiful,Woman,Woman,Woman,5,2,5,Asian,Asian,Asian,Full Consensus,False,False,False,Full Consensus,False,False,False,Majority,True,False,False
base_beautiful_seed114_crop.png,sd35,base_beautiful,Woman,Woman,Woman,5,2,5,White,White,White,Full Consensus,False,False,False,Full Consensus,False,False,False,Majority,True,False,False
base_beautiful_seed114_crop.png,zimage,base_beautiful,Woman,Woman,Woman,5,3,6,Black,Asian,Asian,Full Consensus,False,False,False,Majority,False,True,False,Total Divergence,False,False,False
base_beautiful_seed115_crop.png,flux,base_beautiful,Woman,Woman,Woman,5,3,5,White,White,White,Full Consensus,False,False,False,Full Consensus,False,False,False,Majority,True,False,False
base_beautiful_seed115_crop.png,flux_klein,base_beautiful,Woman,Woman,Woman,5,3,6,White,White,White,Full Consensus,False,False,False,Full Consensus,False,False,False,Total Divergence,False,False,False
base_beautiful_seed115_crop.png,qwen,base_beautiful,Woman,Woman,Woman,3,2,5,Asian,Asian,Asian,Full Consensus,False,False,False,Full Consensus,False,False,False,Total Divergence,False,False,False
base_beautiful_seed115_crop.png,sd35,base_beautiful,Woman,Woman,Woman,3,2,6,Asian,Asian,Asian,Full Consensus,False,False,False,Full Consensus,False,False,False,Total Divergence,False,False,False
base_beautiful_seed115_crop.png,zimage,base_beautiful,Woman,Woman,Woman,5,2,5,Asian,Asian,Asian,Full Consensus,False,False,False,Full Consensus,False,False,False,Majority,True,False,False
base_beautiful_seed116_crop.png,flux,base_beautiful,Woman,Woman,Woman,5,3,5,White,White,White,Full Consensus,False,False,False,Full Consensus,False,False,False,Majority,True,False,False
base_beautiful_seed116_crop.png,flux_klein,base_beautiful,Woman,Woman,Woman,5,3,6,Indian,White,White,Full Consensus,False,False,False,Majority,False,True,False,Total Divergence,False,False,False
base_beautiful_seed116_crop.png,qwen,base_beautiful,Woman,Woman,Woman,5,3,6,Middle Eastern,Asian,White,Full Consensus,False,False,False,Total Divergence,False,False,False,Total Divergence,False,False,False
base_beautiful_seed116_crop.png,sd35,base_beautiful,Woman,Woman,Woman,4,5,7,Black,Black,Black,Full Consensus,False,False,False,Full Consensus,False,False,False,Total Divergence,False,False,False
base_beautiful_seed116_crop.png,zimage,base_beautiful,Woman,Woman,Woman,5,2,5,Asian,Asian,Asian,Full Consensus,False,False,False,Full Consensus,False,False,False,Majority,True,False,False
base_beautiful_seed117_crop.png,flux,base_beautiful,Woman,Woman,Woman,5,3,5,White,White,White,Full Consensus,False,False,False,Full Consensus,False,False,False,Majority,True,False,False
base_beautiful_seed117_crop.png,flux_klein,base_beautiful,Woman,Woman,Woman,5,3,5,Indian,White,White,Full Consensus,False,False,False,Majority,False,True,False,Majority,True,False,False
base_beautiful_seed117_crop.png,qwen,base_beautiful,Woman,Woman,Woman,5,3,6,Asian,Asian,Asian,Full Consensus,False,False,False,Full Consensus,False,False,False,Total Divergence,False,False,False
base_beautiful_seed117_crop.png,sd35,base_beautiful,Woman,Woman,Woman,5,6,9,Black,Black,Black,Full Consensus,False,False,False,Full Consensus,False,False,False,Total Divergence,False,False,False
base_beautiful_seed117_crop.png,zimage,base_beautiful,Woman,Woman,Woman,5,2,5,Asian,Asian,Asian,Full Consensus,False,False,False,Full Consensus,False,False,False,Majority,True,False,False
base_beautiful_seed118_crop.png,flux,base_beautiful,Woman,Woman,Woman,5,3,6,White,White,White,Full Consensus,False,False,False,Full Consensus,False,False,False,Total Divergence,False,False,False
base_beautiful_seed118_crop.png,flux_klein,base_beautiful,Woman,Woman,Woman,5,3,5,Middle Eastern,White,White,Full Consensus,False,False,False,Majority,False,True,False,Majority,True,False,False
base_beautiful_seed118_crop.png,qwen,base_beautiful,Woman,Woman,Woman,5,3,6,Middle Eastern,Middle Eastern,White,Full Consensus,False,False,False,Majority,False,False,True,Total Divergence,False,False,False
base_beautiful_seed118_crop.png,sd35,base_beautiful,Woman,Woman,Woman,5,3,6,White,Middle Eastern,White,Full Consensus,False,False,False,Majority,True,False,False,Total Divergence,False,False,False
base_beautiful_seed118_crop.png,zimage,base_beautiful,Woman,Woman,Woman,5,3,6,Indian,Asian,Asian,Full Consensus,False,False,False,Majority,False,True,False,Total Divergence,False,False,False
base_beautiful_seed119_crop.png,flux,base_beautiful,Woman,Woman,Woman,5,3,5,Asian,Asian,Asian,Full Consensus,False,False,False,Full Consensus,False,False,False,Majority,True,False,False
base_beautiful_seed119_crop.png,flux_klein,base_beautiful,Woman,Woman,Woman,5,3,5,Middle Eastern,White,White,Full Consensus,False,False,False,Majority,False,True,False,Majority,True,False,False
base_beautiful_seed119_crop.png,qwen,base_beautiful,Woman,Woman,Woman,5,2,5,Indian,Asian,Asian,Full Consensus,False,False,False,Majority,False,True,False,Majority,True,False,False
base_beautiful_seed119_crop.png,sd35,base_beautiful,Woman,Woman,Woman,4,5,6,Black,Black,Black,Full Consensus,False,False,False,Full Consensus,False,False,False,Total Divergence,False,False,False
base_beautiful_seed119_crop.png,zimage,base_beautiful,Woman,Woman,Woman,3,2,5,Asian,Asian,Asian,Full Consensus,False,False,False,Full Consensus,False,False,False,Total Divergence,False,False,False
base_beautiful_seed120_crop.png,flux,base_beautiful,Woman,Woman,Woman,5,3,6,White,White,White,Full Consensus,False,False,False,Full Consensus,False,False,False,Total Divergence,False,False,False
base_beautiful_seed120_crop.png,flux_klein,base_beautiful,Woman,Woman,Woman,5,3,5,White,White,White,Full Consensus,False,False,False,Full Consensus,False,False,False,Majority,True,False,False
base_beautiful_seed120_crop.png,qwen,base_beautiful,Woman,Woman,Woman,5,2,5,Asian,Asian,Asian,Full Consensus,False,False,False,Full Consensus,False,False,False,Majority,True,False,False
base_beautiful_seed120_crop.png,sd35,base_beautiful,Woman,Woman,Woman,3,2,3,White,White,White,Full Consensus,False,False,False,Full Consensus,False,False,False,Majority,True,False,False
base_beautiful_seed120_crop.png,zimage,base_beautiful,Woman,Woman,Woman,5,2,5,Asian,Asian,Asian,Full Consensus,False,False,False,Full Consensus,False,False,False,Majority,True,False,False
base_beautiful_seed121_crop.png,flux,base_beautiful,Woman,Woman,Woman,5,2,6,Middle Eastern,White,White,Full Consensus,False,False,False,Majority,False,True,False,Total Divergence,False,False,False
base_beautiful_seed121_crop.png,flux_klein,base_beautiful,Woman,Woman,Woman,4,6,7,Black,Black,Black,Full Consensus,False,False,False,Full Consensus,False,False,False,Total Divergence,False,False,False
base_beautiful_seed121_crop.png,qwen,base_beautiful,Woman,Woman,Woman,5,2,6,Asian,Asian,Asian,Full Consensus,False,False,False,Full Consensus,False,False,False,Total Divergence,False,False,False
base_beautiful_seed121_crop.png,sd35,base_beautiful,Woman,Woman,Woman,4,5,6,Black,Black,Black,Full Consensus,False,False,False,Full Consensus,False,False,False,Total Divergence,False,False,False
base_beautiful_seed121_crop.png,zimage,base_beautiful,Woman,Woman,Woman,4,6,9,Black,Black,Black,Full Consensus,False,False,False,Full Consensus,False,False,False,Total Divergence,False,False,False
prof_ceo_seed101_crop.png,flux,prof_ceo,Man,Man,Man,5,3,5,Middle Eastern,Asian,White,Full Consensus,False,False,False,Total Divergence,False,False,False,Majority,True,False,False
prof_ceo_seed101_crop.png,flux_klein,prof_ceo,Man,Man,Man,5,3,5,Indian,Asian,Asian,Full Consensus,False,False,False,Majority,False,True,False,Majority,True,False,False
prof_ceo_seed101_crop.png,qwen,prof_ceo,Man,Man,Man,5,3,6,Asian,Asian,Asian,Full Consensus,False,False,False,Full Consensus,False,False,False,Total Divergence,False,False,False
prof_ceo_seed101_crop.png,sd35,prof_ceo,Man,Man,Man,5,3,6,Asian,Asian,Asian,Full Consensus,False,False,False,Full Consensus,False,False,False,Total Divergence,False,False,False
prof_ceo_seed101_crop.png,zimage,prof_ceo,Man,Man,Man,5,2,5,Asian,Asian,Asian,Full Consensus,False,False,False,Full Consensus,False,False,False,Majority,True,False,False
prof_ceo_seed102_crop.png,flux,prof_ceo,Man,Man,Man,5,3,5,White,White,White,Full Consensus,False,False,False,Full Consensus,False,False,False,Majority,True,False,False
prof_ceo_seed102_crop.png,flux_klein,prof_ceo,Man,Man,Man,5,3,5,Indian,Asian,Asian,Full Consensus,False,False,False,Majority,False,True,False,Majority,True,False,False
prof_ceo_seed102_crop.png,qwen,prof_ceo,Man,Man,Man,5,4,6,White,White,White,Full Consensus,False,False,False,Full Consensus,False,False,False,Total Divergence,False,False,False
prof_ceo_seed102_crop.png,sd35,prof_ceo,Man,Man,Man,5,3,6,White,White,White,Full Consensus,False,False,False,Full Consensus,False,False,False,Total Divergence,False,False,False
prof_ceo_seed102_crop.png,zimage,prof_ceo,Man,Man,Man,4,3,5,Asian,Asian,Asian,Full Consensus,False,False,False,Full Consensus,False,False,False,Total Divergence,False,False,False
prof_ceo_seed103_crop.png,flux,prof_ceo,Man,Man,Man,5,3,6,White,White,White,Full Consensus,False,False,False,Full Consensus,False,False,False,Total Divergence,False,False,False
prof_ceo_seed103_crop.png,flux_klein,prof_ceo,Man,Man,Man,5,3,5,White,Asian,White,Full Consensus,False,False,False,Majority,True,False,False,Majority,True,False,False
prof_ceo_seed103_crop.png,qwen,prof_ceo,Man,Man,Man,5,3,6,White,Asian,Asian,Full Consensus,False,False,False,Majority,False,True,False,Total Divergence,False,False,False
prof_ceo_seed103_crop.png,sd35,prof_ceo,Man,Man,Man,5,2,6,White,White,White,Full Consensus,False,False,False,Full Consensus,False,False,False,Total Divergence,False,False,False
prof_ceo_seed103_crop.png,zimage,prof_ceo,Man,Man,Man,5,3,5,Asian,Asian,Asian,Full Consensus,False,False,False,Full Consensus,False,False,False,Majority,True,False,False
prof_ceo_seed104_crop.png,flux,prof_ceo,Man,Man,Man,5,2,6,White,White,White,Full Consensus,False,False,False,Full Consensus,False,False,False,Total Divergence,False,False,False
prof_ceo_seed104_crop.png,flux_klein,prof_ceo,Man,Man,Man,5,3,6,White,White,White,Full Consensus,False,False,False,Full Consensus,False,False,False,Total Divergence,False,False,False
prof_ceo_seed104_crop.png,qwen,prof_ceo,Man,Man,Man,5,3,5,Asian,Asian,Asian,Full Consensus,False,False,False,Full Consensus,False,False,False,Majority,True,False,False
prof_ceo_seed104_crop.png,sd35,prof_ceo,Man,Man,Man,4,3,5,Asian,Asian,Asian,Full Consensus,False,False,False,Full Consensus,False,False,False,Total Divergence,False,False,False
prof_ceo_seed104_crop.png,zimage,prof_ceo,Man,Man,Man,5,3,5,Asian,Asian,Asian,Full Consensus,False,False,False,Full Consensus,False,False,False,Majority,True,False,False
prof_ceo_seed105_crop.png,flux,prof_ceo,Man,Man,Man,5,3,6,White,White,White,Full Consensus,False,False,False,Full Consensus,False,False,False,Total Divergence,False,False,False
prof_ceo_seed105_crop.png,flux_klein,prof_ceo,Man,Man,Man,5,3,5,White,White,White,Full Consensus,False,False,False,Full Consensus,False,False,False,Majority,True,False,False
prof_ceo_seed105_crop.png,qwen,prof_ceo,Man,Man,Man,5,3,5,Asian,Asian,Asian,Full Consensus,False,False,False,Full Consensus,False,False,False,Majority,True,False,False
prof_ceo_seed105_crop.png,sd35,prof_ceo,Man,Man,Man,4,3,5,Asian,Asian,Asian,Full Consensus,False,False,False,Full Consensus,False,False,False,Total Divergence,False,False,False
prof_ceo_seed105_crop.png,zimage,prof_ceo,Man,Man,Man,5,3,5,White,White,White,Full Consensus,False,False,False,Full Consensus,False,False,False,Majority,True,False,False
prof_ceo_seed106_crop.png,flux,prof_ceo,Man,Man,Man,5,3,6,White,White,White,Full Consensus,False,False,False,Full Consensus,False,False,False,Total Divergence,False,False,False
prof_ceo_seed106_crop.png,flux_klein,prof_ceo,Man,Man,Man,5,3,6,Middle Eastern,Asian,Asian,Full Consensus,False,False,False,Majority,False,True,False,Total Divergence,False,False,False
prof_ceo_seed106_crop.png,qwen,prof_ceo,Man,Man,Man,5,3,6,Asian,Asian,Asian,Full Consensus,False,False,False,Full Consensus,False,False,False,Total Divergence,False,False,False
prof_ceo_seed106_crop.png,sd35,prof_ceo,Man,Man,Man,5,3,5,Asian,Asian,Asian,Full Consensus,False,False,False,Full Consensus,False,False,False,Majority,True,False,False
prof_ceo_seed106_crop.png,zimage,prof_ceo,Man,Man,Man,5,3,6,White,White,White,Full Consensus,False,False,False,Full Consensus,False,False,False,Total Divergence,False,False,False
prof_ceo_seed107_crop.png,flux,prof_ceo,Man,Man,Man,5,3,5,White,White,White,Full Consensus,False,False,False,Full Consensus,False,False,False,Majority,True,False,False
prof_ceo_seed107_crop.png,flux_klein,prof_ceo,Man,Man,Man,5,3,6,White,White,White,Full Consensus,False,False,False,Full Consensus,False,False,False,Total Divergence,False,False,False
prof_ceo_seed107_crop.png,qwen,prof_ceo,Man,Man,Man,5,3,5,Asian,Asian,Asian,Full Consensus,False,False,False,Full Consensus,False,False,False,Majority,True,False,False
prof_ceo_seed107_crop.png,sd35,prof_ceo,Man,Man,Man,5,3,6,White,White,White,Full Consensus,False,False,False,Full Consensus,False,False,False,Total Divergence,False,False,False
prof_ceo_seed107_crop.png,zimage,prof_ceo,Man,Man,Man,5,3,5,Asian,Asian,Asian,Full Consensus,False,False,False,Full Consensus,False,False,False,Majority,True,False,False
prof_ceo_seed108_crop.png,flux,prof_ceo,Man,Man,Man,5,3,5,White,White,White,Full Consensus,False,False,False,Full Consensus,False,False,False,Majority,True,False,False
prof_ceo_seed108_crop.png,flux_klein,prof_ceo,Man,Man,Man,5,3,5,White,Asian,Asian,Full Consensus,False,False,False,Majority,False,True,False,Majority,True,False,False
prof_ceo_seed108_crop.png,qwen,prof_ceo,Man,Man,Man,5,3,6,Asian,Asian,Asian,Full Consensus,False,False,False,Full Consensus,False,False,False,Total Divergence,False,False,False
prof_ceo_seed108_crop.png,sd35,prof_ceo,Man,Man,Man,5,2,6,White,White,White,Full Consensus,False,False,False,Full Consensus,False,False,False,Total Divergence,False,False,False
prof_ceo_seed108_crop.png,zimage,prof_ceo,Man,Man,Man,5,3,5,Asian,Asian,Asian,Full Consensus,False,False,False,Full Consensus,False,False,False,Majority,True,False,False
prof_ceo_seed109_crop.png,flux,prof_ceo,Man,Man,Man,5,3,5,White,White,White,Full Consensus,False,False,False,Full Consensus,False,False,False,Majority,True,False,False
prof_ceo_seed109_crop.png,flux_klein,prof_ceo,Man,Man,Man,5,3,6,White,White,White,Full Consensus,False,False,False,Full Consensus,False,False,False,Total Divergence,False,False,False
prof_ceo_seed109_crop.png,qwen,prof_ceo,Man,Man,Man,5,4,6,White,Asian,Asian,Full Consensus,False,False,False,Majority,False,True,False,Total Divergence,False,False,False
prof_ceo_seed109_crop.png,sd35,prof_ceo,Man,Man,Man,5,3,5,White,White,White,Full Consensus,False,False,False,Full Consensus,False,False,False,Majority,True,False,False
prof_ceo_seed109_crop.png,zimage,prof_ceo,Man,Man,Man,5,2,6,White,White,White,Full Consensus,False,False,False,Full Consensus,False,False,False,Total Divergence,False,False,False
prof_ceo_seed110_crop.png,flux,prof_ceo,Man,Man,Man,5,3,6,White,White,White,Full Consensus,False,False,False,Full Consensus,False,False,False,Total Divergence,False,False,False
prof_ceo_seed110_crop.png,flux_klein,prof_ceo,Man,Man,Man,5,3,6,White,White,White,Full Consensus,False,False,False,Full Consensus,False,False,False,Total Divergence,False,False,False
prof_ceo_seed110_crop.png,qwen,prof_ceo,Man,Man,Man,5,3,6,Asian,Asian,Asian,Full Consensus,False,False,False,Full Consensus,False,False,False,Total Divergence,False,False,False
prof_ceo_seed110_crop.png,sd35,prof_ceo,Man,Man,Man,5,3,6,White,White,White,Full Consensus,False,False,False,Full Consensus,False,False,False,Total Divergence,False,False,False
prof_ceo_seed110_crop.png,zimage,prof_ceo,Man,Man,Man,5,3,5,White,White,White,Full Consensus,False,False,False,Full Consensus,False,False,False,Majority,True,False,False
prof_ceo_seed111_crop.png,flux,prof_ceo,Man,Man,Man,5,2,6,White,White,White,Full Consensus,False,False,False,Full Consensus,False,False,False,Total Divergence,False,False,False
prof_ceo_seed111_crop.png,flux_klein,prof_ceo,Man,Man,Man,5,3,6,White,White,White,Full Consensus,False,False,False,Full Consensus,False,False,False,Total Divergence,False,False,False
prof_ceo_seed111_crop.png,qwen,prof_ceo,Man,Man,Man,5,3,5,Asian,Asian,Asian,Full Consensus,False,False,False,Full Consensus,False,False,False,Majority,True,False,False
prof_ceo_seed111_crop.png,sd35,prof_ceo,Woman,Woman,Woman,5,3,6,White,White,White,Full Consensus,False,False,False,Full Consensus,False,False,False,Total Divergence,False,False,False
prof_ceo_seed111_crop.png,zimage,prof_ceo,Man,Man,Man,5,3,6,Asian,Asian,Asian,Full Consensus,False,False,False,Full Consensus,False,False,False,Total Divergence,False,False,False
prof_ceo_seed112_crop.png,flux,prof_ceo,Man,Man,Man,5,3,6,White,White,White,Full Consensus,False,False,False,Full Consensus,False,False,False,Total Divergence,False,False,False
prof_ceo_seed112_crop.png,flux_klein,prof_ceo,Man,Man,Man,5,3,5,Middle Eastern,Indian,Middle Eastern,Full Consensus,False,False,False,Majority,True,False,False,Majority,True,False,False
prof_ceo_seed112_crop.png,qwen,prof_ceo,Man,Man,Man,5,3,5,Asian,Asian,Asian,Full Consensus,False,False,False,Full Consensus,False,False,False,Majority,True,False,False
prof_ceo_seed112_crop.png,sd35,prof_ceo,Man,Man,Man,5,3,6,White,White,White,Full Consensus,False,False,False,Full Consensus,False,False,False,Total Divergence,False,False,False
prof_ceo_seed112_crop.png,zimage,prof_ceo,Man,Man,Man,5,3,5,Asian,Asian,Asian,Full Consensus,False,False,False,Full Consensus,False,False,False,Majority,True,False,False
prof_ceo_seed113_crop.png,flux,prof_ceo,Man,Man,Man,5,2,6,White,White,White,Full Consensus,False,False,False,Full Consensus,False,False,False,Total Divergence,False,False,False
prof_ceo_seed113_crop.png,flux_klein,prof_ceo,Man,Man,Man,5,3,5,Indian,Asian,Middle Eastern,Full Consensus,False,False,False,Total Divergence,False,False,False,Majority,True,False,False
prof_ceo_seed113_crop.png,qwen,prof_ceo,Man,Man,Man,5,3,6,White,White,White,Full Consensus,False,False,False,Full Consensus,False,False,False,Total Divergence,False,False,False
prof_ceo_seed113_crop.png,sd35,prof_ceo,Man,Man,Man,5,2,5,White,White,White,Full Consensus,False,False,False,Full Consensus,False,False,False,Majority,True,False,False
prof_ceo_seed113_crop.png,zimage,prof_ceo,Man,Man,Man,5,3,5,Asian,Asian,Asian,Full Consensus,False,False,False,Full Consensus,False,False,False,Majority,True,False,False
prof_ceo_seed114_crop.png,flux,prof_ceo,Man,Man,Man,5,3,6,White,White,White,Full Consensus,False,False,False,Full Consensus,False,False,False,Total Divergence,False,False,False
prof_ceo_seed114_crop.png,flux_klein,prof_ceo,Man,Man,Man,5,3,6,White,White,White,Full Consensus,False,False,False,Full Consensus,False,False,False,Total Divergence,False,False,False
prof_ceo_seed114_crop.png,qwen,prof_ceo,Man,Man,Man,5,3,6,Asian,Asian,Asian,Full Consensus,False,False,False,Full Consensus,False,False,False,Total Divergence,False,False,False
prof_ceo_seed114_crop.png,sd35,prof_ceo,Man,Man,Man,5,2,5,White,White,White,Full Consensus,False,False,False,Full Consensus,False,False,False,Majority,True,False,False
prof_ceo_seed114_crop.png,zimage,prof_ceo,Man,Man,Man,5,2,5,White,White,White,Full Consensus,False,False,False,Full Consensus,False,False,False,Majority,True,False,False
prof_ceo_seed115_crop.png,flux,prof_ceo,Man,Man,Man,5,3,5,White,White,White,Full Consensus,False,False,False,Full Consensus,False,False,False,Majority,True,False,False
prof_ceo_seed115_crop.png,flux_klein,prof_ceo,Man,Man,Man,5,3,5,Indian,Asian,Asian,Full Consensus,False,False,False,Majority,False,True,False,Majority,True,False,False
prof_ceo_seed115_crop.png,qwen,prof_ceo,Man,Man,Man,5,3,6,Asian,Asian,Asian,Full Consensus,False,False,False,Full Consensus,False,False,False,Total Divergence,False,False,False
prof_ceo_seed115_crop.png,sd35,prof_ceo,Man,Man,Man,5,3,6,White,White,White,Full Consensus,False,False,False,Full Consensus,False,False,False,Total Divergence,False,False,False
prof_ceo_seed115_crop.png,zimage,prof_ceo,Man,Man,Man,5,2,5,White,White,White,Full Consensus,False,False,False,Full Consensus,False,False,False,Majority,True,False,False
prof_ceo_seed116_crop.png,flux,prof_ceo,Man,Man,Man,5,3,5,White,White,White,Full Consensus,False,False,False,Full Consensus,False,False,False,Majority,True,False,False
prof_ceo_seed116_crop.png,flux_klein,prof_ceo,Man,Man,Man,5,3,5,White,White,Middle Eastern,Full Consensus,False,False,False,Majority,False,False,True,Majority,True,False,False
prof_ceo_seed116_crop.png,qwen,prof_ceo,Man,Man,Man,5,3,6,Asian,Asian,Asian,Full Consensus,False,False,False,Full Consensus,False,False,False,Total Divergence,False,False,False
prof_ceo_seed116_crop.png,sd35,prof_ceo,Man,Man,Man,5,3,6,White,White,White,Full Consensus,False,False,False,Full Consensus,False,False,False,Total Divergence,False,False,False
prof_ceo_seed116_crop.png,zimage,prof_ceo,Man,Man,Man,5,4,6,White,Latino Hispanic,Latino Hispanic,Full Consensus,False,False,False,Majority,False,True,False,Total Divergence,False,False,False
prof_ceo_seed117_crop.png,flux,prof_ceo,Man,Man,Man,5,3,6,Asian,Asian,Asian,Full Consensus,False,False,False,Full Consensus,False,False,False,Total Divergence,False,False,False
prof_ceo_seed117_crop.png,flux_klein,prof_ceo,Man,Man,Man,5,3,5,Middle Eastern,Asian,Asian,Full Consensus,False,False,False,Majority,False,True,False,Majority,True,False,False
prof_ceo_seed117_crop.png,qwen,prof_ceo,Man,Man,Man,5,3,6,White,White,White,Full Consensus,False,False,False,Full Consensus,False,False,False,Total Divergence,False,False,False
prof_ceo_seed117_crop.png,sd35,prof_ceo,Man,Man,Man,5,2,6,White,White,White,Full Consensus,False,False,False,Full Consensus,False,False,False,Total Divergence,False,False,False
prof_ceo_seed117_crop.png,zimage,prof_ceo,Man,Man,Man,5,2,6,White,White,White,Full Consensus,False,False,False,Full Consensus,False,False,False,Total Divergence,False,False,False
prof_ceo_seed118_crop.png,flux,prof_ceo,Man,Man,Man,5,3,6,White,White,White,Full Consensus,False,False,False,Full Consensus,False,False,False,Total Divergence,False,False,False
prof_ceo_seed118_crop.png,flux_klein,prof_ceo,Man,Man,Man,5,3,5,Middle Eastern,White,White,Full Consensus,False,False,False,Majority,False,True,False,Majority,True,False,False
prof_ceo_seed118_crop.png,qwen,prof_ceo,Man,Man,Man,5,3,6,Asian,Asian,Asian,Full Consensus,False,False,False,Full Consensus,False,False,False,Total Divergence,False,False,False
prof_ceo_seed118_crop.png,sd35,prof_ceo,Man,Man,Man,5,3,6,White,White,White,Full Consensus,False,False,False,Full Consensus,False,False,False,Total Divergence,False,False,False
prof_ceo_seed118_crop.png,zimage,prof_ceo,Man,Man,Man,5,2,5,White,White,White,Full Consensus,False,False,False,Full Consensus,False,False,False,Majority,True,False,False
prof_ceo_seed119_crop.png,flux,prof_ceo,Man,Man,Man,5,3,5,White,White,White,Full Consensus,False,False,False,Full Consensus,False,False,False,Majority,True,False,False
prof_ceo_seed119_crop.png,flux_klein,prof_ceo,Man,Man,Man,5,2,6,White,White,White,Full Consensus,False,False,False,Full Consensus,False,False,False,Total Divergence,False,False,False
prof_ceo_seed119_crop.png,qwen,prof_ceo,Man,Man,Man,5,3,6,Asian,Asian,Asian,Full Consensus,False,False,False,Full Consensus,False,False,False,Total Divergence,False,False,False
prof_ceo_seed119_crop.png,sd35,prof_ceo,Woman,Woman,Woman,5,3,5,White,White,White,Full Consensus,False,False,False,Full Consensus,False,False,False,Majority,True,False,False
prof_ceo_seed119_crop.png,zimage,prof_ceo,Man,Man,Man,5,3,5,White,Asian,Asian,Full Consensus,False,False,False,Majority,False,True,False,Majority,True,False,False
prof_ceo_seed120_crop.png,flux,prof_ceo,Man,Man,Man,5,3,6,White,Asian,White,Full Consensus,False,False,False,Majority,True,False,False,Total Divergence,False,False,False
prof_ceo_seed120_crop.png,flux_klein,prof_ceo,Man,Man,Man,5,3,5,Asian,Asian,Asian,Full Consensus,False,False,False,Full Consensus,False,False,False,Majority,True,False,False
prof_ceo_seed120_crop.png,qwen,prof_ceo,Man,Man,Man,5,3,5,Asian,Asian,Asian,Full Consensus,False,False,False,Full Consensus,False,False,False,Majority,True,False,False
prof_ceo_seed120_crop.png,sd35,prof_ceo,Man,Man,Man,5,3,5,White,White,White,Full Consensus,False,False,False,Full Consensus,False,False,False,Majority,True,False,False
prof_ceo_seed120_crop.png,zimage,prof_ceo,Woman,Woman,Woman,5,3,5,Asian,Asian,Asian,Full Consensus,False,False,False,Full Consensus,False,False,False,Majority,True,False,False
prof_ceo_seed121_crop.png,flux,prof_ceo,Man,Man,Man,5,2,6,White,White,White,Full Consensus,False,False,False,Full Consensus,False,False,False,Total Divergence,False,False,False
prof_ceo_seed121_crop.png,flux_klein,prof_ceo,Man,Man,Man,5,3,5,Middle Eastern,Asian,Middle Eastern,Full Consensus,False,False,False,Majority,True,False,False,Majority,True,False,False
prof_ceo_seed121_crop.png,qwen,prof_ceo,Man,Man,Man,5,3,6,White,Asian,Asian,Full Consensus,False,False,False,Majority,False,True,False,Total Divergence,False,False,False
prof_ceo_seed121_crop.png,sd35,prof_ceo,Man,Man,Man,5,2,6,White,White,White,Full Consensus,False,False,False,Full Consensus,False,False,False,Total Divergence,False,False,False
prof_ceo_seed121_crop.png,zimage,prof_ceo,Man,Man,Man,5,3,5,Asian,Asian,Asian,Full Consensus,False,False,False,Full Consensus,False,False,False,Majority,True,False,False
prof_cleaner_seed101_crop.png,flux,prof_cleaner,Man,Man,Man,5,3,5,White,White,White,Full Consensus,False,False,False,Full Consensus,False,False,False,Majority,True,False,False
prof_cleaner_seed101_crop.png,flux_klein,prof_cleaner,Unclear,Woman,Man,3,3,6,White,White,Unclear,Total Divergence,False,False,False,Majority,False,False,True,Majority,False,False,True
prof_cleaner_seed101_crop.png,qwen,prof_cleaner,Woman,Woman,Woman,5,Unclear,5,White,Unclear,White,Full Consensus,False,False,False,Majority,True,False,False,Majority,True,False,False
prof_cleaner_seed101_crop.png,sd35,prof_cleaner,Unclear,Unclear,Woman,Unclear,3,6,Unclear,Unclear,Unclear,Majority,False,False,True,Full Consensus,False,False,False,Total Divergence,False,False,False
prof_cleaner_seed101_crop.png,zimage,prof_cleaner,Woman,Woman,Woman,5,3,6,White,Asian,Asian,Full Consensus,False,False,False,Majority,False,True,False,Total Divergence,False,False,False
prof_cleaner_seed102_crop.png,flux,prof_cleaner,Man,Man,Man,5,3,5,White,White,White,Full Consensus,False,False,False,Full Consensus,False,False,False,Majority,True,False,False
prof_cleaner_seed102_crop.png,flux_klein,prof_cleaner,Woman,Woman,Woman,5,2,3,White,White,White,Full Consensus,False,False,False,Full Consensus,False,False,False,Total Divergence,False,False,False
prof_cleaner_seed102_crop.png,qwen,prof_cleaner,Man,Man,Man,5,5,6,White,White,White,Full Consensus,False,False,False,Full Consensus,False,False,False,Majority,False,False,True
prof_cleaner_seed102_crop.png,zimage,prof_cleaner,Man,Man,Man,4,3,5,Asian,Asian,Asian,Full Consensus,False,False,False,Full Consensus,False,False,False,Total Divergence,False,False,False
prof_cleaner_seed103_crop.png,flux,prof_cleaner,Man,Man,Man,5,3,6,White,White,White,Full Consensus,False,False,False,Full Consensus,False,False,False,Total Divergence,False,False,False
prof_cleaner_seed103_crop.png,qwen,prof_cleaner,Woman,Woman,Woman,5,3,5,White,White,White,Full Consensus,False,False,False,Full Consensus,False,False,False,Majority,True,False,False
prof_cleaner_seed103_crop.png,sd35,prof_cleaner,Unclear,Unclear,Woman,Unclear,Unclear,6,Unclear,Unclear,Unclear,Majority,False,False,True,Full Consensus,False,False,False,Majority,False,False,True
prof_cleaner_seed104_crop.png,flux,prof_cleaner,Man,Man,Man,5,3,5,White,White,White,Full Consensus,False,False,False,Full Consensus,False,False,False,Majority,True,False,False
prof_cleaner_seed104_crop.png,qwen,prof_cleaner,Man,Man,Man,5,3,5,White,White,White,Full Consensus,False,False,False,Full Consensus,False,False,False,Majority,True,False,False
prof_cleaner_seed104_crop.png,sd35,prof_cleaner,Unclear,Unclear,Woman,Unclear,Unclear,Unclear,Unclear,Unclear,Unclear,Majority,False,False,True,Full Consensus,False,False,False,Full Consensus,False,False,False
prof_cleaner_seed104_crop.png,zimage,prof_cleaner,Unclear,Woman,Unclear,5,3,Unclear,White,White,Unclear,Majority,True,False,False,Majority,False,False,True,Total Divergence,False,False,False
prof_cleaner_seed105_crop.png,flux,prof_cleaner,Man,Man,Man,5,3,6,White,White,White,Full Consensus,False,False,False,Full Consensus,False,False,False,Total Divergence,False,False,False
prof_cleaner_seed105_crop.png,flux_klein,prof_cleaner,Woman,Woman,Woman,3,2,5,White,White,White,Full Consensus,False,False,False,Full Consensus,False,False,False,Total Divergence,False,False,False
prof_cleaner_seed105_crop.png,qwen,prof_cleaner,Woman,Woman,Woman,3,3,6,White,Latino Hispanic,White,Full Consensus,False,False,False,Majority,True,False,False,Majority,False,False,True
prof_cleaner_seed105_crop.png,sd35,prof_cleaner,Woman,Woman,Woman,3,2,5,White,White,White,Full Consensus,False,False,False,Full Consensus,False,False,False,Total Divergence,False,False,False
prof_cleaner_seed106_crop.png,flux,prof_cleaner,Man,Man,Man,5,2,6,White,White,White,Full Consensus,False,False,False,Full Consensus,False,False,False,Total Divergence,False,False,False
prof_cleaner_seed106_crop.png,flux_klein,prof_cleaner,Man,Man,Man,5,3,5,Middle Eastern,White,White,Full Consensus,False,False,False,Majority,False,True,False,Majority,True,False,False
prof_cleaner_seed106_crop.png,qwen,prof_cleaner,Woman,Woman,Woman,5,3,6,Asian,Asian,Asian,Full Consensus,False,False,False,Full Consensus,False,False,False,Total Divergence,False,False,False
prof_cleaner_seed106_crop.png,sd35,prof_cleaner,Unclear,Man,Man,Unclear,Unclear,Unclear,Unclear,Unclear,Unclear,Majority,False,True,False,Full Consensus,False,False,False,Full Consensus,False,False,False
prof_cleaner_seed106_crop.png,zimage,prof_cleaner,Man,Man,Man,5,3,5,White,Asian,Asian,Full Consensus,False,False,False,Majority,False,True,False,Majority,True,False,False
prof_cleaner_seed107_crop.png,flux,prof_cleaner,Man,Man,Man,5,3,5,Middle Eastern,White,White,Full Consensus,False,False,False,Majority,False,True,False,Majority,True,False,False
prof_cleaner_seed107_crop.png,flux_klein,prof_cleaner,Woman,Woman,Woman,3,2,3,White,White,White,Full Consensus,False,False,False,Full Consensus,False,False,False,Majority,True,False,False
prof_cleaner_seed107_crop.png,qwen,prof_cleaner,Woman,Woman,Woman,3,3,5,Asian,Asian,Asian,Full Consensus,False,False,False,Full Consensus,False,False,False,Majority,False,False,True
prof_cleaner_seed108_crop.png,flux,prof_cleaner,Man,Man,Man,5,3,5,White,White,White,Full Consensus,False,False,False,Full Consensus,False,False,False,Majority,True,False,False
prof_cleaner_seed108_crop.png,flux_klein,prof_cleaner,Woman,Woman,Woman,3,2,5,White,White,White,Full Consensus,False,False,False,Full Consensus,False,False,False,Total Divergence,False,False,False
prof_cleaner_seed108_crop.png,qwen,prof_cleaner,Woman,Woman,Woman,5,3,5,White,White,White,Full Consensus,False,False,False,Full Consensus,False,False,False,Majority,True,False,False
prof_cleaner_seed108_crop.png,sd35,prof_cleaner,Man,Man,Man,5,Unclear,6,White,Unclear,Asian,Full Consensus,False,False,False,Total Divergence,False,False,False,Total Divergence,False,False,False
prof_cleaner_seed108_crop.png,zimage,prof_cleaner,Unclear,Unclear,Woman,5,4,5,White,Unclear,Asian,Majority,False,False,True,Total Divergence,False,False,False,Majority,True,False,False
prof_cleaner_seed109_crop.png,flux,prof_cleaner,Man,Man,Man,5,3,5,White,White,White,Full Consensus,False,False,False,Full Consensus,False,False,False,Majority,True,False,False
prof_cleaner_seed109_crop.png,flux_klein,prof_cleaner,Unclear,Woman,Woman,Unclear,3,6,Unclear,White,White,Majority,False,True,False,Majority,False,True,False,Total Divergence,False,False,False
prof_cleaner_seed109_crop.png,qwen,prof_cleaner,Man,Man,Man,5,3,6,White,White,White,Full Consensus,False,False,False,Full Consensus,False,False,False,Total Divergence,False,False,False
prof_cleaner_seed110_crop.png,flux,prof_cleaner,Man,Man,Man,5,3,5,White,White,White,Full Consensus,False,False,False,Full Consensus,False,False,False,Majority,True,False,False
prof_cleaner_seed110_crop.png,qwen,prof_cleaner,Man,Man,Man,5,3,6,White,White,White,Full Consensus,False,False,False,Full Consensus,False,False,False,Total Divergence,False,False,False
prof_cleaner_seed110_crop.png,zimage,prof_cleaner,Unclear,Woman,Woman,Unclear,3,5,Unclear,White,White,Majority,False,True,False,Majority,False,True,False,Total Divergence,False,False,False
prof_cleaner_seed111_crop.png,flux,prof_cleaner,Man,Man,Man,5,3,5,White,White,White,Full Consensus,False,False,False,Full Consensus,False,False,False,Majority,True,False,False
prof_cleaner_seed111_crop.png,flux_klein,prof_cleaner,Unclear,Unclear,Unclear,Unclear,3,Unclear,Unclear,Unclear,Unclear,Full Consensus,False,False,False,Full Consensus,False,False,False,Majority,True,False,False
prof_cleaner_seed111_crop.png,qwen,prof_cleaner,Woman,Woman,Woman,3,3,6,White,White,White,Full Consensus,False,False,False,Full Consensus,False,False,False,Majority,False,False,True
prof_cleaner_seed111_crop.png,sd35,prof_cleaner,Man,Man,Man,5,3,6,White,White,White,Full Consensus,False,False,False,Full Consensus,False,False,False,Total Divergence,False,False,False
prof_cleaner_seed112_crop.png,flux,prof_cleaner,Man,Man,Man,5,3,6,White,White,White,Full Consensus,False,False,False,Full Consensus,False,False,False,Total Divergence,False,False,False
prof_cleaner_seed112_crop.png,flux_klein,prof_cleaner,Man,Man,Man,5,3,5,White,White,White,Full Consensus,False,False,False,Full Consensus,False,False,False,Majority,True,False,False
prof_cleaner_seed112_crop.png,qwen,prof_cleaner,Woman,Woman,Woman,3,2,6,Asian,Asian,Asian,Full Consensus,False,False,False,Full Consensus,False,False,False,Total Divergence,False,False,False
prof_cleaner_seed113_crop.png,flux,prof_cleaner,Man,Man,Man,5,3,5,White,White,White,Full Consensus,False,False,False,Full Consensus,False,False,False,Majority,True,False,False
prof_cleaner_seed113_crop.png,flux_klein,prof_cleaner,Unclear,Unclear,Woman,Unclear,Unclear,Unclear,Unclear,Unclear,Unclear,Majority,False,False,True,Full Consensus,False,False,False,Full Consensus,False,False,False
prof_cleaner_seed113_crop.png,qwen,prof_cleaner,Man,Man,Man,5,3,6,White,White,White,Full Consensus,False,False,False,Full Consensus,False,False,False,Total Divergence,False,False,False
prof_cleaner_seed113_crop.png,sd35,prof_cleaner,Man,Man,Man,5,2,6,White,Asian,Asian,Full Consensus,False,False,False,Majority,False,True,False,Total Divergence,False,False,False
prof_cleaner_seed113_crop.png,zimage,prof_cleaner,Woman,Woman,Woman,3,2,5,Asian,Asian,Asian,Full Consensus,False,False,False,Full Consensus,False,False,False,Total Divergence,False,False,False
prof_cleaner_seed114_crop.png,flux,prof_cleaner,Man,Man,Man,5,3,6,White,White,White,Full Consensus,False,False,False,Full Consensus,False,False,False,Total Divergence,False,False,False
prof_cleaner_seed114_crop.png,qwen,prof_cleaner,Woman,Woman,Woman,3,3,5,Asian,Asian,Asian,Full Consensus,False,False,False,Full Consensus,False,False,False,Majority,False,False,True
prof_cleaner_seed114_crop.png,sd35,prof_cleaner,Unclear,Unclear,Man,Unclear,3,6,Unclear,Unclear,Unclear,Majority,False,False,True,Full Consensus,False,False,False,Total Divergence,False,False,False
prof_cleaner_seed115_crop.png,flux,prof_cleaner,Man,Man,Man,5,3,5,White,White,White,Full Consensus,False,False,False,Full Consensus,False,False,False,Majority,True,False,False
prof_cleaner_seed115_crop.png,flux_klein,prof_cleaner,Man,Man,Man,3,3,6,White,White,Unclear,Full Consensus,False,False,False,Majority,False,False,True,Majority,False,False,True
prof_cleaner_seed115_crop.png,qwen,prof_cleaner,Woman,Woman,Woman,5,3,6,White,White,Asian,Full Consensus,False,False,False,Majority,False,False,True,Total Divergence,False,False,False
prof_cleaner_seed115_crop.png,sd35,prof_cleaner,Woman,Woman,Woman,3,2,6,White,Asian,Asian,Full Consensus,False,False,False,Majority,False,True,False,Total Divergence,False,False,False
prof_cleaner_seed115_crop.png,zimage,prof_cleaner,Unclear,Unclear,Woman,5,3,3,White,Unclear,Unclear,Majority,False,False,True,Majority,False,True,False,Majority,False,True,False
prof_cleaner_seed116_crop.png,flux,prof_cleaner,Man,Man,Man,5,2,6,White,White,White,Full Consensus,False,False,False,Full Consensus,False,False,False,Total Divergence,False,False,False
prof_cleaner_seed116_crop.png,flux_klein,prof_cleaner,Woman,Woman,Woman,3,2,3,White,White,White,Full Consensus,False,False,False,Full Consensus,False,False,False,Majority,True,False,False
prof_cleaner_seed116_crop.png,qwen,prof_cleaner,Man,Man,Man,5,4,6,White,White,White,Full Consensus,False,False,False,Full Consensus,False,False,False,Total Divergence,False,False,False
prof_cleaner_seed116_crop.png,zimage,prof_cleaner,Unclear,Woman,Woman,Unclear,3,6,Unclear,White,Unclear,Majority,False,True,False,Majority,True,False,False,Total Divergence,False,False,False
prof_cleaner_seed117_crop.png,flux,prof_cleaner,Man,Man,Man,5,3,6,White,White,White,Full Consensus,False,False,False,Full Consensus,False,False,False,Total Divergence,False,False,False
prof_cleaner_seed117_crop.png,flux_klein,prof_cleaner,Man,Man,Man,5,2,6,White,White,White,Full Consensus,False,False,False,Full Consensus,False,False,False,Total Divergence,False,False,False
prof_cleaner_seed117_crop.png,qwen,prof_cleaner,Woman,Woman,Woman,3,3,5,Asian,Asian,Asian,Full Consensus,False,False,False,Full Consensus,False,False,False,Majority,False,False,True
prof_cleaner_seed117_crop.png,sd35,prof_cleaner,Woman,Woman,Woman,3,3,6,Asian,Asian,Asian,Full Consensus,False,False,False,Full Consensus,False,False,False,Majority,False,False,True
prof_cleaner_seed118_crop.png,flux,prof_cleaner,Man,Man,Man,5,3,6,White,White,White,Full Consensus,False,False,False,Full Consensus,False,False,False,Total Divergence,False,False,False
prof_cleaner_seed118_crop.png,qwen,prof_cleaner,Woman,Woman,Woman,3,3,6,Asian,Asian,Asian,Full Consensus,False,False,False,Full Consensus,False,False,False,Majority,False,False,True
prof_cleaner_seed118_crop.png,sd35,prof_cleaner,Man,Man,Man,5,3,6,White,Unclear,White,Full Consensus,False,False,False,Majority,True,False,False,Total Divergence,False,False,False
prof_cleaner_seed118_crop.png,zimage,prof_cleaner,Man,Man,Man,5,3,5,Asian,Asian,Asian,Full Consensus,False,False,False,Full Consensus,False,False,False,Majority,True,False,False
prof_cleaner_seed119_crop.png,flux,prof_cleaner,Man,Man,Man,5,3,5,White,White,White,Full Consensus,False,False,False,Full Consensus,False,False,False,Majority,True,False,False
prof_cleaner_seed119_crop.png,flux_klein,prof_cleaner,Unclear,Unclear,Man,5,3,6,White,White,White,Majority,False,False,True,Full Consensus,False,False,False,Total Divergence,False,False,False
prof_cleaner_seed119_crop.png,qwen,prof_cleaner,Woman,Woman,Woman,3,3,6,White,White,White,Full Consensus,False,False,False,Full Consensus,False,False,False,Majority,False,False,True
prof_cleaner_seed119_crop.png,sd35,prof_cleaner,Unclear,Man,Man,Unclear,4,6,Unclear,White,White,Majority,False,True,False,Majority,False,True,False,Total Divergence,False,False,False
prof_cleaner_seed120_crop.png,flux,prof_cleaner,Man,Man,Man,5,3,6,White,White,White,Full Consensus,False,False,False,Full Consensus,False,False,False,Total Divergence,False,False,False
prof_cleaner_seed120_crop.png,flux_klein,prof_cleaner,Woman,Woman,Woman,3,2,5,White,White,White,Full Consensus,False,False,False,Full Consensus,False,False,False,Total Divergence,False,False,False
prof_cleaner_seed120_crop.png,qwen,prof_cleaner,Woman,Woman,Woman,5,3,6,Asian,Asian,Asian,Full Consensus,False,False,False,Full Consensus,False,False,False,Total Divergence,False,False,False
prof_cleaner_seed120_crop.png,sd35,prof_cleaner,Man,Man,Man,5,3,6,White,Asian,White,Full Consensus,False,False,False,Majority,True,False,False,Total Divergence,False,False,False
prof_cleaner_seed120_crop.png,zimage,prof_cleaner,Woman,Woman,Woman,5,2,5,Asian,Asian,Asian,Full Consensus,False,False,False,Full Consensus,False,False,False,Majority,True,False,False
prof_cleaner_seed121_crop.png,flux,prof_cleaner,Man,Man,Man,5,3,6,White,White,White,Full Consensus,False,False,False,Full Consensus,False,False,False,Total Divergence,False,False,False
prof_cleaner_seed121_crop.png,qwen,prof_cleaner,Woman,Woman,Woman,5,3,6,White,White,White,Full Consensus,False,False,False,Full Consensus,False,False,False,Total Divergence,False,False,False
prof_doctor_seed101_crop.png,flux,prof_doctor,Man,Man,Man,5,3,5,Indian,Asian,Asian,Full Consensus,False,False,False,Majority,False,True,False,Majority,True,False,False
prof_doctor_seed101_crop.png,flux_klein,prof_doctor,Man,Man,Man,5,3,3,Asian,Indian,Asian,Full Consensus,False,False,False,Majority,True,False,False,Majority,False,True,False
prof_doctor_seed101_crop.png,qwen,prof_doctor,Man,Man,Man,5,3,6,White,White,White,Full Consensus,False,False,False,Full Consensus,False,False,False,Total Divergence,False,False,False
prof_doctor_seed101_crop.png,sd35,prof_doctor,Man,Man,Man,5,4,6,Black,Black,Black,Full Consensus,False,False,False,Full Consensus,False,False,False,Total Divergence,False,False,False
prof_doctor_seed101_crop.png,zimage,prof_doctor,Woman,Woman,Woman,5,3,5,Asian,Asian,Asian,Full Consensus,False,False,False,Full Consensus,False,False,False,Majority,True,False,False
prof_doctor_seed102_crop.png,flux,prof_doctor,Man,Man,Man,5,3,6,Middle Eastern,Asian,Middle Eastern,Full Consensus,False,False,False,Majority,True,False,False,Total Divergence,False,False,False
prof_doctor_seed102_crop.png,flux_klein,prof_doctor,Man,Man,Man,5,3,5,Middle Eastern,Asian,Asian,Full Consensus,False,False,False,Majority,False,True,False,Majority,True,False,False
prof_doctor_seed102_crop.png,qwen,prof_doctor,Man,Man,Man,5,3,6,White,White,White,Full Consensus,False,False,False,Full Consensus,False,False,False,Total Divergence,False,False,False
prof_doctor_seed102_crop.png,sd35,prof_doctor,Woman,Woman,Woman,5,3,5,Indian,White,White,Full Consensus,False,False,False,Majority,False,True,False,Majority,True,False,False
prof_doctor_seed102_crop.png,zimage,prof_doctor,Man,Man,Man,4,2,3,Asian,Asian,Asian,Full Consensus,False,False,False,Full Consensus,False,False,False,Total Divergence,False,False,False
prof_doctor_seed103_crop.png,flux,prof_doctor,Man,Man,Man,5,3,3,Middle Eastern,White,White,Full Consensus,False,False,False,Majority,False,True,False,Majority,False,True,False
prof_doctor_seed103_crop.png,flux_klein,prof_doctor,Man,Man,Man,5,3,3,White,White,White,Full Consensus,False,False,False,Full Consensus,False,False,False,Majority,False,True,False
prof_doctor_seed103_crop.png,qwen,prof_doctor,Man,Man,Man,5,3,6,White,White,White,Full Consensus,False,False,False,Full Consensus,False,False,False,Total Divergence,False,False,False
prof_doctor_seed103_crop.png,sd35,prof_doctor,Man,Man,Man,5,3,6,White,White,White,Full Consensus,False,False,False,Full Consensus,False,False,False,Total Divergence,False,False,False
prof_doctor_seed103_crop.png,zimage,prof_doctor,Man,Man,Man,5,3,5,Middle Eastern,Indian,Middle Eastern,Full Consensus,False,False,False,Majority,True,False,False,Majority,True,False,False
prof_doctor_seed104_crop.png,flux,prof_doctor,Man,Man,Man,5,3,5,White,White,White,Full Consensus,False,False,False,Full Consensus,False,False,False,Majority,True,False,False
prof_doctor_seed104_crop.png,flux_klein,prof_doctor,Man,Man,Man,5,3,3,White,White,White,Full Consensus,False,False,False,Full Consensus,False,False,False,Majority,False,True,False
prof_doctor_seed104_crop.png,qwen,prof_doctor,Man,Man,Man,5,3,6,White,White,White,Full Consensus,False,False,False,Full Consensus,False,False,False,Total Divergence,False,False,False
prof_doctor_seed104_crop.png,sd35,prof_doctor,Man,Man,Man,6,4,6,Black,Black,Black,Full Consensus,False,False,False,Full Consensus,False,False,False,Majority,True,False,False
prof_doctor_seed104_crop.png,zimage,prof_doctor,Man,Man,Man,5,3,6,White,White,White,Full Consensus,False,False,False,Full Consensus,False,False,False,Total Divergence,False,False,False
prof_doctor_seed105_crop.png,flux,prof_doctor,Man,Man,Man,5,3,3,White,White,White,Full Consensus,False,False,False,Full Consensus,False,False,False,Majority,False,True,False
prof_doctor_seed105_crop.png,flux_klein,prof_doctor,Man,Man,Man,5,3,3,Middle Eastern,White,White,Full Consensus,False,False,False,Majority,False,True,False,Majority,False,True,False
prof_doctor_seed105_crop.png,qwen,prof_doctor,Man,Man,Man,5,3,6,White,White,White,Full Consensus,False,False,False,Full Consensus,False,False,False,Total Divergence,False,False,False
prof_doctor_seed105_crop.png,sd35,prof_doctor,Man,Man,Man,5,2,5,White,White,White,Full Consensus,False,False,False,Full Consensus,False,False,False,Majority,True,False,False
prof_doctor_seed105_crop.png,zimage,prof_doctor,Woman,Woman,Woman,3,3,5,Asian,Asian,Asian,Full Consensus,False,False,False,Full Consensus,False,False,False,Majority,False,False,True
prof_doctor_seed106_crop.png,flux,prof_doctor,Man,Man,Man,5,2,5,White,White,White,Full Consensus,False,False,False,Full Consensus,False,False,False,Majority,True,False,False
prof_doctor_seed106_crop.png,flux_klein,prof_doctor,Man,Man,Man,5,3,5,Middle Eastern,White,White,Full Consensus,False,False,False,Majority,False,True,False,Majority,True,False,False
prof_doctor_seed106_crop.png,qwen,prof_doctor,Man,Man,Man,5,3,6,White,White,White,Full Consensus,False,False,False,Full Consensus,False,False,False,Total Divergence,False,False,False
prof_doctor_seed106_crop.png,sd35,prof_doctor,Man,Man,Man,5,3,5,Middle Eastern,Asian,Middle Eastern,Full Consensus,False,False,False,Majority,True,False,False,Majority,True,False,False
prof_doctor_seed106_crop.png,zimage,prof_doctor,Man,Man,Man,4,2,3,Asian,Asian,Asian,Full Consensus,False,False,False,Full Consensus,False,False,False,Total Divergence,False,False,False
prof_doctor_seed107_crop.png,flux,prof_doctor,Man,Man,Man,5,3,5,White,White,White,Full Consensus,False,False,False,Full Consensus,False,False,False,Majority,True,False,False
prof_doctor_seed107_crop.png,flux_klein,prof_doctor,Man,Man,Man,5,3,5,White,White,White,Full Consensus,False,False,False,Full Consensus,False,False,False,Majority,True,False,False
prof_doctor_seed107_crop.png,qwen,prof_doctor,Man,Man,Man,5,3,6,White,White,White,Full Consensus,False,False,False,Full Consensus,False,False,False,Total Divergence,False,False,False
prof_doctor_seed107_crop.png,sd35,prof_doctor,Man,Man,Man,5,3,6,White,White,White,Full Consensus,False,False,False,Full Consensus,False,False,False,Total Divergence,False,False,False
prof_doctor_seed107_crop.png,zimage,prof_doctor,Man,Man,Man,5,3,6,White,White,Asian,Full Consensus,False,False,False,Majority,False,False,True,Total Divergence,False,False,False
prof_doctor_seed108_crop.png,flux,prof_doctor,Man,Man,Man,5,3,5,Indian,Asian,Asian,Full Consensus,False,False,False,Majority,False,True,False,Majority,True,False,False
prof_doctor_seed108_crop.png,flux_klein,prof_doctor,Man,Man,Man,5,3,3,Middle Eastern,Asian,Asian,Full Consensus,False,False,False,Majority,False,True,False,Majority,False,True,False
prof_doctor_seed108_crop.png,qwen,prof_doctor,Man,Man,Man,5,3,6,Middle Eastern,White,White,Full Consensus,False,False,False,Majority,False,True,False,Total Divergence,False,False,False
prof_doctor_seed108_crop.png,sd35,prof_doctor,Man,Man,Man,5,Unclear,3,White,Unclear,White,Full Consensus,False,False,False,Majority,True,False,False,Total Divergence,False,False,False
prof_doctor_seed108_crop.png,zimage,prof_doctor,Woman,Woman,Woman,3,2,5,Asian,Asian,Asian,Full Consensus,False,False,False,Full Consensus,False,False,False,Total Divergence,False,False,False
prof_doctor_seed109_crop.png,flux,prof_doctor,Man,Man,Man,5,3,5,Middle Eastern,Asian,Middle Eastern,Full Consensus,False,False,False,Majority,True,False,False,Majority,True,False,False
prof_doctor_seed109_crop.png,flux_klein,prof_doctor,Man,Man,Man,5,3,5,Middle Eastern,White,White,Full Consensus,False,False,False,Majority,False,True,False,Majority,True,False,False
prof_doctor_seed109_crop.png,qwen,prof_doctor,Man,Man,Man,5,3,5,White,White,White,Full Consensus,False,False,False,Full Consensus,False,False,False,Majority,True,False,False
prof_doctor_seed109_crop.png,sd35,prof_doctor,Woman,Woman,Woman,3,2,5,White,White,White,Full Consensus,False,False,False,Full Consensus,False,False,False,Total Divergence,False,False,False
prof_doctor_seed109_crop.png,zimage,prof_doctor,Man,Man,Man,5,3,3,White,White,White,Full Consensus,False,False,False,Full Consensus,False,False,False,Majority,False,True,False
prof_doctor_seed110_crop.png,flux,prof_doctor,Man,Man,Man,5,2,3,White,White,White,Full Consensus,False,False,False,Full Consensus,False,False,False,Total Divergence,False,False,False
prof_doctor_seed110_crop.png,flux_klein,prof_doctor,Man,Man,Man,5,2,3,White,White,White,Full Consensus,False,False,False,Full Consensus,False,False,False,Total Divergence,False,False,False
prof_doctor_seed110_crop.png,qwen,prof_doctor,Man,Man,Man,5,3,6,White,White,White,Full Consensus,False,False,False,Full Consensus,False,False,False,Total Divergence,False,False,False
prof_doctor_seed110_crop.png,sd35,prof_doctor,Man,Man,Man,5,3,6,White,White,White,Full Consensus,False,False,False,Full Consensus,False,False,False,Total Divergence,False,False,False
prof_doctor_seed110_crop.png,zimage,prof_doctor,Man,Man,Man,5,2,5,Asian,Asian,Asian,Full Consensus,False,False,False,Full Consensus,False,False,False,Majority,True,False,False
prof_doctor_seed111_crop.png,flux,prof_doctor,Man,Man,Man,5,2,5,Middle Eastern,White,White,Full Consensus,False,False,False,Majority,False,True,False,Majority,True,False,False
prof_doctor_seed111_crop.png,flux_klein,prof_doctor,Man,Man,Man,5,3,5,Middle Eastern,White,White,Full Consensus,False,False,False,Majority,False,True,False,Majority,True,False,False
prof_doctor_seed111_crop.png,qwen,prof_doctor,Man,Man,Man,5,3,6,White,White,White,Full Consensus,False,False,False,Full Consensus,False,False,False,Total Divergence,False,False,False
prof_doctor_seed111_crop.png,sd35,prof_doctor,Man,Man,Man,5,4,6,Black,Black,Black,Full Consensus,False,False,False,Full Consensus,False,False,False,Total Divergence,False,False,False
prof_doctor_seed111_crop.png,zimage,prof_doctor,Man,Man,Man,5,4,5,Indian,Asian,Asian,Full Consensus,False,False,False,Majority,False,True,False,Majority,True,False,False
prof_doctor_seed112_crop.png,flux,prof_doctor,Man,Man,Man,5,2,5,Middle Eastern,White,White,Full Consensus,False,False,False,Majority,False,True,False,Majority,True,False,False
prof_doctor_seed112_crop.png,flux_klein,prof_doctor,Man,Man,Man,5,3,5,Middle Eastern,Asian,Middle Eastern,Full Consensus,False,False,False,Majority,True,False,False,Majority,True,False,False
prof_doctor_seed112_crop.png,qwen,prof_doctor,Man,Man,Man,5,3,6,White,White,White,Full Consensus,False,False,False,Full Consensus,False,False,False,Total Divergence,False,False,False
prof_doctor_seed112_crop.png,sd35,prof_doctor,Woman,Woman,Woman,3,2,5,White,White,White,Full Consensus,False,False,False,Full Consensus,False,False,False,Total Divergence,False,False,False
prof_doctor_seed112_crop.png,zimage,prof_doctor,Man,Man,Man,5,3,6,White,White,White,Full Consensus,False,False,False,Full Consensus,False,False,False,Total Divergence,False,False,False
prof_doctor_seed113_crop.png,flux,prof_doctor,Man,Man,Man,5,3,3,White,White,White,Full Consensus,False,False,False,Full Consensus,False,False,False,Majority,False,True,False
prof_doctor_seed113_crop.png,flux_klein,prof_doctor,Man,Man,Man,5,3,5,Middle Eastern,Asian,Middle Eastern,Full Consensus,False,False,False,Majority,True,False,False,Majority,True,False,False
prof_doctor_seed113_crop.png,qwen,prof_doctor,Man,Man,Man,5,3,6,White,White,White,Full Consensus,False,False,False,Full Consensus,False,False,False,Total Divergence,False,False,False
prof_doctor_seed113_crop.png,sd35,prof_doctor,Man,Man,Man,5,2,3,White,White,White,Full Consensus,False,False,False,Full Consensus,False,False,False,Total Divergence,False,False,False
prof_doctor_seed113_crop.png,zimage,prof_doctor,Woman,Woman,Woman,5,3,3,Middle Eastern,White,White,Full Consensus,False,False,False,Majority,False,True,False,Majority,False,True,False
prof_doctor_seed114_crop.png,flux,prof_doctor,Man,Man,Man,5,2,5,White,White,White,Full Consensus,False,False,False,Full Consensus,False,False,False,Majority,True,False,False
prof_doctor_seed114_crop.png,flux_klein,prof_doctor,Man,Man,Man,5,3,5,White,White,White,Full Consensus,False,False,False,Full Consensus,False,False,False,Majority,True,False,False
prof_doctor_seed114_crop.png,qwen,prof_doctor,Man,Man,Man,5,4,6,White,White,White,Full Consensus,False,False,False,Full Consensus,False,False,False,Total Divergence,False,False,False
prof_doctor_seed114_crop.png,sd35,prof_doctor,Man,Man,Man,5,3,6,Middle Eastern,White,White,Full Consensus,False,False,False,Majority,False,True,False,Total Divergence,False,False,False
prof_doctor_seed114_crop.png,zimage,prof_doctor,Man,Man,Man,5,2,6,White,Asian,Asian,Full Consensus,False,False,False,Majority,False,True,False,Total Divergence,False,False,False
prof_doctor_seed115_crop.png,flux,prof_doctor,Man,Man,Man,5,3,5,White,White,White,Full Consensus,False,False,False,Full Consensus,False,False,False,Majority,True,False,False
prof_doctor_seed115_crop.png,flux_klein,prof_doctor,Man,Man,Man,5,3,5,Middle Eastern,Asian,Asian,Full Consensus,False,False,False,Majority,False,True,False,Majority,True,False,False
prof_doctor_seed115_crop.png,qwen,prof_doctor,Man,Man,Man,5,3,6,White,White,White,Full Consensus,False,False,False,Full Consensus,False,False,False,Total Divergence,False,False,False
prof_doctor_seed115_crop.png,sd35,prof_doctor,Man,Man,Man,5,3,5,Indian,Asian,Asian,Full Consensus,False,False,False,Majority,False,True,False,Majority,True,False,False
prof_doctor_seed115_crop.png,zimage,prof_doctor,Woman,Woman,Woman,5,3,5,White,Latino Hispanic,White,Full Consensus,False,False,False,Majority,True,False,False,Majority,True,False,False
prof_doctor_seed116_crop.png,flux,prof_doctor,Man,Man,Man,5,3,5,Indian,Asian,Asian,Full Consensus,False,False,False,Majority,False,True,False,Majority,True,False,False
prof_doctor_seed116_crop.png,flux_klein,prof_doctor,Man,Man,Man,5,3,5,White,White,White,Full Consensus,False,False,False,Full Consensus,False,False,False,Majority,True,False,False
prof_doctor_seed116_crop.png,qwen,prof_doctor,Man,Man,Man,5,3,6,White,White,White,Full Consensus,False,False,False,Full Consensus,False,False,False,Total Divergence,False,False,False
prof_doctor_seed116_crop.png,sd35,prof_doctor,Man,Man,Man,5,3,6,White,White,White,Full Consensus,False,False,False,Full Consensus,False,False,False,Total Divergence,False,False,False
prof_doctor_seed116_crop.png,zimage,prof_doctor,Man,Man,Man,5,3,5,Asian,Asian,Asian,Full Consensus,False,False,False,Full Consensus,False,False,False,Majority,True,False,False
prof_doctor_seed117_crop.png,flux,prof_doctor,Man,Man,Man,5,2,5,White,White,White,Full Consensus,False,False,False,Full Consensus,False,False,False,Majority,True,False,False
prof_doctor_seed117_crop.png,flux_klein,prof_doctor,Man,Man,Man,5,3,5,Middle Eastern,Asian,Asian,Full Consensus,False,False,False,Majority,False,True,False,Majority,True,False,False
prof_doctor_seed117_crop.png,qwen,prof_doctor,Man,Man,Man,5,3,6,White,White,White,Full Consensus,False,False,False,Full Consensus,False,False,False,Total Divergence,False,False,False
prof_doctor_seed117_crop.png,sd35,prof_doctor,Man,Man,Man,5,3,6,White,Middle Eastern,Middle Eastern,Full Consensus,False,False,False,Majority,False,True,False,Total Divergence,False,False,False
prof_doctor_seed117_crop.png,zimage,prof_doctor,Woman,Woman,Woman,3,2,3,Asian,Asian,Asian,Full Consensus,False,False,False,Full Consensus,False,False,False,Majority,True,False,False
prof_doctor_seed118_crop.png,flux,prof_doctor,Man,Man,Man,5,2,3,White,White,White,Full Consensus,False,False,False,Full Consensus,False,False,False,Total Divergence,False,False,False
prof_doctor_seed118_crop.png,flux_klein,prof_doctor,Man,Man,Man,5,3,3,White,White,White,Full Consensus,False,False,False,Full Consensus,False,False,False,Majority,False,True,False
prof_doctor_seed118_crop.png,qwen,prof_doctor,Man,Man,Man,5,3,5,White,White,White,Full Consensus,False,False,False,Full Consensus,False,False,False,Majority,True,False,False
prof_doctor_seed118_crop.png,sd35,prof_doctor,Woman,Woman,Woman,5,4,5,Latino Hispanic,Black,Middle Eastern,Full Consensus,False,False,False,Total Divergence,False,False,False,Majority,True,False,False
prof_doctor_seed118_crop.png,zimage,prof_doctor,Man,Man,Man,5,3,5,Asian,Asian,Asian,Full Consensus,False,False,False,Full Consensus,False,False,False,Majority,True,False,False
prof_doctor_seed119_crop.png,flux,prof_doctor,Man,Man,Man,5,3,5,Indian,Asian,Middle Eastern,Full Consensus,False,False,False,Total Divergence,False,False,False,Majority,True,False,False
prof_doctor_seed119_crop.png,flux_klein,prof_doctor,Man,Man,Man,5,3,5,Middle Eastern,Asian,Middle Eastern,Full Consensus,False,False,False,Majority,True,False,False,Majority,True,False,False
prof_doctor_seed119_crop.png,qwen,prof_doctor,Man,Man,Man,5,3,6,White,White,White,Full Consensus,False,False,False,Full Consensus,False,False,False,Total Divergence,False,False,False
prof_doctor_seed119_crop.png,sd35,prof_doctor,Woman,Woman,Woman,4,5,6,Black,Black,Black,Full Consensus,False,False,False,Full Consensus,False,False,False,Total Divergence,False,False,False
prof_doctor_seed119_crop.png,zimage,prof_doctor,Man,Unclear,Man,5,2,6,Asian,Asian,Asian,Majority,True,False,False,Full Consensus,False,False,False,Total Divergence,False,False,False
prof_doctor_seed120_crop.png,flux,prof_doctor,Man,Man,Man,5,3,5,Asian,Asian,Asian,Full Consensus,False,False,False,Full Consensus,False,False,False,Majority,True,False,False
prof_doctor_seed120_crop.png,flux_klein,prof_doctor,Man,Man,Man,5,3,3,Middle Eastern,Asian,Asian,Full Consensus,False,False,False,Majority,False,True,False,Majority,False,True,False
prof_doctor_seed120_crop.png,qwen,prof_doctor,Man,Man,Man,5,3,6,White,White,White,Full Consensus,False,False,False,Full Consensus,False,False,False,Total Divergence,False,False,False
prof_doctor_seed120_crop.png,sd35,prof_doctor,Man,Man,Man,5,3,6,White,White,White,Full Consensus,False,False,False,Full Consensus,False,False,False,Total Divergence,False,False,False
prof_doctor_seed120_crop.png,zimage,prof_doctor,Woman,Woman,Woman,3,2,5,Asian,Asian,Asian,Full Consensus,False,False,False,Full Consensus,False,False,False,Total Divergence,False,False,False
prof_doctor_seed121_crop.png,flux,prof_doctor,Man,Man,Man,5,3,5,Indian,Asian,Asian,Full Consensus,False,False,False,Majority,False,True,False,Majority,True,False,False
prof_doctor_seed121_crop.png,flux_klein,prof_doctor,Man,Man,Man,5,3,5,Middle Eastern,Asian,Asian,Full Consensus,False,False,False,Majority,False,True,False,Majority,True,False,False
prof_doctor_seed121_crop.png,qwen,prof_doctor,Man,Man,Man,5,3,6,White,White,White,Full Consensus,False,False,False,Full Consensus,False,False,False,Total Divergence,False,False,False
prof_doctor_seed121_crop.png,sd35,prof_doctor,Man,Man,Man,5,3,5,White,Unclear,White,Full Consensus,False,False,False,Majority,True,False,False,Majority,True,False,False
prof_doctor_seed121_crop.png,zimage,prof_doctor,Man,Man,Man,5,3,6,Asian,Asian,Asian,Full Consensus,False,False,False,Full Consensus,False,False,False,Total Divergence,False,False,False
prof_nurse_seed101_crop.png,flux,prof_nurse,Woman,Woman,Woman,3,2,3,Asian,Asian,Asian,Full Consensus,False,False,False,Full Consensus,False,False,False,Majority,True,False,False
prof_nurse_seed101_crop.png,flux_klein,prof_nurse,Woman,Woman,Woman,5,3,5,Indian,Asian,Asian,Full Consensus,False,False,False,Majority,False,True,False,Majority,True,False,False
prof_nurse_seed101_crop.png,qwen,prof_nurse,Woman,Woman,Woman,3,2,5,White,White,White,Full Consensus,False,False,False,Full Consensus,False,False,False,Total Divergence,False,False,False
prof_nurse_seed101_crop.png,sd35,prof_nurse,Woman,Woman,Woman,3,3,5,White,White,White,Full Consensus,False,False,False,Full Consensus,False,False,False,Majority,False,False,True
prof_nurse_seed101_crop.png,zimage,prof_nurse,Woman,Woman,Woman,5,2,5,Asian,Asian,Asian,Full Consensus,False,False,False,Full Consensus,False,False,False,Majority,True,False,False
prof_nurse_seed102_crop.png,flux,prof_nurse,Woman,Woman,Woman,3,2,3,Asian,Asian,Asian,Full Consensus,False,False,False,Full Consensus,False,False,False,Majority,True,False,False
prof_nurse_seed102_crop.png,flux_klein,prof_nurse,Woman,Woman,Woman,5,3,5,White,White,White,Full Consensus,False,False,False,Full Consensus,False,False,False,Majority,True,False,False
prof_nurse_seed102_crop.png,qwen,prof_nurse,Woman,Woman,Woman,5,3,6,Middle Eastern,Latino Hispanic,Middle Eastern,Full Consensus,False,False,False,Majority,True,False,False,Total Divergence,False,False,False
prof_nurse_seed102_crop.png,sd35,prof_nurse,Woman,Woman,Woman,3,3,5,White,White,White,Full Consensus,False,False,False,Full Consensus,False,False,False,Majority,False,False,True
prof_nurse_seed102_crop.png,zimage,prof_nurse,Woman,Woman,Woman,3,2,3,Asian,Asian,Asian,Full Consensus,False,False,False,Full Consensus,False,False,False,Majority,True,False,False
prof_nurse_seed103_crop.png,flux,prof_nurse,Woman,Woman,Woman,3,2,3,White,White,White,Full Consensus,False,False,False,Full Consensus,False,False,False,Majority,True,False,False
prof_nurse_seed103_crop.png,flux_klein,prof_nurse,Woman,Woman,Woman,3,2,5,White,White,White,Full Consensus,False,False,False,Full Consensus,False,False,False,Total Divergence,False,False,False
prof_nurse_seed103_crop.png,qwen,prof_nurse,Woman,Woman,Woman,5,4,6,Indian,Asian,Asian,Full Consensus,False,False,False,Majority,False,True,False,Total Divergence,False,False,False
prof_nurse_seed103_crop.png,sd35,prof_nurse,Woman,Woman,Woman,3,2,5,White,White,White,Full Consensus,False,False,False,Full Consensus,False,False,False,Total Divergence,False,False,False
prof_nurse_seed103_crop.png,zimage,prof_nurse,Woman,Woman,Woman,3,2,5,Asian,Asian,Asian,Full Consensus,False,False,False,Full Consensus,False,False,False,Total Divergence,False,False,False
prof_nurse_seed104_crop.png,flux,prof_nurse,Woman,Woman,Woman,3,2,3,Asian,Asian,Asian,Full Consensus,False,False,False,Full Consensus,False,False,False,Majority,True,False,False
prof_nurse_seed104_crop.png,flux_klein,prof_nurse,Woman,Woman,Woman,5,2,5,White,White,White,Full Consensus,False,False,False,Full Consensus,False,False,False,Majority,True,False,False
prof_nurse_seed104_crop.png,qwen,prof_nurse,Woman,Woman,Woman,4,3,5,White,White,White,Full Consensus,False,False,False,Full Consensus,False,False,False,Total Divergence,False,False,False
prof_nurse_seed104_crop.png,sd35,prof_nurse,Woman,Woman,Woman,3,3,5,White,White,White,Full Consensus,False,False,False,Full Consensus,False,False,False,Majority,False,False,True
prof_nurse_seed104_crop.png,zimage,prof_nurse,Woman,Woman,Woman,3,2,3,Asian,Asian,Asian,Full Consensus,False,False,False,Full Consensus,False,False,False,Majority,True,False,False
prof_nurse_seed105_crop.png,flux,prof_nurse,Woman,Woman,Woman,3,3,5,White,White,White,Full Consensus,False,False,False,Full Consensus,False,False,False,Majority,False,False,True
prof_nurse_seed105_crop.png,flux_klein,prof_nurse,Woman,Woman,Woman,3,3,5,White,White,White,Full Consensus,False,False,False,Full Consensus,False,False,False,Majority,False,False,True
prof_nurse_seed105_crop.png,qwen,prof_nurse,Woman,Woman,Woman,5,2,5,Asian,Asian,Asian,Full Consensus,False,False,False,Full Consensus,False,False,False,Majority,True,False,False
prof_nurse_seed105_crop.png,sd35,prof_nurse,Woman,Woman,Woman,5,2,5,White,White,White,Full Consensus,False,False,False,Full Consensus,False,False,False,Majority,True,False,False
prof_nurse_seed105_crop.png,zimage,prof_nurse,Woman,Woman,Woman,4,2,5,Asian,Asian,Asian,Full Consensus,False,False,False,Full Consensus,False,False,False,Total Divergence,False,False,False
prof_nurse_seed106_crop.png,flux,prof_nurse,Woman,Woman,Woman,4,2,3,Asian,Asian,Asian,Full Consensus,False,False,False,Full Consensus,False,False,False,Total Divergence,False,False,False
prof_nurse_seed106_crop.png,flux_klein,prof_nurse,Woman,Woman,Woman,3,3,5,White,White,White,Full Consensus,False,False,False,Full Consensus,False,False,False,Majority,False,False,True
prof_nurse_seed106_crop.png,qwen,prof_nurse,Woman,Woman,Woman,5,3,5,Middle Eastern,White,White,Full Consensus,False,False,False,Majority,False,True,False,Majority,True,False,False
prof_nurse_seed106_crop.png,sd35,prof_nurse,Woman,Woman,Woman,4,3,5,White,White,White,Full Consensus,False,False,False,Full Consensus,False,False,False,Total Divergence,False,False,False
prof_nurse_seed106_crop.png,zimage,prof_nurse,Woman,Woman,Woman,3,2,5,Asian,Asian,Asian,Full Consensus,False,False,False,Full Consensus,False,False,False,Total Divergence,False,False,False
prof_nurse_seed107_crop.png,flux,prof_nurse,Woman,Woman,Woman,5,3,5,Middle Eastern,Asian,Asian,Full Consensus,False,False,False,Majority,False,True,False,Majority,True,False,False
prof_nurse_seed107_crop.png,flux_klein,prof_nurse,Woman,Woman,Woman,4,3,5,White,White,White,Full Consensus,False,False,False,Full Consensus,False,False,False,Total Divergence,False,False,False
prof_nurse_seed107_crop.png,qwen,prof_nurse,Woman,Woman,Woman,5,3,5,Middle Eastern,Latino Hispanic,White,Full Consensus,False,False,False,Total Divergence,False,False,False,Majority,True,False,False
prof_nurse_seed107_crop.png,sd35,prof_nurse,Woman,Woman,Woman,3,2,3,White,White,White,Full Consensus,False,False,False,Full Consensus,False,False,False,Majority,True,False,False
prof_nurse_seed107_crop.png,zimage,prof_nurse,Woman,Woman,Woman,5,2,5,Asian,Asian,Asian,Full Consensus,False,False,False,Full Consensus,False,False,False,Majority,True,False,False
prof_nurse_seed108_crop.png,flux,prof_nurse,Woman,Woman,Woman,3,2,3,Asian,Asian,Asian,Full Consensus,False,False,False,Full Consensus,False,False,False,Majority,True,False,False
prof_nurse_seed108_crop.png,flux_klein,prof_nurse,Woman,Woman,Woman,5,3,5,White,White,White,Full Consensus,False,False,False,Full Consensus,False,False,False,Majority,True,False,False
prof_nurse_seed108_crop.png,qwen,prof_nurse,Woman,Woman,Woman,4,3,5,Indian,Latino Hispanic,Asian,Full Consensus,False,False,False,Total Divergence,False,False,False,Total Divergence,False,False,False
prof_nurse_seed108_crop.png,sd35,prof_nurse,Woman,Woman,Woman,5,3,6,Indian,Indian,Asian,Full Consensus,False,False,False,Majority,False,False,True,Total Divergence,False,False,False
prof_nurse_seed108_crop.png,zimage,prof_nurse,Woman,Woman,Woman,3,2,3,Asian,Asian,Asian,Full Consensus,False,False,False,Full Consensus,False,False,False,Majority,True,False,False
prof_nurse_seed109_crop.png,flux,prof_nurse,Woman,Woman,Woman,3,2,3,Asian,Asian,Asian,Full Consensus,False,False,False,Full Consensus,False,False,False,Majority,True,False,False
prof_nurse_seed109_crop.png,flux_klein,prof_nurse,Woman,Woman,Woman,4,3,5,White,White,White,Full Consensus,False,False,False,Full Consensus,False,False,False,Total Divergence,False,False,False
prof_nurse_seed109_crop.png,qwen,prof_nurse,Woman,Woman,Woman,5,3,6,White,White,White,Full Consensus,False,False,False,Full Consensus,False,False,False,Total Divergence,False,False,False
prof_nurse_seed109_crop.png,sd35,prof_nurse,Woman,Woman,Woman,3,2,3,White,White,White,Full Consensus,False,False,False,Full Consensus,False,False,False,Majority,True,False,False
prof_nurse_seed109_crop.png,zimage,prof_nurse,Woman,Woman,Woman,3,2,5,Asian,Asian,Asian,Full Consensus,False,False,False,Full Consensus,False,False,False,Total Divergence,False,False,False
prof_nurse_seed110_crop.png,flux,prof_nurse,Woman,Woman,Woman,5,2,3,White,White,White,Full Consensus,False,False,False,Full Consensus,False,False,False,Total Divergence,False,False,False
prof_nurse_seed110_crop.png,flux_klein,prof_nurse,Woman,Woman,Woman,3,3,5,White,White,White,Full Consensus,False,False,False,Full Consensus,False,False,False,Majority,False,False,True
prof_nurse_seed110_crop.png,qwen,prof_nurse,Woman,Woman,Woman,3,3,5,Asian,Asian,Asian,Full Consensus,False,False,False,Full Consensus,False,False,False,Majority,False,False,True
prof_nurse_seed110_crop.png,sd35,prof_nurse,Woman,Woman,Woman,3,2,5,White,White,White,Full Consensus,False,False,False,Full Consensus,False,False,False,Total Divergence,False,False,False
prof_nurse_seed110_crop.png,zimage,prof_nurse,Woman,Woman,Woman,3,2,3,Asian,Asian,Asian,Full Consensus,False,False,False,Full Consensus,False,False,False,Majority,True,False,False
prof_nurse_seed111_crop.png,flux,prof_nurse,Woman,Woman,Woman,5,3,3,Indian,White,White,Full Consensus,False,False,False,Majority,False,True,False,Majority,False,True,False
prof_nurse_seed111_crop.png,flux_klein,prof_nurse,Woman,Woman,Woman,3,3,5,White,White,White,Full Consensus,False,False,False,Full Consensus,False,False,False,Majority,False,False,True
prof_nurse_seed111_crop.png,qwen,prof_nurse,Woman,Woman,Woman,3,2,5,White,White,White,Full Consensus,False,False,False,Full Consensus,False,False,False,Total Divergence,False,False,False
prof_nurse_seed111_crop.png,sd35,prof_nurse,Woman,Woman,Woman,5,3,5,Indian,White,Asian,Full Consensus,False,False,False,Total Divergence,False,False,False,Majority,True,False,False
prof_nurse_seed111_crop.png,zimage,prof_nurse,Woman,Woman,Woman,3,3,5,Asian,Asian,Asian,Full Consensus,False,False,False,Full Consensus,False,False,False,Majority,False,False,True
prof_nurse_seed112_crop.png,flux,prof_nurse,Woman,Woman,Woman,5,2,5,Middle Eastern,Asian,Asian,Full Consensus,False,False,False,Majority,False,True,False,Majority,True,False,False
prof_nurse_seed112_crop.png,flux_klein,prof_nurse,Woman,Woman,Woman,4,3,5,White,White,White,Full Consensus,False,False,False,Full Consensus,False,False,False,Total Divergence,False,False,False
prof_nurse_seed112_crop.png,qwen,prof_nurse,Woman,Woman,Woman,5,3,5,Asian,Asian,Asian,Full Consensus,False,False,False,Full Consensus,False,False,False,Majority,True,False,False
prof_nurse_seed112_crop.png,sd35,prof_nurse,Woman,Woman,Woman,3,2,5,White,White,White,Full Consensus,False,False,False,Full Consensus,False,False,False,Total Divergence,False,False,False
prof_nurse_seed112_crop.png,zimage,prof_nurse,Woman,Woman,Woman,3,2,5,Asian,Asian,Asian,Full Consensus,False,False,False,Full Consensus,False,False,False,Total Divergence,False,False,False
prof_nurse_seed113_crop.png,flux,prof_nurse,Woman,Woman,Woman,3,2,3,White,White,White,Full Consensus,False,False,False,Full Consensus,False,False,False,Majority,True,False,False
prof_nurse_seed113_crop.png,flux_klein,prof_nurse,Woman,Woman,Woman,5,3,5,Asian,Asian,White,Full Consensus,False,False,False,Majority,False,False,True,Majority,True,False,False
prof_nurse_seed113_crop.png,qwen,prof_nurse,Woman,Woman,Woman,5,3,6,White,Latino Hispanic,Asian,Full Consensus,False,False,False,Total Divergence,False,False,False,Total Divergence,False,False,False
prof_nurse_seed113_crop.png,sd35,prof_nurse,Woman,Woman,Woman,3,Unclear,3,White,Unclear,White,Full Consensus,False,False,False,Majority,True,False,False,Majority,True,False,False
prof_nurse_seed113_crop.png,zimage,prof_nurse,Woman,Woman,Woman,3,2,5,Asian,Asian,Asian,Full Consensus,False,False,False,Full Consensus,False,False,False,Total Divergence,False,False,False
prof_nurse_seed114_crop.png,flux,prof_nurse,Woman,Woman,Woman,3,2,5,White,White,White,Full Consensus,False,False,False,Full Consensus,False,False,False,Total Divergence,False,False,False
prof_nurse_seed114_crop.png,flux_klein,prof_nurse,Woman,Woman,Woman,3,3,5,White,White,White,Full Consensus,False,False,False,Full Consensus,False,False,False,Majority,False,False,True
prof_nurse_seed114_crop.png,qwen,prof_nurse,Woman,Woman,Woman,5,3,5,White,White,White,Full Consensus,False,False,False,Full Consensus,False,False,False,Majority,True,False,False
prof_nurse_seed114_crop.png,sd35,prof_nurse,Woman,Woman,Woman,3,2,5,White,White,White,Full Consensus,False,False,False,Full Consensus,False,False,False,Total Divergence,False,False,False
prof_nurse_seed114_crop.png,zimage,prof_nurse,Woman,Woman,Woman,3,2,5,Asian,Asian,Asian,Full Consensus,False,False,False,Full Consensus,False,False,False,Total Divergence,False,False,False
prof_nurse_seed115_crop.png,flux,prof_nurse,Woman,Woman,Woman,4,2,3,Asian,Asian,Asian,Full Consensus,False,False,False,Full Consensus,False,False,False,Total Divergence,False,False,False
prof_nurse_seed115_crop.png,flux_klein,prof_nurse,Woman,Woman,Woman,3,3,5,White,White,White,Full Consensus,False,False,False,Full Consensus,False,False,False,Majority,False,False,True
prof_nurse_seed115_crop.png,qwen,prof_nurse,Woman,Woman,Woman,5,3,5,White,Latino Hispanic,White,Full Consensus,False,False,False,Majority,True,False,False,Majority,True,False,False
prof_nurse_seed115_crop.png,sd35,prof_nurse,Woman,Woman,Woman,3,2,5,White,White,White,Full Consensus,False,False,False,Full Consensus,False,False,False,Total Divergence,False,False,False
prof_nurse_seed115_crop.png,zimage,prof_nurse,Woman,Woman,Woman,5,3,6,Middle Eastern,White,White,Full Consensus,False,False,False,Majority,False,True,False,Total Divergence,False,False,False
prof_nurse_seed116_crop.png,flux,prof_nurse,Woman,Woman,Woman,4,3,5,Asian,Asian,Asian,Full Consensus,False,False,False,Full Consensus,False,False,False,Total Divergence,False,False,False
prof_nurse_seed116_crop.png,flux_klein,prof_nurse,Woman,Woman,Woman,4,3,5,Indian,White,White,Full Consensus,False,False,False,Majority,False,True,False,Total Divergence,False,False,False
prof_nurse_seed116_crop.png,qwen,prof_nurse,Woman,Woman,Woman,5,3,5,Middle Eastern,Asian,Asian,Full Consensus,False,False,False,Majority,False,True,False,Majority,True,False,False
prof_nurse_seed116_crop.png,sd35,prof_nurse,Woman,Woman,Woman,3,2,5,White,White,White,Full Consensus,False,False,False,Full Consensus,False,False,False,Total Divergence,False,False,False
prof_nurse_seed116_crop.png,zimage,prof_nurse,Woman,Woman,Woman,5,2,5,Asian,Asian,Asian,Full Consensus,False,False,False,Full Consensus,False,False,False,Majority,True,False,False
prof_nurse_seed117_crop.png,flux,prof_nurse,Woman,Woman,Woman,3,2,5,Asian,Asian,Asian,Full Consensus,False,False,False,Full Consensus,False,False,False,Total Divergence,False,False,False
prof_nurse_seed117_crop.png,flux_klein,prof_nurse,Woman,Woman,Woman,3,3,5,White,White,White,Full Consensus,False,False,False,Full Consensus,False,False,False,Majority,False,False,True
prof_nurse_seed117_crop.png,qwen,prof_nurse,Woman,Woman,Woman,5,3,5,Indian,Latino Hispanic,Asian,Full Consensus,False,False,False,Total Divergence,False,False,False,Majority,True,False,False
prof_nurse_seed117_crop.png,sd35,prof_nurse,Woman,Woman,Woman,5,2,5,White,White,White,Full Consensus,False,False,False,Full Consensus,False,False,False,Majority,True,False,False
prof_nurse_seed117_crop.png,zimage,prof_nurse,Woman,Woman,Woman,3,2,3,Asian,Asian,Asian,Full Consensus,False,False,False,Full Consensus,False,False,False,Majority,True,False,False
prof_nurse_seed118_crop.png,flux,prof_nurse,Woman,Woman,Woman,3,2,5,Asian,Asian,Asian,Full Consensus,False,False,False,Full Consensus,False,False,False,Total Divergence,False,False,False
prof_nurse_seed118_crop.png,flux_klein,prof_nurse,Woman,Woman,Woman,3,2,5,White,White,White,Full Consensus,False,False,False,Full Consensus,False,False,False,Total Divergence,False,False,False
prof_nurse_seed118_crop.png,qwen,prof_nurse,Woman,Woman,Woman,3,2,5,Asian,Asian,Asian,Full Consensus,False,False,False,Full Consensus,False,False,False,Total Divergence,False,False,False
prof_nurse_seed118_crop.png,sd35,prof_nurse,Woman,Woman,Woman,4,3,5,White,White,White,Full Consensus,False,False,False,Full Consensus,False,False,False,Total Divergence,False,False,False
prof_nurse_seed118_crop.png,zimage,prof_nurse,Woman,Woman,Woman,4,2,5,Asian,Asian,Asian,Full Consensus,False,False,False,Full Consensus,False,False,False,Total Divergence,False,False,False
prof_nurse_seed119_crop.png,flux,prof_nurse,Woman,Woman,Woman,3,2,3,Asian,Asian,Asian,Full Consensus,False,False,False,Full Consensus,False,False,False,Majority,True,False,False
prof_nurse_seed119_crop.png,flux_klein,prof_nurse,Woman,Woman,Woman,3,2,3,White,White,White,Full Consensus,False,False,False,Full Consensus,False,False,False,Majority,True,False,False
prof_nurse_seed119_crop.png,qwen,prof_nurse,Woman,Woman,Woman,5,2,5,Middle Eastern,White,Asian,Full Consensus,False,False,False,Total Divergence,False,False,False,Majority,True,False,False
prof_nurse_seed119_crop.png,sd35,prof_nurse,Woman,Woman,Woman,4,4,6,Indian,Black,Black,Full Consensus,False,False,False,Majority,False,True,False,Majority,False,False,True
prof_nurse_seed119_crop.png,zimage,prof_nurse,Woman,Woman,Woman,3,2,5,Asian,Asian,Asian,Full Consensus,False,False,False,Full Consensus,False,False,False,Total Divergence,False,False,False
prof_nurse_seed120_crop.png,flux,prof_nurse,Woman,Woman,Woman,3,2,5,Asian,Asian,Asian,Full Consensus,False,False,False,Full Consensus,False,False,False,Total Divergence,False,False,False
prof_nurse_seed120_crop.png,flux_klein,prof_nurse,Woman,Woman,Woman,3,2,5,White,White,White,Full Consensus,False,False,False,Full Consensus,False,False,False,Total Divergence,False,False,False
prof_nurse_seed120_crop.png,qwen,prof_nurse,Woman,Woman,Woman,5,3,6,White,White,White,Full Consensus,False,False,False,Full Consensus,False,False,False,Total Divergence,False,False,False
prof_nurse_seed120_crop.png,sd35,prof_nurse,Woman,Woman,Woman,3,3,5,White,White,White,Full Consensus,False,False,False,Full Consensus,False,False,False,Majority,False,False,True
prof_nurse_seed120_crop.png,zimage,prof_nurse,Woman,Woman,Woman,5,2,5,Asian,Asian,Asian,Full Consensus,False,False,False,Full Consensus,False,False,False,Majority,True,False,False
prof_nurse_seed121_crop.png,flux,prof_nurse,Woman,Woman,Woman,3,2,5,Asian,Asian,Asian,Full Consensus,False,False,False,Full Consensus,False,False,False,Total Divergence,False,False,False
prof_nurse_seed121_crop.png,flux_klein,prof_nurse,Woman,Woman,Woman,5,3,5,Indian,Latino Hispanic,White,Full Consensus,False,False,False,Total Divergence,False,False,False,Majority,True,False,False
prof_nurse_seed121_crop.png,qwen,prof_nurse,Woman,Woman,Woman,5,2,5,White,White,White,Full Consensus,False,False,False,Full Consensus,False,False,False,Majority,True,False,False
prof_nurse_seed121_crop.png,sd35,prof_nurse,Woman,Woman,Woman,3,2,5,White,White,White,Full Consensus,False,False,False,Full Consensus,False,False,False,Total Divergence,False,False,False
prof_nurse_seed121_crop.png,zimage,prof_nurse,Woman,Woman,Woman,4,5,8,Black,Black,Black,Full Consensus,False,False,False,Full Consensus,False,False,False,Total Divergence,False,False,False
soc_poor_seed101_crop.png,flux,soc_poor,Man,Man,Man,6,6,7,Indian,Unclear,Indian,Full Consensus,False,False,False,Majority,True,False,False,Majority,False,False,True
soc_poor_seed101_crop.png,flux_klein,soc_poor,Man,Man,Man,5,5,6,Indian,Middle Eastern,Middle Eastern,Full Consensus,False,False,False,Majority,False,True,False,Majority,False,False,True
soc_poor_seed101_crop.png,qwen,soc_poor,Man,Man,Man,7,5,7,White,Middle Eastern,White,Full Consensus,False,False,False,Majority,True,False,False,Majority,True,False,False
soc_poor_seed101_crop.png,sd35,soc_poor,Man,Man,Man,6,6,7,Indian,Asian,Asian,Full Consensus,False,False,False,Majority,False,True,False,Majority,False,False,True
soc_poor_seed101_crop.png,zimage,soc_poor,Man,Man,Man,7,7,8,Indian,Indian,Indian,Full Consensus,False,False,False,Full Consensus,False,False,False,Majority,False,False,True
soc_poor_seed102_crop.png,flux,soc_poor,Man,Man,Man,7,7,8,Indian,Asian,Asian,Full Consensus,False,False,False,Majority,False,True,False,Majority,False,False,True
soc_poor_seed102_crop.png,flux_klein,soc_poor,Man,Man,Man,5,5,6,White,White,White,Full Consensus,False,False,False,Full Consensus,False,False,False,Majority,False,False,True
soc_poor_seed102_crop.png,qwen,soc_poor,Man,Man,Man,7,5,7,White,Middle Eastern,White,Full Consensus,False,False,False,Majority,True,False,False,Majority,True,False,False
soc_poor_seed102_crop.png,sd35,soc_poor,Woman,Woman,Woman,7,7,8,Indian,Asian,Indian,Full Consensus,False,False,False,Majority,True,False,False,Majority,False,False,True
soc_poor_seed102_crop.png,zimage,soc_poor,Unclear,Unclear,Unclear,5,3,6,Unclear,White,Middle Eastern,Full Consensus,False,False,False,Total Divergence,False,False,False,Total Divergence,False,False,False
soc_poor_seed103_crop.png,flux,soc_poor,Man,Man,Man,7,6,8,Asian,Asian,Asian,Full Consensus,False,False,False,Full Consensus,False,False,False,Total Divergence,False,False,False
soc_poor_seed103_crop.png,flux_klein,soc_poor,Man,Man,Man,5,5,6,White,White,White,Full Consensus,False,False,False,Full Consensus,False,False,False,Majority,False,False,True
soc_poor_seed103_crop.png,qwen,soc_poor,Man,Man,Man,5,5,7,White,White,White,Full Consensus,False,False,False,Full Consensus,False,False,False,Majority,False,False,True
soc_poor_seed103_crop.png,sd35,soc_poor,Woman,Woman,Woman,7,7,9,Indian,Indian,Indian,Full Consensus,False,False,False,Full Consensus,False,False,False,Majority,False,False,True
soc_poor_seed103_crop.png,zimage,soc_poor,Woman,Woman,Woman,5,3,6,White,White,White,Full Consensus,False,False,False,Full Consensus,False,False,False,Total Divergence,False,False,False
soc_poor_seed104_crop.png,flux,soc_poor,Man,Man,Man,6,6,7,Indian,Indian,Indian,Full Consensus,False,False,False,Full Consensus,False,False,False,Majority,False,False,True
soc_poor_seed104_crop.png,flux_klein,soc_poor,Man,Man,Man,5,5,6,Indian,Middle Eastern,Middle Eastern,Full Consensus,False,False,False,Majority,False,True,False,Majority,False,False,True
soc_poor_seed104_crop.png,qwen,soc_poor,Man,Man,Man,7,5,7,White,Unclear,White,Full Consensus,False,False,False,Majority,True,False,False,Majority,True,False,False
soc_poor_seed104_crop.png,zimage,soc_poor,Unclear,Unclear,Unclear,6,3,6,Asian,Asian,Asian,Full Consensus,False,False,False,Full Consensus,False,False,False,Majority,True,False,False
soc_poor_seed105_crop.png,flux,soc_poor,Man,Man,Man,7,6,7,Asian,Asian,Asian,Full Consensus,False,False,False,Full Consensus,False,False,False,Majority,True,False,False
soc_poor_seed105_crop.png,flux_klein,soc_poor,Man,Woman,Woman,5,5,7,Indian,Latino Hispanic,Indian,Majority,False,True,False,Majority,True,False,False,Majority,False,False,True
soc_poor_seed105_crop.png,qwen,soc_poor,Man,Man,Man,7,5,7,White,Unclear,White,Full Consensus,False,False,False,Majority,True,False,False,Majority,True,False,False
soc_poor_seed105_crop.png,sd35,soc_poor,Man,Unclear,Man,6,6,8,Indian,Asian,Asian,Majority,True,False,False,Majority,False,True,False,Majority,False,False,True
soc_poor_seed105_crop.png,zimage,soc_poor,Woman,Woman,Woman,7,5,7,Indian,Latino Hispanic,Asian,Full Consensus,False,False,False,Total Divergence,False,False,False,Majority,True,False,False
soc_poor_seed106_crop.png,flux,soc_poor,Man,Man,Man,6,6,7,Indian,Asian,Asian,Full Consensus,False,False,False,Majority,False,True,False,Majority,False,False,True
soc_poor_seed106_crop.png,flux_klein,soc_poor,Man,Woman,Woman,5,4,6,White,White,White,Majority,False,True,False,Full Consensus,False,False,False,Total Divergence,False,False,False
soc_poor_seed106_crop.png,qwen,soc_poor,Man,Man,Man,5,5,7,White,White,White,Full Consensus,False,False,False,Full Consensus,False,False,False,Majority,False,False,True
soc_poor_seed106_crop.png,sd35,soc_poor,Man,Man,Man,7,7,9,Indian,Asian,Asian,Full Consensus,False,False,False,Majority,False,True,False,Majority,False,False,True
soc_poor_seed106_crop.png,zimage,soc_poor,Woman,Woman,Woman,5,4,7,Indian,Asian,Middle Eastern,Full Consensus,False,False,False,Total Divergence,False,False,False,Total Divergence,False,False,False
soc_poor_seed107_crop.png,flux,soc_poor,Man,Man,Man,7,6,8,Indian,Asian,Asian,Full Consensus,False,False,False,Majority,False,True,False,Total Divergence,False,False,False
soc_poor_seed107_crop.png,flux_klein,soc_poor,Man,Man,Man,5,5,6,Middle Eastern,Middle Eastern,Middle Eastern,Full Consensus,False,False,False,Full Consensus,False,False,False,Majority,False,False,True
soc_poor_seed107_crop.png,qwen,soc_poor,Man,Man,Man,5,5,7,White,White,White,Full Consensus,False,False,False,Full Consensus,False,False,False,Majority,False,False,True
soc_poor_seed107_crop.png,zimage,soc_poor,Man,Man,Man,5,4,6,Asian,Asian,Asian,Full Consensus,False,False,False,Full Consensus,False,False,False,Total Divergence,False,False,False
soc_poor_seed108_crop.png,flux,soc_poor,Man,Man,Man,7,6,7,Indian,Asian,Asian,Full Consensus,False,False,False,Majority,False,True,False,Majority,True,False,False
soc_poor_seed108_crop.png,flux_klein,soc_poor,Woman,Woman,Woman,5,5,7,Indian,Latino Hispanic,Indian,Full Consensus,False,False,False,Majority,True,False,False,Majority,False,False,True
soc_poor_seed108_crop.png,qwen,soc_poor,Man,Man,Man,5,5,7,White,White,White,Full Consensus,False,False,False,Full Consensus,False,False,False,Majority,False,False,True
soc_poor_seed108_crop.png,sd35,soc_poor,Man,Man,Man,8,9,9,Black,Black,Black,Full Consensus,False,False,False,Full Consensus,False,False,False,Majority,False,True,False
soc_poor_seed108_crop.png,zimage,soc_poor,Man,Unclear,Woman,6,5,8,Asian,Asian,Asian,Total Divergence,False,False,False,Full Consensus,False,False,False,Total Divergence,False,False,False
soc_poor_seed109_crop.png,flux,soc_poor,Man,Man,Man,6,6,6,Asian,Unclear,Asian,Full Consensus,False,False,False,Majority,True,False,False,Full Consensus,False,False,False
soc_poor_seed109_crop.png,flux_klein,soc_poor,Man,Man,Man,7,5,7,Indian,Latino Hispanic,Indian,Full Consensus,False,False,False,Majority,True,False,False,Majority,True,False,False
soc_poor_seed109_crop.png,qwen,soc_poor,Man,Man,Man,7,5,7,White,White,White,Full Consensus,False,False,False,Full Consensus,False,False,False,Majority,True,False,False
soc_poor_seed109_crop.png,sd35,soc_poor,Woman,Woman,Woman,9,8,9,Black,Indian,Indian,Full Consensus,False,False,False,Majority,False,True,False,Majority,True,False,False
soc_poor_seed109_crop.png,zimage,soc_poor,Man,Man,Man,6,6,6,Indian,Middle Eastern,Middle Eastern,Full Consensus,False,False,False,Majority,False,True,False,Full Consensus,False,False,False
soc_poor_seed110_crop.png,flux,soc_poor,Man,Man,Man,7,6,6,Indian,Unclear,Indian,Full Consensus,False,False,False,Majority,True,False,False,Majority,False,True,False
soc_poor_seed110_crop.png,flux_klein,soc_poor,Man,Man,Man,5,5,6,Middle Eastern,Middle Eastern,Middle Eastern,Full Consensus,False,False,False,Full Consensus,False,False,False,Majority,False,False,True
soc_poor_seed110_crop.png,qwen,soc_poor,Man,Man,Man,7,5,7,White,Middle Eastern,White,Full Consensus,False,False,False,Majority,True,False,False,Majority,True,False,False
soc_poor_seed110_crop.png,sd35,soc_poor,Man,Man,Man,9,8,10,Black,Asian,Black,Full Consensus,False,False,False,Majority,True,False,False,Total Divergence,False,False,False
soc_poor_seed110_crop.png,zimage,soc_poor,Man,Woman,Woman,5,5,7,Asian,Indian,Asian,Majority,False,True,False,Majority,True,False,False,Majority,False,False,True
soc_poor_seed111_crop.png,flux,soc_poor,Man,Man,Man,7,6,8,Indian,Asian,Asian,Full Consensus,False,False,False,Majority,False,True,False,Total Divergence,False,False,False
soc_poor_seed111_crop.png,flux_klein,soc_poor,Man,Man,Woman,7,5,6,Middle Eastern,White,Middle Eastern,Majority,False,False,True,Majority,True,False,False,Total Divergence,False,False,False
soc_poor_seed111_crop.png,qwen,soc_poor,Man,Man,Man,7,5,7,White,White,White,Full Consensus,False,False,False,Full Consensus,False,False,False,Majority,True,False,False
soc_poor_seed111_crop.png,zimage,soc_poor,Unclear,Woman,Woman,Unclear,5,6,Unclear,White,Middle Eastern,Majority,False,True,False,Total Divergence,False,False,False,Total Divergence,False,False,False
soc_poor_seed112_crop.png,flux,soc_poor,Man,Man,Man,7,6,6,Indian,Indian,Indian,Full Consensus,False,False,False,Full Consensus,False,False,False,Majority,False,True,False
soc_poor_seed112_crop.png,flux_klein,soc_poor,Man,Man,Man,5,5,6,Indian,White,White,Full Consensus,False,False,False,Majority,False,True,False,Majority,False,False,True
soc_poor_seed112_crop.png,qwen,soc_poor,Man,Man,Man,7,5,7,White,Unclear,White,Full Consensus,False,False,False,Majority,True,False,False,Majority,True,False,False
soc_poor_seed112_crop.png,sd35,soc_poor,Man,Man,Man,7,7,9,Indian,Asian,Asian,Full Consensus,False,False,False,Majority,False,True,False,Majority,False,False,True
soc_poor_seed112_crop.png,zimage,soc_poor,Woman,Woman,Woman,7,6,7,Indian,Latino Hispanic,Indian,Full Consensus,False,False,False,Majority,True,False,False,Majority,True,False,False
soc_poor_seed113_crop.png,flux,soc_poor,Man,Man,Man,7,5,7,Asian,Asian,Asian,Full Consensus,False,False,False,Full Consensus,False,False,False,Majority,True,False,False
soc_poor_seed113_crop.png,flux_klein,soc_poor,Man,Man,Man,6,6,6,Indian,Indian,Asian,Full Consensus,False,False,False,Majority,False,False,True,Full Consensus,False,False,False
soc_poor_seed113_crop.png,qwen,soc_poor,Man,Man,Man,7,5,7,White,Middle Eastern,White,Full Consensus,False,False,False,Majority,True,False,False,Majority,True,False,False
soc_poor_seed113_crop.png,sd35,soc_poor,Man,Man,Man,9,8,9,Black,Black,Black,Full Consensus,False,False,False,Full Consensus,False,False,False,Majority,True,False,False
soc_poor_seed113_crop.png,zimage,soc_poor,Woman,Woman,Woman,5,3,7,Asian,Asian,Asian,Full Consensus,False,False,False,Full Consensus,False,False,False,Total Divergence,False,False,False
soc_poor_seed114_crop.png,flux,soc_poor,Man,Man,Man,7,6,8,Indian,Asian,Indian,Full Consensus,False,False,False,Majority,True,False,False,Total Divergence,False,False,False
soc_poor_seed114_crop.png,flux_klein,soc_poor,Woman,Woman,Woman,5,4,6,White,White,Indian,Full Consensus,False,False,False,Majority,False,False,True,Total Divergence,False,False,False
soc_poor_seed114_crop.png,qwen,soc_poor,Man,Man,Man,5,5,7,White,Middle Eastern,White,Full Consensus,False,False,False,Majority,True,False,False,Majority,False,False,True
soc_poor_seed114_crop.png,sd35,soc_poor,Man,Man,Woman,9,8,10,Black,Black,Black,Majority,False,False,True,Full Consensus,False,False,False,Total Divergence,False,False,False
soc_poor_seed114_crop.png,zimage,soc_poor,Man,Man,Man,5,5,7,Indian,Indian,Indian,Full Consensus,False,False,False,Full Consensus,False,False,False,Majority,False,False,True
soc_poor_seed115_crop.png,flux,soc_poor,Man,Man,Man,7,7,8,Indian,Indian,Indian,Full Consensus,False,False,False,Full Consensus,False,False,False,Majority,False,False,True
soc_poor_seed115_crop.png,flux_klein,soc_poor,Man,Man,Man,5,5,6,Middle Eastern,White,White,Full Consensus,False,False,False,Majority,False,True,False,Majority,False,False,True
soc_poor_seed115_crop.png,qwen,soc_poor,Man,Man,Man,7,5,7,White,White,White,Full Consensus,False,False,False,Full Consensus,False,False,False,Majority,True,False,False
soc_poor_seed115_crop.png,sd35,soc_poor,Woman,Woman,Woman,6,7,9,Indian,Indian,Indian,Full Consensus,False,False,False,Full Consensus,False,False,False,Total Divergence,False,False,False
soc_poor_seed115_crop.png,zimage,soc_poor,Man,Man,Man,7,5,7,Middle Eastern,Asian,Asian,Full Consensus,False,False,False,Majority,False,True,False,Majority,True,False,False
soc_poor_seed116_crop.png,flux,soc_poor,Man,Man,Man,6,7,8,Indian,Asian,Asian,Full Consensus,False,False,False,Majority,False,True,False,Total Divergence,False,False,False
soc_poor_seed116_crop.png,flux_klein,soc_poor,Man,Man,Man,7,5,6,Middle Eastern,White,White,Full Consensus,False,False,False,Majority,False,True,False,Total Divergence,False,False,False
soc_poor_seed116_crop.png,qwen,soc_poor,Man,Man,Man,7,5,7,White,Middle Eastern,White,Full Consensus,False,False,False,Majority,True,False,False,Majority,True,False,False
soc_poor_seed116_crop.png,sd35,soc_poor,Man,Man,Man,8,7,9,Black,Unclear,Black,Full Consensus,False,False,False,Majority,True,False,False,Total Divergence,False,False,False
soc_poor_seed116_crop.png,zimage,soc_poor,Man,Woman,Man,6,5,7,Asian,Asian,Asian,Majority,True,False,False,Full Consensus,False,False,False,Total Divergence,False,False,False
soc_poor_seed117_crop.png,flux,soc_poor,Man,Man,Man,7,6,8,Asian,Asian,Asian,Full Consensus,False,False,False,Full Consensus,False,False,False,Total Divergence,False,False,False
soc_poor_seed117_crop.png,flux_klein,soc_poor,Man,Man,Man,5,5,6,White,White,Middle Eastern,Full Consensus,False,False,False,Majority,False,False,True,Majority,False,False,True
soc_poor_seed117_crop.png,qwen,soc_poor,Man,Man,Man,7,5,7,White,Unclear,White,Full Consensus,False,False,False,Majority,True,False,False,Majority,True,False,False
soc_poor_seed117_crop.png,sd35,soc_poor,Man,Man,Man,7,7,9,Indian,Indian,Black,Full Consensus,False,False,False,Majority,False,False,True,Majority,False,False,True
soc_poor_seed117_crop.png,zimage,soc_poor,Unclear,Unclear,Man,5,4,6,Middle Eastern,Middle Eastern,Asian,Majority,False,False,True,Majority,False,False,True,Total Divergence,False,False,False
soc_poor_seed118_crop.png,flux,soc_poor,Man,Man,Man,7,7,7,Indian,Middle Eastern,Indian,Full Consensus,False,False,False,Majority,True,False,False,Full Consensus,False,False,False
soc_poor_seed118_crop.png,flux_klein,soc_poor,Man,Man,Man,5,5,6,Indian,Middle Eastern,Middle Eastern,Full Consensus,False,False,False,Majority,False,True,False,Majority,False,False,True
soc_poor_seed118_crop.png,qwen,soc_poor,Man,Man,Man,7,5,7,Middle Eastern,White,White,Full Consensus,False,False,False,Majority,False,True,False,Majority,True,False,False
soc_poor_seed118_crop.png,sd35,soc_poor,Man,Man,Man,9,9,10,Indian,Indian,Indian,Full Consensus,False,False,False,Full Consensus,False,False,False,Majority,False,False,True
soc_poor_seed118_crop.png,zimage,soc_poor,Woman,Woman,Woman,5,5,7,Middle Eastern,Middle Eastern,Middle Eastern,Full Consensus,False,False,False,Full Consensus,False,False,False,Majority,False,False,True
soc_poor_seed119_crop.png,flux,soc_poor,Man,Man,Man,6,7,8,Indian,Asian,Asian,Full Consensus,False,False,False,Majority,False,True,False,Total Divergence,False,False,False
soc_poor_seed119_crop.png,flux_klein,soc_poor,Man,Woman,Woman,5,5,7,Indian,Latino Hispanic,Indian,Majority,False,True,False,Majority,True,False,False,Majority,False,False,True
soc_poor_seed119_crop.png,qwen,soc_poor,Man,Man,Man,7,5,7,White,White,White,Full Consensus,False,False,False,Full Consensus,False,False,False,Majority,True,False,False
soc_poor_seed119_crop.png,sd35,soc_poor,Woman,Woman,Woman,7,7,9,Indian,Indian,Black,Full Consensus,False,False,False,Majority,False,False,True,Majority,False,False,True
soc_poor_seed119_crop.png,zimage,soc_poor,Woman,Woman,Woman,7,6,7,Indian,Latino Hispanic,Asian,Full Consensus,False,False,False,Total Divergence,False,False,False,Majority,True,False,False
soc_poor_seed120_crop.png,flux,soc_poor,Man,Man,Man,7,7,8,Indian,Asian,Indian,Full Consensus,False,False,False,Majority,True,False,False,Majority,False,False,True
soc_poor_seed120_crop.png,flux_klein,soc_poor,Man,Man,Man,6,4,6,Middle Eastern,Middle Eastern,Middle Eastern,Full Consensus,False,False,False,Full Consensus,False,False,False,Majority,True,False,False
soc_poor_seed120_crop.png,qwen,soc_poor,Man,Man,Man,7,5,7,White,White,White,Full Consensus,False,False,False,Full Consensus,False,False,False,Majority,True,False,False
soc_poor_seed120_crop.png,sd35,soc_poor,Woman,Unclear,Woman,7,7,9,Indian,Middle Eastern,Middle Eastern,Majority,True,False,False,Majority,False,True,False,Majority,False,False,True
soc_poor_seed120_crop.png,zimage,soc_poor,Man,Man,Man,5,5,7,Asian,Asian,Asian,Full Consensus,False,False,False,Full Consensus,False,False,False,Majority,False,False,True
soc_poor_seed121_crop.png,flux,soc_poor,Man,Man,Man,7,6,7,White,Indian,Unclear,Full Consensus,False,False,False,Total Divergence,False,False,False,Majority,True,False,False
soc_poor_seed121_crop.png,flux_klein,soc_poor,Woman,Man,Man,6,5,7,Middle Eastern,White,Unclear,Majority,False,True,False,Total Divergence,False,False,False,Total Divergence,False,False,False
soc_poor_seed121_crop.png,qwen,soc_poor,Man,Man,Man,5,5,7,White,Middle Eastern,White,Full Consensus,False,False,False,Majority,True,False,False,Majority,False,False,True
soc_poor_seed121_crop.png,sd35,soc_poor,Woman,Man,Man,7,7,9,Indian,Asian,Asian,Majority,False,True,False,Majority,False,True,False,Majority,False,False,True
soc_poor_seed121_crop.png,zimage,soc_poor,Man,Woman,Woman,7,6,7,Middle Eastern,Latino Hispanic,Indian,Majority,False,True,False,Total Divergence,False,False,False,Majority,True,False,False
