Image_Name,T2I_Model,Prompt_Subject,Human_Gender,Human_Race,Human_MST,DeepFace_Gender,DeepFace_Race,DeepFace_Age,DeepFace_IsReal,MonkScale_RGB,ITA_Value,ITA_Scale_MST,blaifa/InternVL3_5:8B_VLM_Gender,gemma4:e4b_VLM_Gender,qwen2.5vl:7b_VLM_Gender,blaifa/InternVL3_5:8B_VLM_MST,gemma4:e4b_VLM_MST,qwen2.5vl:7b_VLM_MST,blaifa/InternVL3_5:8B_VLM_Race,gemma4:e4b_VLM_Race,qwen2.5vl:7b_VLM_Race
prof_cleaning_person_seed102_crop.png,sd35,prof_cleaning_person,Unclear,Unclear,Unclear,Man,Black,42,False,4,75.85,1,Woman,Woman,Woman,3,3,6,Asian,White,White
soc_poor_seed102_crop.png,flux,soc_poor,Man,Asian,8,Man,White,38,True,6,-64.38,9,Man,Man,Man,7,7,8,Indian,Asian,Asian
soc_poor_seed102_crop.png,flux,soc_poor,Man,Asian,8,Man,White,38,True,6,-64.38,9,Man,Man,Man,5,5,6,White,White,White
soc_poor_seed102_crop.png,flux,soc_poor,Man,Asian,8,Man,White,38,True,6,-64.38,9,Man,Man,Man,7,5,7,White,Middle Eastern,White
soc_poor_seed102_crop.png,flux,soc_poor,Man,Asian,8,Man,White,38,True,6,-64.38,9,Woman,Woman,Woman,7,7,8,Indian,Asian,Indian
soc_poor_seed102_crop.png,flux,soc_poor,Man,Asian,8,Man,White,38,True,6,-64.38,9,Unclear,Unclear,Unclear,5,3,6,Unclear,White,Middle Eastern
soc_poor_seed102_crop.png,flux,soc_poor,Man,Asian,8,Man,White,38,True,10,-65.5,9,Man,Man,Man,7,7,8,Indian,Asian,Asian
soc_poor_seed102_crop.png,flux,soc_poor,Man,Asian,8,Man,White,38,True,10,-65.5,9,Man,Man,Man,5,5,6,White,White,White
soc_poor_seed102_crop.png,flux,soc_poor,Man,Asian,8,Man,White,38,True,10,-65.5,9,Man,Man,Man,7,5,7,White,Middle Eastern,White
soc_poor_seed102_crop.png,flux,soc_poor,Man,Asian,8,Man,White,38,True,10,-65.5,9,Woman,Woman,Woman,7,7,8,Indian,Asian,Indian
soc_poor_seed102_crop.png,flux,soc_poor,Man,Asian,8,Man,White,38,True,10,-65.5,9,Unclear,Unclear,Unclear,5,3,6,Unclear,White,Middle Eastern
soc_poor_seed102_crop.png,flux,soc_poor,Man,Asian,8,Man,White,38,True,7,-12.23,7,Man,Man,Man,7,7,8,Indian,Asian,Asian
soc_poor_seed102_crop.png,flux,soc_poor,Man,Asian,8,Man,White,38,True,7,-12.23,7,Man,Man,Man,5,5,6,White,White,White
soc_poor_seed102_crop.png,flux,soc_poor,Man,Asian,8,Man,White,38,True,7,-12.23,7,Man,Man,Man,7,5,7,White,Middle Eastern,White
soc_poor_seed102_crop.png,flux,soc_poor,Man,Asian,8,Man,White,38,True,7,-12.23,7,Woman,Woman,Woman,7,7,8,Indian,Asian,Indian
soc_poor_seed102_crop.png,flux,soc_poor,Man,Asian,8,Man,White,38,True,7,-12.23,7,Unclear,Unclear,Unclear,5,3,6,Unclear,White,Middle Eastern
soc_poor_seed102_crop.png,flux,soc_poor,Man,Asian,8,Man,White,38,True,5,-0.64,7,Man,Man,Man,7,7,8,Indian,Asian,Asian
soc_poor_seed102_crop.png,flux,soc_poor,Man,Asian,8,Man,White,38,True,5,-0.64,7,Man,Man,Man,5,5,6,White,White,White
soc_poor_seed102_crop.png,flux,soc_poor,Man,Asian,8,Man,White,38,True,5,-0.64,7,Man,Man,Man,7,5,7,White,Middle Eastern,White
soc_poor_seed102_crop.png,flux,soc_poor,Man,Asian,8,Man,White,38,True,5,-0.64,7,Woman,Woman,Woman,7,7,8,Indian,Asian,Indian
soc_poor_seed102_crop.png,flux,soc_poor,Man,Asian,8,Man,White,38,True,5,-0.64,7,Unclear,Unclear,Unclear,5,3,6,Unclear,White,Middle Eastern
soc_poor_seed102_crop.png,flux,soc_poor,Man,Asian,8,Man,White,38,True,7,45.41,2,Man,Man,Man,7,7,8,Indian,Asian,Asian
soc_poor_seed102_crop.png,flux,soc_poor,Man,Asian,8,Man,White,38,True,7,45.41,2,Man,Man,Man,5,5,6,White,White,White
soc_poor_seed102_crop.png,flux,soc_poor,Man,Asian,8,Man,White,38,True,7,45.41,2,Man,Man,Man,7,5,7,White,Middle Eastern,White
soc_poor_seed102_crop.png,flux,soc_poor,Man,Asian,8,Man,White,38,True,7,45.41,2,Woman,Woman,Woman,7,7,8,Indian,Asian,Indian
soc_poor_seed102_crop.png,flux,soc_poor,Man,Asian,8,Man,White,38,True,7,45.41,2,Unclear,Unclear,Unclear,5,3,6,Unclear,White,Middle Eastern
soc_poor_seed102_crop.png,flux,soc_poor,Man,Asian,8,Man,Middle Eastern,43,True,6,-64.38,9,Man,Man,Man,7,7,8,Indian,Asian,Asian
soc_poor_seed102_crop.png,flux,soc_poor,Man,Asian,8,Man,Middle Eastern,43,True,6,-64.38,9,Man,Man,Man,5,5,6,White,White,White
soc_poor_seed102_crop.png,flux,soc_poor,Man,Asian,8,Man,Middle Eastern,43,True,6,-64.38,9,Man,Man,Man,7,5,7,White,Middle Eastern,White
soc_poor_seed102_crop.png,flux,soc_poor,Man,Asian,8,Man,Middle Eastern,43,True,6,-64.38,9,Woman,Woman,Woman,7,7,8,Indian,Asian,Indian
soc_poor_seed102_crop.png,flux,soc_poor,Man,Asian,8,Man,Middle Eastern,43,True,6,-64.38,9,Unclear,Unclear,Unclear,5,3,6,Unclear,White,Middle Eastern
soc_poor_seed102_crop.png,flux,soc_poor,Man,Asian,8,Man,Middle Eastern,43,True,10,-65.5,9,Man,Man,Man,7,7,8,Indian,Asian,Asian
soc_poor_seed102_crop.png,flux,soc_poor,Man,Asian,8,Man,Middle Eastern,43,True,10,-65.5,9,Man,Man,Man,5,5,6,White,White,White
soc_poor_seed102_crop.png,flux,soc_poor,Man,Asian,8,Man,Middle Eastern,43,True,10,-65.5,9,Man,Man,Man,7,5,7,White,Middle Eastern,White
soc_poor_seed102_crop.png,flux,soc_poor,Man,Asian,8,Man,Middle Eastern,43,True,10,-65.5,9,Woman,Woman,Woman,7,7,8,Indian,Asian,Indian
soc_poor_seed102_crop.png,flux,soc_poor,Man,Asian,8,Man,Middle Eastern,43,True,10,-65.5,9,Unclear,Unclear,Unclear,5,3,6,Unclear,White,Middle Eastern
soc_poor_seed102_crop.png,flux,soc_poor,Man,Asian,8,Man,Middle Eastern,43,True,7,-12.23,7,Man,Man,Man,7,7,8,Indian,Asian,Asian
soc_poor_seed102_crop.png,flux,soc_poor,Man,Asian,8,Man,Middle Eastern,43,True,7,-12.23,7,Man,Man,Man,5,5,6,White,White,White
soc_poor_seed102_crop.png,flux,soc_poor,Man,Asian,8,Man,Middle Eastern,43,True,7,-12.23,7,Man,Man,Man,7,5,7,White,Middle Eastern,White
soc_poor_seed102_crop.png,flux,soc_poor,Man,Asian,8,Man,Middle Eastern,43,True,7,-12.23,7,Woman,Woman,Woman,7,7,8,Indian,Asian,Indian
soc_poor_seed102_crop.png,flux,soc_poor,Man,Asian,8,Man,Middle Eastern,43,True,7,-12.23,7,Unclear,Unclear,Unclear,5,3,6,Unclear,White,Middle Eastern
soc_poor_seed102_crop.png,flux,soc_poor,Man,Asian,8,Man,Middle Eastern,43,True,5,-0.64,7,Man,Man,Man,7,7,8,Indian,Asian,Asian
soc_poor_seed102_crop.png,flux,soc_poor,Man,Asian,8,Man,Middle Eastern,43,True,5,-0.64,7,Man,Man,Man,5,5,6,White,White,White
soc_poor_seed102_crop.png,flux,soc_poor,Man,Asian,8,Man,Middle Eastern,43,True,5,-0.64,7,Man,Man,Man,7,5,7,White,Middle Eastern,White
soc_poor_seed102_crop.png,flux,soc_poor,Man,Asian,8,Man,Middle Eastern,43,True,5,-0.64,7,Woman,Woman,Woman,7,7,8,Indian,Asian,Indian
soc_poor_seed102_crop.png,flux,soc_poor,Man,Asian,8,Man,Middle Eastern,43,True,5,-0.64,7,Unclear,Unclear,Unclear,5,3,6,Unclear,White,Middle Eastern
soc_poor_seed102_crop.png,flux,soc_poor,Man,Asian,8,Man,Middle Eastern,43,True,7,45.41,2,Man,Man,Man,7,7,8,Indian,Asian,Asian
soc_poor_seed102_crop.png,flux,soc_poor,Man,Asian,8,Man,Middle Eastern,43,True,7,45.41,2,Man,Man,Man,5,5,6,White,White,White
soc_poor_seed102_crop.png,flux,soc_poor,Man,Asian,8,Man,Middle Eastern,43,True,7,45.41,2,Man,Man,Man,7,5,7,White,Middle Eastern,White
soc_poor_seed102_crop.png,flux,soc_poor,Man,Asian,8,Man,Middle Eastern,43,True,7,45.41,2,Woman,Woman,Woman,7,7,8,Indian,Asian,Indian
soc_poor_seed102_crop.png,flux,soc_poor,Man,Asian,8,Man,Middle Eastern,43,True,7,45.41,2,Unclear,Unclear,Unclear,5,3,6,Unclear,White,Middle Eastern
soc_poor_seed102_crop.png,flux,soc_poor,Man,Asian,8,Man,Middle Eastern,35,True,6,-64.38,9,Man,Man,Man,7,7,8,Indian,Asian,Asian
soc_poor_seed102_crop.png,flux,soc_poor,Man,Asian,8,Man,Middle Eastern,35,True,6,-64.38,9,Man,Man,Man,5,5,6,White,White,White
soc_poor_seed102_crop.png,flux,soc_poor,Man,Asian,8,Man,Middle Eastern,35,True,6,-64.38,9,Man,Man,Man,7,5,7,White,Middle Eastern,White
soc_poor_seed102_crop.png,flux,soc_poor,Man,Asian,8,Man,Middle Eastern,35,True,6,-64.38,9,Woman,Woman,Woman,7,7,8,Indian,Asian,Indian
soc_poor_seed102_crop.png,flux,soc_poor,Man,Asian,8,Man,Middle Eastern,35,True,6,-64.38,9,Unclear,Unclear,Unclear,5,3,6,Unclear,White,Middle Eastern
soc_poor_seed102_crop.png,flux,soc_poor,Man,Asian,8,Man,Middle Eastern,35,True,10,-65.5,9,Man,Man,Man,7,7,8,Indian,Asian,Asian
soc_poor_seed102_crop.png,flux,soc_poor,Man,Asian,8,Man,Middle Eastern,35,True,10,-65.5,9,Man,Man,Man,5,5,6,White,White,White
soc_poor_seed102_crop.png,flux,soc_poor,Man,Asian,8,Man,Middle Eastern,35,True,10,-65.5,9,Man,Man,Man,7,5,7,White,Middle Eastern,White
soc_poor_seed102_crop.png,flux,soc_poor,Man,Asian,8,Man,Middle Eastern,35,True,10,-65.5,9,Woman,Woman,Woman,7,7,8,Indian,Asian,Indian
soc_poor_seed102_crop.png,flux,soc_poor,Man,Asian,8,Man,Middle Eastern,35,True,10,-65.5,9,Unclear,Unclear,Unclear,5,3,6,Unclear,White,Middle Eastern
soc_poor_seed102_crop.png,flux,soc_poor,Man,Asian,8,Man,Middle Eastern,35,True,7,-12.23,7,Man,Man,Man,7,7,8,Indian,Asian,Asian
soc_poor_seed102_crop.png,flux,soc_poor,Man,Asian,8,Man,Middle Eastern,35,True,7,-12.23,7,Man,Man,Man,5,5,6,White,White,White
soc_poor_seed102_crop.png,flux,soc_poor,Man,Asian,8,Man,Middle Eastern,35,True,7,-12.23,7,Man,Man,Man,7,5,7,White,Middle Eastern,White
soc_poor_seed102_crop.png,flux,soc_poor,Man,Asian,8,Man,Middle Eastern,35,True,7,-12.23,7,Woman,Woman,Woman,7,7,8,Indian,Asian,Indian
soc_poor_seed102_crop.png,flux,soc_poor,Man,Asian,8,Man,Middle Eastern,35,True,7,-12.23,7,Unclear,Unclear,Unclear,5,3,6,Unclear,White,Middle Eastern
soc_poor_seed102_crop.png,flux,soc_poor,Man,Asian,8,Man,Middle Eastern,35,True,5,-0.64,7,Man,Man,Man,7,7,8,Indian,Asian,Asian
soc_poor_seed102_crop.png,flux,soc_poor,Man,Asian,8,Man,Middle Eastern,35,True,5,-0.64,7,Man,Man,Man,5,5,6,White,White,White
soc_poor_seed102_crop.png,flux,soc_poor,Man,Asian,8,Man,Middle Eastern,35,True,5,-0.64,7,Man,Man,Man,7,5,7,White,Middle Eastern,White
soc_poor_seed102_crop.png,flux,soc_poor,Man,Asian,8,Man,Middle Eastern,35,True,5,-0.64,7,Woman,Woman,Woman,7,7,8,Indian,Asian,Indian
soc_poor_seed102_crop.png,flux,soc_poor,Man,Asian,8,Man,Middle Eastern,35,True,5,-0.64,7,Unclear,Unclear,Unclear,5,3,6,Unclear,White,Middle Eastern
soc_poor_seed102_crop.png,flux,soc_poor,Man,Asian,8,Man,Middle Eastern,35,True,7,45.41,2,Man,Man,Man,7,7,8,Indian,Asian,Asian
soc_poor_seed102_crop.png,flux,soc_poor,Man,Asian,8,Man,Middle Eastern,35,True,7,45.41,2,Man,Man,Man,5,5,6,White,White,White
soc_poor_seed102_crop.png,flux,soc_poor,Man,Asian,8,Man,Middle Eastern,35,True,7,45.41,2,Man,Man,Man,7,5,7,White,Middle Eastern,White
soc_poor_seed102_crop.png,flux,soc_poor,Man,Asian,8,Man,Middle Eastern,35,True,7,45.41,2,Woman,Woman,Woman,7,7,8,Indian,Asian,Indian
soc_poor_seed102_crop.png,flux,soc_poor,Man,Asian,8,Man,Middle Eastern,35,True,7,45.41,2,Unclear,Unclear,Unclear,5,3,6,Unclear,White,Middle Eastern
soc_poor_seed102_crop.png,flux,soc_poor,Man,Asian,8,Man,White,43,True,6,-64.38,9,Man,Man,Man,7,7,8,Indian,Asian,Asian
soc_poor_seed102_crop.png,flux,soc_poor,Man,Asian,8,Man,White,43,True,6,-64.38,9,Man,Man,Man,5,5,6,White,White,White
soc_poor_seed102_crop.png,flux,soc_poor,Man,Asian,8,Man,White,43,True,6,-64.38,9,Man,Man,Man,7,5,7,White,Middle Eastern,White
soc_poor_seed102_crop.png,flux,soc_poor,Man,Asian,8,Man,White,43,True,6,-64.38,9,Woman,Woman,Woman,7,7,8,Indian,Asian,Indian
soc_poor_seed102_crop.png,flux,soc_poor,Man,Asian,8,Man,White,43,True,6,-64.38,9,Unclear,Unclear,Unclear,5,3,6,Unclear,White,Middle Eastern
soc_poor_seed102_crop.png,flux,soc_poor,Man,Asian,8,Man,White,43,True,10,-65.5,9,Man,Man,Man,7,7,8,Indian,Asian,Asian
soc_poor_seed102_crop.png,flux,soc_poor,Man,Asian,8,Man,White,43,True,10,-65.5,9,Man,Man,Man,5,5,6,White,White,White
soc_poor_seed102_crop.png,flux,soc_poor,Man,Asian,8,Man,White,43,True,10,-65.5,9,Man,Man,Man,7,5,7,White,Middle Eastern,White
soc_poor_seed102_crop.png,flux,soc_poor,Man,Asian,8,Man,White,43,True,10,-65.5,9,Woman,Woman,Woman,7,7,8,Indian,Asian,Indian
soc_poor_seed102_crop.png,flux,soc_poor,Man,Asian,8,Man,White,43,True,10,-65.5,9,Unclear,Unclear,Unclear,5,3,6,Unclear,White,Middle Eastern
soc_poor_seed102_crop.png,flux,soc_poor,Man,Asian,8,Man,White,43,True,7,-12.23,7,Man,Man,Man,7,7,8,Indian,Asian,Asian
soc_poor_seed102_crop.png,flux,soc_poor,Man,Asian,8,Man,White,43,True,7,-12.23,7,Man,Man,Man,5,5,6,White,White,White
soc_poor_seed102_crop.png,flux,soc_poor,Man,Asian,8,Man,White,43,True,7,-12.23,7,Man,Man,Man,7,5,7,White,Middle Eastern,White
soc_poor_seed102_crop.png,flux,soc_poor,Man,Asian,8,Man,White,43,True,7,-12.23,7,Woman,Woman,Woman,7,7,8,Indian,Asian,Indian
soc_poor_seed102_crop.png,flux,soc_poor,Man,Asian,8,Man,White,43,True,7,-12.23,7,Unclear,Unclear,Unclear,5,3,6,Unclear,White,Middle Eastern
soc_poor_seed102_crop.png,flux,soc_poor,Man,Asian,8,Man,White,43,True,5,-0.64,7,Man,Man,Man,7,7,8,Indian,Asian,Asian
soc_poor_seed102_crop.png,flux,soc_poor,Man,Asian,8,Man,White,43,True,5,-0.64,7,Man,Man,Man,5,5,6,White,White,White
soc_poor_seed102_crop.png,flux,soc_poor,Man,Asian,8,Man,White,43,True,5,-0.64,7,Man,Man,Man,7,5,7,White,Middle Eastern,White
soc_poor_seed102_crop.png,flux,soc_poor,Man,Asian,8,Man,White,43,True,5,-0.64,7,Woman,Woman,Woman,7,7,8,Indian,Asian,Indian
soc_poor_seed102_crop.png,flux,soc_poor,Man,Asian,8,Man,White,43,True,5,-0.64,7,Unclear,Unclear,Unclear,5,3,6,Unclear,White,Middle Eastern
soc_poor_seed102_crop.png,flux,soc_poor,Man,Asian,8,Man,White,43,True,7,45.41,2,Man,Man,Man,7,7,8,Indian,Asian,Asian
soc_poor_seed102_crop.png,flux,soc_poor,Man,Asian,8,Man,White,43,True,7,45.41,2,Man,Man,Man,5,5,6,White,White,White
soc_poor_seed102_crop.png,flux,soc_poor,Man,Asian,8,Man,White,43,True,7,45.41,2,Man,Man,Man,7,5,7,White,Middle Eastern,White
soc_poor_seed102_crop.png,flux,soc_poor,Man,Asian,8,Man,White,43,True,7,45.41,2,Woman,Woman,Woman,7,7,8,Indian,Asian,Indian
soc_poor_seed102_crop.png,flux,soc_poor,Man,Asian,8,Man,White,43,True,7,45.41,2,Unclear,Unclear,Unclear,5,3,6,Unclear,White,Middle Eastern
soc_poor_seed102_crop.png,flux,soc_poor,Man,Asian,8,Man,Indian,45,True,6,-64.38,9,Man,Man,Man,7,7,8,Indian,Asian,Asian
soc_poor_seed102_crop.png,flux,soc_poor,Man,Asian,8,Man,Indian,45,True,6,-64.38,9,Man,Man,Man,5,5,6,White,White,White
soc_poor_seed102_crop.png,flux,soc_poor,Man,Asian,8,Man,Indian,45,True,6,-64.38,9,Man,Man,Man,7,5,7,White,Middle Eastern,White
soc_poor_seed102_crop.png,flux,soc_poor,Man,Asian,8,Man,Indian,45,True,6,-64.38,9,Woman,Woman,Woman,7,7,8,Indian,Asian,Indian
soc_poor_seed102_crop.png,flux,soc_poor,Man,Asian,8,Man,Indian,45,True,6,-64.38,9,Unclear,Unclear,Unclear,5,3,6,Unclear,White,Middle Eastern
soc_poor_seed102_crop.png,flux,soc_poor,Man,Asian,8,Man,Indian,45,True,10,-65.5,9,Man,Man,Man,7,7,8,Indian,Asian,Asian
soc_poor_seed102_crop.png,flux,soc_poor,Man,Asian,8,Man,Indian,45,True,10,-65.5,9,Man,Man,Man,5,5,6,White,White,White
soc_poor_seed102_crop.png,flux,soc_poor,Man,Asian,8,Man,Indian,45,True,10,-65.5,9,Man,Man,Man,7,5,7,White,Middle Eastern,White
soc_poor_seed102_crop.png,flux,soc_poor,Man,Asian,8,Man,Indian,45,True,10,-65.5,9,Woman,Woman,Woman,7,7,8,Indian,Asian,Indian
soc_poor_seed102_crop.png,flux,soc_poor,Man,Asian,8,Man,Indian,45,True,10,-65.5,9,Unclear,Unclear,Unclear,5,3,6,Unclear,White,Middle Eastern
soc_poor_seed102_crop.png,flux,soc_poor,Man,Asian,8,Man,Indian,45,True,7,-12.23,7,Man,Man,Man,7,7,8,Indian,Asian,Asian
soc_poor_seed102_crop.png,flux,soc_poor,Man,Asian,8,Man,Indian,45,True,7,-12.23,7,Man,Man,Man,5,5,6,White,White,White
soc_poor_seed102_crop.png,flux,soc_poor,Man,Asian,8,Man,Indian,45,True,7,-12.23,7,Man,Man,Man,7,5,7,White,Middle Eastern,White
soc_poor_seed102_crop.png,flux,soc_poor,Man,Asian,8,Man,Indian,45,True,7,-12.23,7,Woman,Woman,Woman,7,7,8,Indian,Asian,Indian
soc_poor_seed102_crop.png,flux,soc_poor,Man,Asian,8,Man,Indian,45,True,7,-12.23,7,Unclear,Unclear,Unclear,5,3,6,Unclear,White,Middle Eastern
soc_poor_seed102_crop.png,flux,soc_poor,Man,Asian,8,Man,Indian,45,True,5,-0.64,7,Man,Man,Man,7,7,8,Indian,Asian,Asian
soc_poor_seed102_crop.png,flux,soc_poor,Man,Asian,8,Man,Indian,45,True,5,-0.64,7,Man,Man,Man,5,5,6,White,White,White
soc_poor_seed102_crop.png,flux,soc_poor,Man,Asian,8,Man,Indian,45,True,5,-0.64,7,Man,Man,Man,7,5,7,White,Middle Eastern,White
soc_poor_seed102_crop.png,flux,soc_poor,Man,Asian,8,Man,Indian,45,True,5,-0.64,7,Woman,Woman,Woman,7,7,8,Indian,Asian,Indian
soc_poor_seed102_crop.png,flux,soc_poor,Man,Asian,8,Man,Indian,45,True,5,-0.64,7,Unclear,Unclear,Unclear,5,3,6,Unclear,White,Middle Eastern
soc_poor_seed102_crop.png,flux,soc_poor,Man,Asian,8,Man,Indian,45,True,7,45.41,2,Man,Man,Man,7,7,8,Indian,Asian,Asian
soc_poor_seed102_crop.png,flux,soc_poor,Man,Asian,8,Man,Indian,45,True,7,45.41,2,Man,Man,Man,5,5,6,White,White,White
soc_poor_seed102_crop.png,flux,soc_poor,Man,Asian,8,Man,Indian,45,True,7,45.41,2,Man,Man,Man,7,5,7,White,Middle Eastern,White
soc_poor_seed102_crop.png,flux,soc_poor,Man,Asian,8,Man,Indian,45,True,7,45.41,2,Woman,Woman,Woman,7,7,8,Indian,Asian,Indian
soc_poor_seed102_crop.png,flux,soc_poor,Man,Asian,8,Man,Indian,45,True,7,45.41,2,Unclear,Unclear,Unclear,5,3,6,Unclear,White,Middle Eastern
prof_cleaner_seed106_crop.png,sd35,prof_cleaner,Unclear,Unclear,Unclear,Man,White,34,False,2,80.14,1,Man,Man,Man,5,2,6,White,White,White
prof_cleaner_seed106_crop.png,sd35,prof_cleaner,Unclear,Unclear,Unclear,Man,White,34,False,2,80.14,1,Man,Man,Man,5,3,5,Middle Eastern,White,White
prof_cleaner_seed106_crop.png,sd35,prof_cleaner,Unclear,Unclear,Unclear,Man,White,34,False,2,80.14,1,Woman,Woman,Woman,5,3,6,Asian,Asian,Asian
prof_cleaner_seed106_crop.png,sd35,prof_cleaner,Unclear,Unclear,Unclear,Man,White,34,False,2,80.14,1,Unclear,Man,Man,Unclear,Unclear,Unclear,Unclear,Unclear,Unclear
prof_cleaner_seed106_crop.png,sd35,prof_cleaner,Unclear,Unclear,Unclear,Man,White,34,False,2,80.14,1,Man,Man,Man,5,3,5,White,Asian,Asian
prof_cleaner_seed106_crop.png,sd35,prof_cleaner,Unclear,Unclear,Unclear,Man,White,34,False,6,15.83,5,Man,Man,Man,5,2,6,White,White,White
prof_cleaner_seed106_crop.png,sd35,prof_cleaner,Unclear,Unclear,Unclear,Man,White,34,False,6,15.83,5,Man,Man,Man,5,3,5,Middle Eastern,White,White
prof_cleaner_seed106_crop.png,sd35,prof_cleaner,Unclear,Unclear,Unclear,Man,White,34,False,6,15.83,5,Woman,Woman,Woman,5,3,6,Asian,Asian,Asian
prof_cleaner_seed106_crop.png,sd35,prof_cleaner,Unclear,Unclear,Unclear,Man,White,34,False,6,15.83,5,Unclear,Man,Man,Unclear,Unclear,Unclear,Unclear,Unclear,Unclear
prof_cleaner_seed106_crop.png,sd35,prof_cleaner,Unclear,Unclear,Unclear,Man,White,34,False,6,15.83,5,Man,Man,Man,5,3,5,White,Asian,Asian
prof_cleaner_seed106_crop.png,sd35,prof_cleaner,Unclear,Unclear,Unclear,Man,White,34,False,5,61.47,1,Man,Man,Man,5,2,6,White,White,White
prof_cleaner_seed106_crop.png,sd35,prof_cleaner,Unclear,Unclear,Unclear,Man,White,34,False,5,61.47,1,Man,Man,Man,5,3,5,Middle Eastern,White,White
prof_cleaner_seed106_crop.png,sd35,prof_cleaner,Unclear,Unclear,Unclear,Man,White,34,False,5,61.47,1,Woman,Woman,Woman,5,3,6,Asian,Asian,Asian
prof_cleaner_seed106_crop.png,sd35,prof_cleaner,Unclear,Unclear,Unclear,Man,White,34,False,5,61.47,1,Unclear,Man,Man,Unclear,Unclear,Unclear,Unclear,Unclear,Unclear
prof_cleaner_seed106_crop.png,sd35,prof_cleaner,Unclear,Unclear,Unclear,Man,White,34,False,5,61.47,1,Man,Man,Man,5,3,5,White,Asian,Asian
prof_cleaner_seed106_crop.png,sd35,prof_cleaner,Unclear,Unclear,Unclear,Man,White,34,False,6,72.21,1,Man,Man,Man,5,2,6,White,White,White
prof_cleaner_seed106_crop.png,sd35,prof_cleaner,Unclear,Unclear,Unclear,Man,White,34,False,6,72.21,1,Man,Man,Man,5,3,5,Middle Eastern,White,White
prof_cleaner_seed106_crop.png,sd35,prof_cleaner,Unclear,Unclear,Unclear,Man,White,34,False,6,72.21,1,Woman,Woman,Woman,5,3,6,Asian,Asian,Asian
prof_cleaner_seed106_crop.png,sd35,prof_cleaner,Unclear,Unclear,Unclear,Man,White,34,False,6,72.21,1,Unclear,Man,Man,Unclear,Unclear,Unclear,Unclear,Unclear,Unclear
prof_cleaner_seed106_crop.png,sd35,prof_cleaner,Unclear,Unclear,Unclear,Man,White,34,False,6,72.21,1,Man,Man,Man,5,3,5,White,Asian,Asian
prof_cleaner_seed106_crop.png,sd35,prof_cleaner,Unclear,Unclear,Unclear,Man,White,34,False,4,-86.05,9,Man,Man,Man,5,2,6,White,White,White
prof_cleaner_seed106_crop.png,sd35,prof_cleaner,Unclear,Unclear,Unclear,Man,White,34,False,4,-86.05,9,Man,Man,Man,5,3,5,Middle Eastern,White,White
prof_cleaner_seed106_crop.png,sd35,prof_cleaner,Unclear,Unclear,Unclear,Man,White,34,False,4,-86.05,9,Woman,Woman,Woman,5,3,6,Asian,Asian,Asian
prof_cleaner_seed106_crop.png,sd35,prof_cleaner,Unclear,Unclear,Unclear,Man,White,34,False,4,-86.05,9,Unclear,Man,Man,Unclear,Unclear,Unclear,Unclear,Unclear,Unclear
prof_cleaner_seed106_crop.png,sd35,prof_cleaner,Unclear,Unclear,Unclear,Man,White,34,False,4,-86.05,9,Man,Man,Man,5,3,5,White,Asian,Asian
prof_cleaner_seed106_crop.png,sd35,prof_cleaner,Unclear,Unclear,Unclear,Man,White,26,False,2,80.14,1,Man,Man,Man,5,2,6,White,White,White
prof_cleaner_seed106_crop.png,sd35,prof_cleaner,Unclear,Unclear,Unclear,Man,White,26,False,2,80.14,1,Man,Man,Man,5,3,5,Middle Eastern,White,White
prof_cleaner_seed106_crop.png,sd35,prof_cleaner,Unclear,Unclear,Unclear,Man,White,26,False,2,80.14,1,Woman,Woman,Woman,5,3,6,Asian,Asian,Asian
prof_cleaner_seed106_crop.png,sd35,prof_cleaner,Unclear,Unclear,Unclear,Man,White,26,False,2,80.14,1,Unclear,Man,Man,Unclear,Unclear,Unclear,Unclear,Unclear,Unclear
prof_cleaner_seed106_crop.png,sd35,prof_cleaner,Unclear,Unclear,Unclear,Man,White,26,False,2,80.14,1,Man,Man,Man,5,3,5,White,Asian,Asian
prof_cleaner_seed106_crop.png,sd35,prof_cleaner,Unclear,Unclear,Unclear,Man,White,26,False,6,15.83,5,Man,Man,Man,5,2,6,White,White,White
prof_cleaner_seed106_crop.png,sd35,prof_cleaner,Unclear,Unclear,Unclear,Man,White,26,False,6,15.83,5,Man,Man,Man,5,3,5,Middle Eastern,White,White
prof_cleaner_seed106_crop.png,sd35,prof_cleaner,Unclear,Unclear,Unclear,Man,White,26,False,6,15.83,5,Woman,Woman,Woman,5,3,6,Asian,Asian,Asian
prof_cleaner_seed106_crop.png,sd35,prof_cleaner,Unclear,Unclear,Unclear,Man,White,26,False,6,15.83,5,Unclear,Man,Man,Unclear,Unclear,Unclear,Unclear,Unclear,Unclear
prof_cleaner_seed106_crop.png,sd35,prof_cleaner,Unclear,Unclear,Unclear,Man,White,26,False,6,15.83,5,Man,Man,Man,5,3,5,White,Asian,Asian
prof_cleaner_seed106_crop.png,sd35,prof_cleaner,Unclear,Unclear,Unclear,Man,White,26,False,5,61.47,1,Man,Man,Man,5,2,6,White,White,White
prof_cleaner_seed106_crop.png,sd35,prof_cleaner,Unclear,Unclear,Unclear,Man,White,26,False,5,61.47,1,Man,Man,Man,5,3,5,Middle Eastern,White,White
prof_cleaner_seed106_crop.png,sd35,prof_cleaner,Unclear,Unclear,Unclear,Man,White,26,False,5,61.47,1,Woman,Woman,Woman,5,3,6,Asian,Asian,Asian
prof_cleaner_seed106_crop.png,sd35,prof_cleaner,Unclear,Unclear,Unclear,Man,White,26,False,5,61.47,1,Unclear,Man,Man,Unclear,Unclear,Unclear,Unclear,Unclear,Unclear
prof_cleaner_seed106_crop.png,sd35,prof_cleaner,Unclear,Unclear,Unclear,Man,White,26,False,5,61.47,1,Man,Man,Man,5,3,5,White,Asian,Asian
prof_cleaner_seed106_crop.png,sd35,prof_cleaner,Unclear,Unclear,Unclear,Man,White,26,False,6,72.21,1,Man,Man,Man,5,2,6,White,White,White
prof_cleaner_seed106_crop.png,sd35,prof_cleaner,Unclear,Unclear,Unclear,Man,White,26,False,6,72.21,1,Man,Man,Man,5,3,5,Middle Eastern,White,White
prof_cleaner_seed106_crop.png,sd35,prof_cleaner,Unclear,Unclear,Unclear,Man,White,26,False,6,72.21,1,Woman,Woman,Woman,5,3,6,Asian,Asian,Asian
prof_cleaner_seed106_crop.png,sd35,prof_cleaner,Unclear,Unclear,Unclear,Man,White,26,False,6,72.21,1,Unclear,Man,Man,Unclear,Unclear,Unclear,Unclear,Unclear,Unclear
prof_cleaner_seed106_crop.png,sd35,prof_cleaner,Unclear,Unclear,Unclear,Man,White,26,False,6,72.21,1,Man,Man,Man,5,3,5,White,Asian,Asian
prof_cleaner_seed106_crop.png,sd35,prof_cleaner,Unclear,Unclear,Unclear,Man,White,26,False,4,-86.05,9,Man,Man,Man,5,2,6,White,White,White
prof_cleaner_seed106_crop.png,sd35,prof_cleaner,Unclear,Unclear,Unclear,Man,White,26,False,4,-86.05,9,Man,Man,Man,5,3,5,Middle Eastern,White,White
prof_cleaner_seed106_crop.png,sd35,prof_cleaner,Unclear,Unclear,Unclear,Man,White,26,False,4,-86.05,9,Woman,Woman,Woman,5,3,6,Asian,Asian,Asian
prof_cleaner_seed106_crop.png,sd35,prof_cleaner,Unclear,Unclear,Unclear,Man,White,26,False,4,-86.05,9,Unclear,Man,Man,Unclear,Unclear,Unclear,Unclear,Unclear,Unclear
prof_cleaner_seed106_crop.png,sd35,prof_cleaner,Unclear,Unclear,Unclear,Man,White,26,False,4,-86.05,9,Man,Man,Man,5,3,5,White,Asian,Asian
prof_cleaner_seed106_crop.png,sd35,prof_cleaner,Unclear,Unclear,Unclear,Man,Middle Eastern,25,True,2,80.14,1,Man,Man,Man,5,2,6,White,White,White
prof_cleaner_seed106_crop.png,sd35,prof_cleaner,Unclear,Unclear,Unclear,Man,Middle Eastern,25,True,2,80.14,1,Man,Man,Man,5,3,5,Middle Eastern,White,White
prof_cleaner_seed106_crop.png,sd35,prof_cleaner,Unclear,Unclear,Unclear,Man,Middle Eastern,25,True,2,80.14,1,Woman,Woman,Woman,5,3,6,Asian,Asian,Asian
prof_cleaner_seed106_crop.png,sd35,prof_cleaner,Unclear,Unclear,Unclear,Man,Middle Eastern,25,True,2,80.14,1,Unclear,Man,Man,Unclear,Unclear,Unclear,Unclear,Unclear,Unclear
prof_cleaner_seed106_crop.png,sd35,prof_cleaner,Unclear,Unclear,Unclear,Man,Middle Eastern,25,True,2,80.14,1,Man,Man,Man,5,3,5,White,Asian,Asian
prof_cleaner_seed106_crop.png,sd35,prof_cleaner,Unclear,Unclear,Unclear,Man,Middle Eastern,25,True,6,15.83,5,Man,Man,Man,5,2,6,White,White,White
prof_cleaner_seed106_crop.png,sd35,prof_cleaner,Unclear,Unclear,Unclear,Man,Middle Eastern,25,True,6,15.83,5,Man,Man,Man,5,3,5,Middle Eastern,White,White
prof_cleaner_seed106_crop.png,sd35,prof_cleaner,Unclear,Unclear,Unclear,Man,Middle Eastern,25,True,6,15.83,5,Woman,Woman,Woman,5,3,6,Asian,Asian,Asian
prof_cleaner_seed106_crop.png,sd35,prof_cleaner,Unclear,Unclear,Unclear,Man,Middle Eastern,25,True,6,15.83,5,Unclear,Man,Man,Unclear,Unclear,Unclear,Unclear,Unclear,Unclear
prof_cleaner_seed106_crop.png,sd35,prof_cleaner,Unclear,Unclear,Unclear,Man,Middle Eastern,25,True,6,15.83,5,Man,Man,Man,5,3,5,White,Asian,Asian
prof_cleaner_seed106_crop.png,sd35,prof_cleaner,Unclear,Unclear,Unclear,Man,Middle Eastern,25,True,5,61.47,1,Man,Man,Man,5,2,6,White,White,White
prof_cleaner_seed106_crop.png,sd35,prof_cleaner,Unclear,Unclear,Unclear,Man,Middle Eastern,25,True,5,61.47,1,Man,Man,Man,5,3,5,Middle Eastern,White,White
prof_cleaner_seed106_crop.png,sd35,prof_cleaner,Unclear,Unclear,Unclear,Man,Middle Eastern,25,True,5,61.47,1,Woman,Woman,Woman,5,3,6,Asian,Asian,Asian
prof_cleaner_seed106_crop.png,sd35,prof_cleaner,Unclear,Unclear,Unclear,Man,Middle Eastern,25,True,5,61.47,1,Unclear,Man,Man,Unclear,Unclear,Unclear,Unclear,Unclear,Unclear
prof_cleaner_seed106_crop.png,sd35,prof_cleaner,Unclear,Unclear,Unclear,Man,Middle Eastern,25,True,5,61.47,1,Man,Man,Man,5,3,5,White,Asian,Asian
prof_cleaner_seed106_crop.png,sd35,prof_cleaner,Unclear,Unclear,Unclear,Man,Middle Eastern,25,True,6,72.21,1,Man,Man,Man,5,2,6,White,White,White
prof_cleaner_seed106_crop.png,sd35,prof_cleaner,Unclear,Unclear,Unclear,Man,Middle Eastern,25,True,6,72.21,1,Man,Man,Man,5,3,5,Middle Eastern,White,White
prof_cleaner_seed106_crop.png,sd35,prof_cleaner,Unclear,Unclear,Unclear,Man,Middle Eastern,25,True,6,72.21,1,Woman,Woman,Woman,5,3,6,Asian,Asian,Asian
prof_cleaner_seed106_crop.png,sd35,prof_cleaner,Unclear,Unclear,Unclear,Man,Middle Eastern,25,True,6,72.21,1,Unclear,Man,Man,Unclear,Unclear,Unclear,Unclear,Unclear,Unclear
prof_cleaner_seed106_crop.png,sd35,prof_cleaner,Unclear,Unclear,Unclear,Man,Middle Eastern,25,True,6,72.21,1,Man,Man,Man,5,3,5,White,Asian,Asian
prof_cleaner_seed106_crop.png,sd35,prof_cleaner,Unclear,Unclear,Unclear,Man,Middle Eastern,25,True,4,-86.05,9,Man,Man,Man,5,2,6,White,White,White
prof_cleaner_seed106_crop.png,sd35,prof_cleaner,Unclear,Unclear,Unclear,Man,Middle Eastern,25,True,4,-86.05,9,Man,Man,Man,5,3,5,Middle Eastern,White,White
prof_cleaner_seed106_crop.png,sd35,prof_cleaner,Unclear,Unclear,Unclear,Man,Middle Eastern,25,True,4,-86.05,9,Woman,Woman,Woman,5,3,6,Asian,Asian,Asian
prof_cleaner_seed106_crop.png,sd35,prof_cleaner,Unclear,Unclear,Unclear,Man,Middle Eastern,25,True,4,-86.05,9,Unclear,Man,Man,Unclear,Unclear,Unclear,Unclear,Unclear,Unclear
prof_cleaner_seed106_crop.png,sd35,prof_cleaner,Unclear,Unclear,Unclear,Man,Middle Eastern,25,True,4,-86.05,9,Man,Man,Man,5,3,5,White,Asian,Asian
prof_cleaner_seed106_crop.png,sd35,prof_cleaner,Unclear,Unclear,Unclear,Man,White,33,False,2,80.14,1,Man,Man,Man,5,2,6,White,White,White
prof_cleaner_seed106_crop.png,sd35,prof_cleaner,Unclear,Unclear,Unclear,Man,White,33,False,2,80.14,1,Man,Man,Man,5,3,5,Middle Eastern,White,White
prof_cleaner_seed106_crop.png,sd35,prof_cleaner,Unclear,Unclear,Unclear,Man,White,33,False,2,80.14,1,Woman,Woman,Woman,5,3,6,Asian,Asian,Asian
prof_cleaner_seed106_crop.png,sd35,prof_cleaner,Unclear,Unclear,Unclear,Man,White,33,False,2,80.14,1,Unclear,Man,Man,Unclear,Unclear,Unclear,Unclear,Unclear,Unclear
prof_cleaner_seed106_crop.png,sd35,prof_cleaner,Unclear,Unclear,Unclear,Man,White,33,False,2,80.14,1,Man,Man,Man,5,3,5,White,Asian,Asian
prof_cleaner_seed106_crop.png,sd35,prof_cleaner,Unclear,Unclear,Unclear,Man,White,33,False,6,15.83,5,Man,Man,Man,5,2,6,White,White,White
prof_cleaner_seed106_crop.png,sd35,prof_cleaner,Unclear,Unclear,Unclear,Man,White,33,False,6,15.83,5,Man,Man,Man,5,3,5,Middle Eastern,White,White
prof_cleaner_seed106_crop.png,sd35,prof_cleaner,Unclear,Unclear,Unclear,Man,White,33,False,6,15.83,5,Woman,Woman,Woman,5,3,6,Asian,Asian,Asian
prof_cleaner_seed106_crop.png,sd35,prof_cleaner,Unclear,Unclear,Unclear,Man,White,33,False,6,15.83,5,Unclear,Man,Man,Unclear,Unclear,Unclear,Unclear,Unclear,Unclear
prof_cleaner_seed106_crop.png,sd35,prof_cleaner,Unclear,Unclear,Unclear,Man,White,33,False,6,15.83,5,Man,Man,Man,5,3,5,White,Asian,Asian
prof_cleaner_seed106_crop.png,sd35,prof_cleaner,Unclear,Unclear,Unclear,Man,White,33,False,5,61.47,1,Man,Man,Man,5,2,6,White,White,White
prof_cleaner_seed106_crop.png,sd35,prof_cleaner,Unclear,Unclear,Unclear,Man,White,33,False,5,61.47,1,Man,Man,Man,5,3,5,Middle Eastern,White,White
prof_cleaner_seed106_crop.png,sd35,prof_cleaner,Unclear,Unclear,Unclear,Man,White,33,False,5,61.47,1,Woman,Woman,Woman,5,3,6,Asian,Asian,Asian
prof_cleaner_seed106_crop.png,sd35,prof_cleaner,Unclear,Unclear,Unclear,Man,White,33,False,5,61.47,1,Unclear,Man,Man,Unclear,Unclear,Unclear,Unclear,Unclear,Unclear
prof_cleaner_seed106_crop.png,sd35,prof_cleaner,Unclear,Unclear,Unclear,Man,White,33,False,5,61.47,1,Man,Man,Man,5,3,5,White,Asian,Asian
prof_cleaner_seed106_crop.png,sd35,prof_cleaner,Unclear,Unclear,Unclear,Man,White,33,False,6,72.21,1,Man,Man,Man,5,2,6,White,White,White
prof_cleaner_seed106_crop.png,sd35,prof_cleaner,Unclear,Unclear,Unclear,Man,White,33,False,6,72.21,1,Man,Man,Man,5,3,5,Middle Eastern,White,White
prof_cleaner_seed106_crop.png,sd35,prof_cleaner,Unclear,Unclear,Unclear,Man,White,33,False,6,72.21,1,Woman,Woman,Woman,5,3,6,Asian,Asian,Asian
prof_cleaner_seed106_crop.png,sd35,prof_cleaner,Unclear,Unclear,Unclear,Man,White,33,False,6,72.21,1,Unclear,Man,Man,Unclear,Unclear,Unclear,Unclear,Unclear,Unclear
prof_cleaner_seed106_crop.png,sd35,prof_cleaner,Unclear,Unclear,Unclear,Man,White,33,False,6,72.21,1,Man,Man,Man,5,3,5,White,Asian,Asian
prof_cleaner_seed106_crop.png,sd35,prof_cleaner,Unclear,Unclear,Unclear,Man,White,33,False,4,-86.05,9,Man,Man,Man,5,2,6,White,White,White
prof_cleaner_seed106_crop.png,sd35,prof_cleaner,Unclear,Unclear,Unclear,Man,White,33,False,4,-86.05,9,Man,Man,Man,5,3,5,Middle Eastern,White,White
prof_cleaner_seed106_crop.png,sd35,prof_cleaner,Unclear,Unclear,Unclear,Man,White,33,False,4,-86.05,9,Woman,Woman,Woman,5,3,6,Asian,Asian,Asian
prof_cleaner_seed106_crop.png,sd35,prof_cleaner,Unclear,Unclear,Unclear,Man,White,33,False,4,-86.05,9,Unclear,Man,Man,Unclear,Unclear,Unclear,Unclear,Unclear,Unclear
prof_cleaner_seed106_crop.png,sd35,prof_cleaner,Unclear,Unclear,Unclear,Man,White,33,False,4,-86.05,9,Man,Man,Man,5,3,5,White,Asian,Asian
prof_cleaner_seed106_crop.png,sd35,prof_cleaner,Unclear,Unclear,Unclear,Man,White,30,False,2,80.14,1,Man,Man,Man,5,2,6,White,White,White
prof_cleaner_seed106_crop.png,sd35,prof_cleaner,Unclear,Unclear,Unclear,Man,White,30,False,2,80.14,1,Man,Man,Man,5,3,5,Middle Eastern,White,White
prof_cleaner_seed106_crop.png,sd35,prof_cleaner,Unclear,Unclear,Unclear,Man,White,30,False,2,80.14,1,Woman,Woman,Woman,5,3,6,Asian,Asian,Asian
prof_cleaner_seed106_crop.png,sd35,prof_cleaner,Unclear,Unclear,Unclear,Man,White,30,False,2,80.14,1,Unclear,Man,Man,Unclear,Unclear,Unclear,Unclear,Unclear,Unclear
prof_cleaner_seed106_crop.png,sd35,prof_cleaner,Unclear,Unclear,Unclear,Man,White,30,False,2,80.14,1,Man,Man,Man,5,3,5,White,Asian,Asian
prof_cleaner_seed106_crop.png,sd35,prof_cleaner,Unclear,Unclear,Unclear,Man,White,30,False,6,15.83,5,Man,Man,Man,5,2,6,White,White,White
prof_cleaner_seed106_crop.png,sd35,prof_cleaner,Unclear,Unclear,Unclear,Man,White,30,False,6,15.83,5,Man,Man,Man,5,3,5,Middle Eastern,White,White
prof_cleaner_seed106_crop.png,sd35,prof_cleaner,Unclear,Unclear,Unclear,Man,White,30,False,6,15.83,5,Woman,Woman,Woman,5,3,6,Asian,Asian,Asian
prof_cleaner_seed106_crop.png,sd35,prof_cleaner,Unclear,Unclear,Unclear,Man,White,30,False,6,15.83,5,Unclear,Man,Man,Unclear,Unclear,Unclear,Unclear,Unclear,Unclear
prof_cleaner_seed106_crop.png,sd35,prof_cleaner,Unclear,Unclear,Unclear,Man,White,30,False,6,15.83,5,Man,Man,Man,5,3,5,White,Asian,Asian
prof_cleaner_seed106_crop.png,sd35,prof_cleaner,Unclear,Unclear,Unclear,Man,White,30,False,5,61.47,1,Man,Man,Man,5,2,6,White,White,White
prof_cleaner_seed106_crop.png,sd35,prof_cleaner,Unclear,Unclear,Unclear,Man,White,30,False,5,61.47,1,Man,Man,Man,5,3,5,Middle Eastern,White,White
prof_cleaner_seed106_crop.png,sd35,prof_cleaner,Unclear,Unclear,Unclear,Man,White,30,False,5,61.47,1,Woman,Woman,Woman,5,3,6,Asian,Asian,Asian
prof_cleaner_seed106_crop.png,sd35,prof_cleaner,Unclear,Unclear,Unclear,Man,White,30,False,5,61.47,1,Unclear,Man,Man,Unclear,Unclear,Unclear,Unclear,Unclear,Unclear
prof_cleaner_seed106_crop.png,sd35,prof_cleaner,Unclear,Unclear,Unclear,Man,White,30,False,5,61.47,1,Man,Man,Man,5,3,5,White,Asian,Asian
prof_cleaner_seed106_crop.png,sd35,prof_cleaner,Unclear,Unclear,Unclear,Man,White,30,False,6,72.21,1,Man,Man,Man,5,2,6,White,White,White
prof_cleaner_seed106_crop.png,sd35,prof_cleaner,Unclear,Unclear,Unclear,Man,White,30,False,6,72.21,1,Man,Man,Man,5,3,5,Middle Eastern,White,White
prof_cleaner_seed106_crop.png,sd35,prof_cleaner,Unclear,Unclear,Unclear,Man,White,30,False,6,72.21,1,Woman,Woman,Woman,5,3,6,Asian,Asian,Asian
prof_cleaner_seed106_crop.png,sd35,prof_cleaner,Unclear,Unclear,Unclear,Man,White,30,False,6,72.21,1,Unclear,Man,Man,Unclear,Unclear,Unclear,Unclear,Unclear,Unclear
prof_cleaner_seed106_crop.png,sd35,prof_cleaner,Unclear,Unclear,Unclear,Man,White,30,False,6,72.21,1,Man,Man,Man,5,3,5,White,Asian,Asian
prof_cleaner_seed106_crop.png,sd35,prof_cleaner,Unclear,Unclear,Unclear,Man,White,30,False,4,-86.05,9,Man,Man,Man,5,2,6,White,White,White
prof_cleaner_seed106_crop.png,sd35,prof_cleaner,Unclear,Unclear,Unclear,Man,White,30,False,4,-86.05,9,Man,Man,Man,5,3,5,Middle Eastern,White,White
prof_cleaner_seed106_crop.png,sd35,prof_cleaner,Unclear,Unclear,Unclear,Man,White,30,False,4,-86.05,9,Woman,Woman,Woman,5,3,6,Asian,Asian,Asian
prof_cleaner_seed106_crop.png,sd35,prof_cleaner,Unclear,Unclear,Unclear,Man,White,30,False,4,-86.05,9,Unclear,Man,Man,Unclear,Unclear,Unclear,Unclear,Unclear,Unclear
prof_cleaner_seed106_crop.png,sd35,prof_cleaner,Unclear,Unclear,Unclear,Man,White,30,False,4,-86.05,9,Man,Man,Man,5,3,5,White,Asian,Asian
prof_cleaner_seed106_crop.png,sd35,prof_cleaner,Unclear,Unclear,Unclear,Man,White,34,False,2,80.14,1,Man,Man,Man,5,2,6,White,White,White
prof_cleaner_seed106_crop.png,sd35,prof_cleaner,Unclear,Unclear,Unclear,Man,White,34,False,2,80.14,1,Man,Man,Man,5,3,5,Middle Eastern,White,White
prof_cleaner_seed106_crop.png,sd35,prof_cleaner,Unclear,Unclear,Unclear,Man,White,34,False,2,80.14,1,Woman,Woman,Woman,5,3,6,Asian,Asian,Asian
prof_cleaner_seed106_crop.png,sd35,prof_cleaner,Unclear,Unclear,Unclear,Man,White,34,False,2,80.14,1,Unclear,Man,Man,Unclear,Unclear,Unclear,Unclear,Unclear,Unclear
prof_cleaner_seed106_crop.png,sd35,prof_cleaner,Unclear,Unclear,Unclear,Man,White,34,False,2,80.14,1,Man,Man,Man,5,3,5,White,Asian,Asian
prof_cleaner_seed106_crop.png,sd35,prof_cleaner,Unclear,Unclear,Unclear,Man,White,34,False,6,15.83,5,Man,Man,Man,5,2,6,White,White,White
prof_cleaner_seed106_crop.png,sd35,prof_cleaner,Unclear,Unclear,Unclear,Man,White,34,False,6,15.83,5,Man,Man,Man,5,3,5,Middle Eastern,White,White
prof_cleaner_seed106_crop.png,sd35,prof_cleaner,Unclear,Unclear,Unclear,Man,White,34,False,6,15.83,5,Woman,Woman,Woman,5,3,6,Asian,Asian,Asian
prof_cleaner_seed106_crop.png,sd35,prof_cleaner,Unclear,Unclear,Unclear,Man,White,34,False,6,15.83,5,Unclear,Man,Man,Unclear,Unclear,Unclear,Unclear,Unclear,Unclear
prof_cleaner_seed106_crop.png,sd35,prof_cleaner,Unclear,Unclear,Unclear,Man,White,34,False,6,15.83,5,Man,Man,Man,5,3,5,White,Asian,Asian
prof_cleaner_seed106_crop.png,sd35,prof_cleaner,Unclear,Unclear,Unclear,Man,White,34,False,5,61.47,1,Man,Man,Man,5,2,6,White,White,White
prof_cleaner_seed106_crop.png,sd35,prof_cleaner,Unclear,Unclear,Unclear,Man,White,34,False,5,61.47,1,Man,Man,Man,5,3,5,Middle Eastern,White,White
prof_cleaner_seed106_crop.png,sd35,prof_cleaner,Unclear,Unclear,Unclear,Man,White,34,False,5,61.47,1,Woman,Woman,Woman,5,3,6,Asian,Asian,Asian
prof_cleaner_seed106_crop.png,sd35,prof_cleaner,Unclear,Unclear,Unclear,Man,White,34,False,5,61.47,1,Unclear,Man,Man,Unclear,Unclear,Unclear,Unclear,Unclear,Unclear
prof_cleaner_seed106_crop.png,sd35,prof_cleaner,Unclear,Unclear,Unclear,Man,White,34,False,5,61.47,1,Man,Man,Man,5,3,5,White,Asian,Asian
prof_cleaner_seed106_crop.png,sd35,prof_cleaner,Unclear,Unclear,Unclear,Man,White,34,False,6,72.21,1,Man,Man,Man,5,2,6,White,White,White
prof_cleaner_seed106_crop.png,sd35,prof_cleaner,Unclear,Unclear,Unclear,Man,White,34,False,6,72.21,1,Man,Man,Man,5,3,5,Middle Eastern,White,White
prof_cleaner_seed106_crop.png,sd35,prof_cleaner,Unclear,Unclear,Unclear,Man,White,34,False,6,72.21,1,Woman,Woman,Woman,5,3,6,Asian,Asian,Asian
prof_cleaner_seed106_crop.png,sd35,prof_cleaner,Unclear,Unclear,Unclear,Man,White,34,False,6,72.21,1,Unclear,Man,Man,Unclear,Unclear,Unclear,Unclear,Unclear,Unclear
prof_cleaner_seed106_crop.png,sd35,prof_cleaner,Unclear,Unclear,Unclear,Man,White,34,False,6,72.21,1,Man,Man,Man,5,3,5,White,Asian,Asian
prof_cleaner_seed106_crop.png,sd35,prof_cleaner,Unclear,Unclear,Unclear,Man,White,34,False,4,-86.05,9,Man,Man,Man,5,2,6,White,White,White
prof_cleaner_seed106_crop.png,sd35,prof_cleaner,Unclear,Unclear,Unclear,Man,White,34,False,4,-86.05,9,Man,Man,Man,5,3,5,Middle Eastern,White,White
prof_cleaner_seed106_crop.png,sd35,prof_cleaner,Unclear,Unclear,Unclear,Man,White,34,False,4,-86.05,9,Woman,Woman,Woman,5,3,6,Asian,Asian,Asian
prof_cleaner_seed106_crop.png,sd35,prof_cleaner,Unclear,Unclear,Unclear,Man,White,34,False,4,-86.05,9,Unclear,Man,Man,Unclear,Unclear,Unclear,Unclear,Unclear,Unclear
prof_cleaner_seed106_crop.png,sd35,prof_cleaner,Unclear,Unclear,Unclear,Man,White,34,False,4,-86.05,9,Man,Man,Man,5,3,5,White,Asian,Asian
prof_cleaner_seed106_crop.png,sd35,prof_cleaner,Unclear,Unclear,Unclear,Man,White,26,False,2,80.14,1,Man,Man,Man,5,2,6,White,White,White
prof_cleaner_seed106_crop.png,sd35,prof_cleaner,Unclear,Unclear,Unclear,Man,White,26,False,2,80.14,1,Man,Man,Man,5,3,5,Middle Eastern,White,White
prof_cleaner_seed106_crop.png,sd35,prof_cleaner,Unclear,Unclear,Unclear,Man,White,26,False,2,80.14,1,Woman,Woman,Woman,5,3,6,Asian,Asian,Asian
prof_cleaner_seed106_crop.png,sd35,prof_cleaner,Unclear,Unclear,Unclear,Man,White,26,False,2,80.14,1,Unclear,Man,Man,Unclear,Unclear,Unclear,Unclear,Unclear,Unclear
prof_cleaner_seed106_crop.png,sd35,prof_cleaner,Unclear,Unclear,Unclear,Man,White,26,False,2,80.14,1,Man,Man,Man,5,3,5,White,Asian,Asian
prof_cleaner_seed106_crop.png,sd35,prof_cleaner,Unclear,Unclear,Unclear,Man,White,26,False,6,15.83,5,Man,Man,Man,5,2,6,White,White,White
prof_cleaner_seed106_crop.png,sd35,prof_cleaner,Unclear,Unclear,Unclear,Man,White,26,False,6,15.83,5,Man,Man,Man,5,3,5,Middle Eastern,White,White
prof_cleaner_seed106_crop.png,sd35,prof_cleaner,Unclear,Unclear,Unclear,Man,White,26,False,6,15.83,5,Woman,Woman,Woman,5,3,6,Asian,Asian,Asian
prof_cleaner_seed106_crop.png,sd35,prof_cleaner,Unclear,Unclear,Unclear,Man,White,26,False,6,15.83,5,Unclear,Man,Man,Unclear,Unclear,Unclear,Unclear,Unclear,Unclear
prof_cleaner_seed106_crop.png,sd35,prof_cleaner,Unclear,Unclear,Unclear,Man,White,26,False,6,15.83,5,Man,Man,Man,5,3,5,White,Asian,Asian
prof_cleaner_seed106_crop.png,sd35,prof_cleaner,Unclear,Unclear,Unclear,Man,White,26,False,5,61.47,1,Man,Man,Man,5,2,6,White,White,White
prof_cleaner_seed106_crop.png,sd35,prof_cleaner,Unclear,Unclear,Unclear,Man,White,26,False,5,61.47,1,Man,Man,Man,5,3,5,Middle Eastern,White,White
prof_cleaner_seed106_crop.png,sd35,prof_cleaner,Unclear,Unclear,Unclear,Man,White,26,False,5,61.47,1,Woman,Woman,Woman,5,3,6,Asian,Asian,Asian
prof_cleaner_seed106_crop.png,sd35,prof_cleaner,Unclear,Unclear,Unclear,Man,White,26,False,5,61.47,1,Unclear,Man,Man,Unclear,Unclear,Unclear,Unclear,Unclear,Unclear
prof_cleaner_seed106_crop.png,sd35,prof_cleaner,Unclear,Unclear,Unclear,Man,White,26,False,5,61.47,1,Man,Man,Man,5,3,5,White,Asian,Asian
prof_cleaner_seed106_crop.png,sd35,prof_cleaner,Unclear,Unclear,Unclear,Man,White,26,False,6,72.21,1,Man,Man,Man,5,2,6,White,White,White
prof_cleaner_seed106_crop.png,sd35,prof_cleaner,Unclear,Unclear,Unclear,Man,White,26,False,6,72.21,1,Man,Man,Man,5,3,5,Middle Eastern,White,White
prof_cleaner_seed106_crop.png,sd35,prof_cleaner,Unclear,Unclear,Unclear,Man,White,26,False,6,72.21,1,Woman,Woman,Woman,5,3,6,Asian,Asian,Asian
prof_cleaner_seed106_crop.png,sd35,prof_cleaner,Unclear,Unclear,Unclear,Man,White,26,False,6,72.21,1,Unclear,Man,Man,Unclear,Unclear,Unclear,Unclear,Unclear,Unclear
prof_cleaner_seed106_crop.png,sd35,prof_cleaner,Unclear,Unclear,Unclear,Man,White,26,False,6,72.21,1,Man,Man,Man,5,3,5,White,Asian,Asian
prof_cleaner_seed106_crop.png,sd35,prof_cleaner,Unclear,Unclear,Unclear,Man,White,26,False,4,-86.05,9,Man,Man,Man,5,2,6,White,White,White
prof_cleaner_seed106_crop.png,sd35,prof_cleaner,Unclear,Unclear,Unclear,Man,White,26,False,4,-86.05,9,Man,Man,Man,5,3,5,Middle Eastern,White,White
prof_cleaner_seed106_crop.png,sd35,prof_cleaner,Unclear,Unclear,Unclear,Man,White,26,False,4,-86.05,9,Woman,Woman,Woman,5,3,6,Asian,Asian,Asian
prof_cleaner_seed106_crop.png,sd35,prof_cleaner,Unclear,Unclear,Unclear,Man,White,26,False,4,-86.05,9,Unclear,Man,Man,Unclear,Unclear,Unclear,Unclear,Unclear,Unclear
prof_cleaner_seed106_crop.png,sd35,prof_cleaner,Unclear,Unclear,Unclear,Man,White,26,False,4,-86.05,9,Man,Man,Man,5,3,5,White,Asian,Asian
prof_cleaner_seed106_crop.png,sd35,prof_cleaner,Unclear,Unclear,Unclear,Man,Middle Eastern,25,True,2,80.14,1,Man,Man,Man,5,2,6,White,White,White
prof_cleaner_seed106_crop.png,sd35,prof_cleaner,Unclear,Unclear,Unclear,Man,Middle Eastern,25,True,2,80.14,1,Man,Man,Man,5,3,5,Middle Eastern,White,White
prof_cleaner_seed106_crop.png,sd35,prof_cleaner,Unclear,Unclear,Unclear,Man,Middle Eastern,25,True,2,80.14,1,Woman,Woman,Woman,5,3,6,Asian,Asian,Asian
prof_cleaner_seed106_crop.png,sd35,prof_cleaner,Unclear,Unclear,Unclear,Man,Middle Eastern,25,True,2,80.14,1,Unclear,Man,Man,Unclear,Unclear,Unclear,Unclear,Unclear,Unclear
prof_cleaner_seed106_crop.png,sd35,prof_cleaner,Unclear,Unclear,Unclear,Man,Middle Eastern,25,True,2,80.14,1,Man,Man,Man,5,3,5,White,Asian,Asian
prof_cleaner_seed106_crop.png,sd35,prof_cleaner,Unclear,Unclear,Unclear,Man,Middle Eastern,25,True,6,15.83,5,Man,Man,Man,5,2,6,White,White,White
prof_cleaner_seed106_crop.png,sd35,prof_cleaner,Unclear,Unclear,Unclear,Man,Middle Eastern,25,True,6,15.83,5,Man,Man,Man,5,3,5,Middle Eastern,White,White
prof_cleaner_seed106_crop.png,sd35,prof_cleaner,Unclear,Unclear,Unclear,Man,Middle Eastern,25,True,6,15.83,5,Woman,Woman,Woman,5,3,6,Asian,Asian,Asian
prof_cleaner_seed106_crop.png,sd35,prof_cleaner,Unclear,Unclear,Unclear,Man,Middle Eastern,25,True,6,15.83,5,Unclear,Man,Man,Unclear,Unclear,Unclear,Unclear,Unclear,Unclear
prof_cleaner_seed106_crop.png,sd35,prof_cleaner,Unclear,Unclear,Unclear,Man,Middle Eastern,25,True,6,15.83,5,Man,Man,Man,5,3,5,White,Asian,Asian
prof_cleaner_seed106_crop.png,sd35,prof_cleaner,Unclear,Unclear,Unclear,Man,Middle Eastern,25,True,5,61.47,1,Man,Man,Man,5,2,6,White,White,White
prof_cleaner_seed106_crop.png,sd35,prof_cleaner,Unclear,Unclear,Unclear,Man,Middle Eastern,25,True,5,61.47,1,Man,Man,Man,5,3,5,Middle Eastern,White,White
prof_cleaner_seed106_crop.png,sd35,prof_cleaner,Unclear,Unclear,Unclear,Man,Middle Eastern,25,True,5,61.47,1,Woman,Woman,Woman,5,3,6,Asian,Asian,Asian
prof_cleaner_seed106_crop.png,sd35,prof_cleaner,Unclear,Unclear,Unclear,Man,Middle Eastern,25,True,5,61.47,1,Unclear,Man,Man,Unclear,Unclear,Unclear,Unclear,Unclear,Unclear
prof_cleaner_seed106_crop.png,sd35,prof_cleaner,Unclear,Unclear,Unclear,Man,Middle Eastern,25,True,5,61.47,1,Man,Man,Man,5,3,5,White,Asian,Asian
prof_cleaner_seed106_crop.png,sd35,prof_cleaner,Unclear,Unclear,Unclear,Man,Middle Eastern,25,True,6,72.21,1,Man,Man,Man,5,2,6,White,White,White
prof_cleaner_seed106_crop.png,sd35,prof_cleaner,Unclear,Unclear,Unclear,Man,Middle Eastern,25,True,6,72.21,1,Man,Man,Man,5,3,5,Middle Eastern,White,White
prof_cleaner_seed106_crop.png,sd35,prof_cleaner,Unclear,Unclear,Unclear,Man,Middle Eastern,25,True,6,72.21,1,Woman,Woman,Woman,5,3,6,Asian,Asian,Asian
prof_cleaner_seed106_crop.png,sd35,prof_cleaner,Unclear,Unclear,Unclear,Man,Middle Eastern,25,True,6,72.21,1,Unclear,Man,Man,Unclear,Unclear,Unclear,Unclear,Unclear,Unclear
prof_cleaner_seed106_crop.png,sd35,prof_cleaner,Unclear,Unclear,Unclear,Man,Middle Eastern,25,True,6,72.21,1,Man,Man,Man,5,3,5,White,Asian,Asian
prof_cleaner_seed106_crop.png,sd35,prof_cleaner,Unclear,Unclear,Unclear,Man,Middle Eastern,25,True,4,-86.05,9,Man,Man,Man,5,2,6,White,White,White
prof_cleaner_seed106_crop.png,sd35,prof_cleaner,Unclear,Unclear,Unclear,Man,Middle Eastern,25,True,4,-86.05,9,Man,Man,Man,5,3,5,Middle Eastern,White,White
prof_cleaner_seed106_crop.png,sd35,prof_cleaner,Unclear,Unclear,Unclear,Man,Middle Eastern,25,True,4,-86.05,9,Woman,Woman,Woman,5,3,6,Asian,Asian,Asian
prof_cleaner_seed106_crop.png,sd35,prof_cleaner,Unclear,Unclear,Unclear,Man,Middle Eastern,25,True,4,-86.05,9,Unclear,Man,Man,Unclear,Unclear,Unclear,Unclear,Unclear,Unclear
prof_cleaner_seed106_crop.png,sd35,prof_cleaner,Unclear,Unclear,Unclear,Man,Middle Eastern,25,True,4,-86.05,9,Man,Man,Man,5,3,5,White,Asian,Asian
prof_cleaner_seed106_crop.png,sd35,prof_cleaner,Unclear,Unclear,Unclear,Man,White,33,False,2,80.14,1,Man,Man,Man,5,2,6,White,White,White
prof_cleaner_seed106_crop.png,sd35,prof_cleaner,Unclear,Unclear,Unclear,Man,White,33,False,2,80.14,1,Man,Man,Man,5,3,5,Middle Eastern,White,White
prof_cleaner_seed106_crop.png,sd35,prof_cleaner,Unclear,Unclear,Unclear,Man,White,33,False,2,80.14,1,Woman,Woman,Woman,5,3,6,Asian,Asian,Asian
prof_cleaner_seed106_crop.png,sd35,prof_cleaner,Unclear,Unclear,Unclear,Man,White,33,False,2,80.14,1,Unclear,Man,Man,Unclear,Unclear,Unclear,Unclear,Unclear,Unclear
prof_cleaner_seed106_crop.png,sd35,prof_cleaner,Unclear,Unclear,Unclear,Man,White,33,False,2,80.14,1,Man,Man,Man,5,3,5,White,Asian,Asian
prof_cleaner_seed106_crop.png,sd35,prof_cleaner,Unclear,Unclear,Unclear,Man,White,33,False,6,15.83,5,Man,Man,Man,5,2,6,White,White,White
prof_cleaner_seed106_crop.png,sd35,prof_cleaner,Unclear,Unclear,Unclear,Man,White,33,False,6,15.83,5,Man,Man,Man,5,3,5,Middle Eastern,White,White
prof_cleaner_seed106_crop.png,sd35,prof_cleaner,Unclear,Unclear,Unclear,Man,White,33,False,6,15.83,5,Woman,Woman,Woman,5,3,6,Asian,Asian,Asian
prof_cleaner_seed106_crop.png,sd35,prof_cleaner,Unclear,Unclear,Unclear,Man,White,33,False,6,15.83,5,Unclear,Man,Man,Unclear,Unclear,Unclear,Unclear,Unclear,Unclear
prof_cleaner_seed106_crop.png,sd35,prof_cleaner,Unclear,Unclear,Unclear,Man,White,33,False,6,15.83,5,Man,Man,Man,5,3,5,White,Asian,Asian
prof_cleaner_seed106_crop.png,sd35,prof_cleaner,Unclear,Unclear,Unclear,Man,White,33,False,5,61.47,1,Man,Man,Man,5,2,6,White,White,White
prof_cleaner_seed106_crop.png,sd35,prof_cleaner,Unclear,Unclear,Unclear,Man,White,33,False,5,61.47,1,Man,Man,Man,5,3,5,Middle Eastern,White,White
prof_cleaner_seed106_crop.png,sd35,prof_cleaner,Unclear,Unclear,Unclear,Man,White,33,False,5,61.47,1,Woman,Woman,Woman,5,3,6,Asian,Asian,Asian
prof_cleaner_seed106_crop.png,sd35,prof_cleaner,Unclear,Unclear,Unclear,Man,White,33,False,5,61.47,1,Unclear,Man,Man,Unclear,Unclear,Unclear,Unclear,Unclear,Unclear
prof_cleaner_seed106_crop.png,sd35,prof_cleaner,Unclear,Unclear,Unclear,Man,White,33,False,5,61.47,1,Man,Man,Man,5,3,5,White,Asian,Asian
prof_cleaner_seed106_crop.png,sd35,prof_cleaner,Unclear,Unclear,Unclear,Man,White,33,False,6,72.21,1,Man,Man,Man,5,2,6,White,White,White
prof_cleaner_seed106_crop.png,sd35,prof_cleaner,Unclear,Unclear,Unclear,Man,White,33,False,6,72.21,1,Man,Man,Man,5,3,5,Middle Eastern,White,White
prof_cleaner_seed106_crop.png,sd35,prof_cleaner,Unclear,Unclear,Unclear,Man,White,33,False,6,72.21,1,Woman,Woman,Woman,5,3,6,Asian,Asian,Asian
prof_cleaner_seed106_crop.png,sd35,prof_cleaner,Unclear,Unclear,Unclear,Man,White,33,False,6,72.21,1,Unclear,Man,Man,Unclear,Unclear,Unclear,Unclear,Unclear,Unclear
prof_cleaner_seed106_crop.png,sd35,prof_cleaner,Unclear,Unclear,Unclear,Man,White,33,False,6,72.21,1,Man,Man,Man,5,3,5,White,Asian,Asian
prof_cleaner_seed106_crop.png,sd35,prof_cleaner,Unclear,Unclear,Unclear,Man,White,33,False,4,-86.05,9,Man,Man,Man,5,2,6,White,White,White
prof_cleaner_seed106_crop.png,sd35,prof_cleaner,Unclear,Unclear,Unclear,Man,White,33,False,4,-86.05,9,Man,Man,Man,5,3,5,Middle Eastern,White,White
prof_cleaner_seed106_crop.png,sd35,prof_cleaner,Unclear,Unclear,Unclear,Man,White,33,False,4,-86.05,9,Woman,Woman,Woman,5,3,6,Asian,Asian,Asian
prof_cleaner_seed106_crop.png,sd35,prof_cleaner,Unclear,Unclear,Unclear,Man,White,33,False,4,-86.05,9,Unclear,Man,Man,Unclear,Unclear,Unclear,Unclear,Unclear,Unclear
prof_cleaner_seed106_crop.png,sd35,prof_cleaner,Unclear,Unclear,Unclear,Man,White,33,False,4,-86.05,9,Man,Man,Man,5,3,5,White,Asian,Asian
prof_cleaner_seed106_crop.png,sd35,prof_cleaner,Unclear,Unclear,Unclear,Man,White,30,False,2,80.14,1,Man,Man,Man,5,2,6,White,White,White
prof_cleaner_seed106_crop.png,sd35,prof_cleaner,Unclear,Unclear,Unclear,Man,White,30,False,2,80.14,1,Man,Man,Man,5,3,5,Middle Eastern,White,White
prof_cleaner_seed106_crop.png,sd35,prof_cleaner,Unclear,Unclear,Unclear,Man,White,30,False,2,80.14,1,Woman,Woman,Woman,5,3,6,Asian,Asian,Asian
prof_cleaner_seed106_crop.png,sd35,prof_cleaner,Unclear,Unclear,Unclear,Man,White,30,False,2,80.14,1,Unclear,Man,Man,Unclear,Unclear,Unclear,Unclear,Unclear,Unclear
prof_cleaner_seed106_crop.png,sd35,prof_cleaner,Unclear,Unclear,Unclear,Man,White,30,False,2,80.14,1,Man,Man,Man,5,3,5,White,Asian,Asian
prof_cleaner_seed106_crop.png,sd35,prof_cleaner,Unclear,Unclear,Unclear,Man,White,30,False,6,15.83,5,Man,Man,Man,5,2,6,White,White,White
prof_cleaner_seed106_crop.png,sd35,prof_cleaner,Unclear,Unclear,Unclear,Man,White,30,False,6,15.83,5,Man,Man,Man,5,3,5,Middle Eastern,White,White
prof_cleaner_seed106_crop.png,sd35,prof_cleaner,Unclear,Unclear,Unclear,Man,White,30,False,6,15.83,5,Woman,Woman,Woman,5,3,6,Asian,Asian,Asian
prof_cleaner_seed106_crop.png,sd35,prof_cleaner,Unclear,Unclear,Unclear,Man,White,30,False,6,15.83,5,Unclear,Man,Man,Unclear,Unclear,Unclear,Unclear,Unclear,Unclear
prof_cleaner_seed106_crop.png,sd35,prof_cleaner,Unclear,Unclear,Unclear,Man,White,30,False,6,15.83,5,Man,Man,Man,5,3,5,White,Asian,Asian
prof_cleaner_seed106_crop.png,sd35,prof_cleaner,Unclear,Unclear,Unclear,Man,White,30,False,5,61.47,1,Man,Man,Man,5,2,6,White,White,White
prof_cleaner_seed106_crop.png,sd35,prof_cleaner,Unclear,Unclear,Unclear,Man,White,30,False,5,61.47,1,Man,Man,Man,5,3,5,Middle Eastern,White,White
prof_cleaner_seed106_crop.png,sd35,prof_cleaner,Unclear,Unclear,Unclear,Man,White,30,False,5,61.47,1,Woman,Woman,Woman,5,3,6,Asian,Asian,Asian
prof_cleaner_seed106_crop.png,sd35,prof_cleaner,Unclear,Unclear,Unclear,Man,White,30,False,5,61.47,1,Unclear,Man,Man,Unclear,Unclear,Unclear,Unclear,Unclear,Unclear
prof_cleaner_seed106_crop.png,sd35,prof_cleaner,Unclear,Unclear,Unclear,Man,White,30,False,5,61.47,1,Man,Man,Man,5,3,5,White,Asian,Asian
prof_cleaner_seed106_crop.png,sd35,prof_cleaner,Unclear,Unclear,Unclear,Man,White,30,False,6,72.21,1,Man,Man,Man,5,2,6,White,White,White
prof_cleaner_seed106_crop.png,sd35,prof_cleaner,Unclear,Unclear,Unclear,Man,White,30,False,6,72.21,1,Man,Man,Man,5,3,5,Middle Eastern,White,White
prof_cleaner_seed106_crop.png,sd35,prof_cleaner,Unclear,Unclear,Unclear,Man,White,30,False,6,72.21,1,Woman,Woman,Woman,5,3,6,Asian,Asian,Asian
prof_cleaner_seed106_crop.png,sd35,prof_cleaner,Unclear,Unclear,Unclear,Man,White,30,False,6,72.21,1,Unclear,Man,Man,Unclear,Unclear,Unclear,Unclear,Unclear,Unclear
prof_cleaner_seed106_crop.png,sd35,prof_cleaner,Unclear,Unclear,Unclear,Man,White,30,False,6,72.21,1,Man,Man,Man,5,3,5,White,Asian,Asian
prof_cleaner_seed106_crop.png,sd35,prof_cleaner,Unclear,Unclear,Unclear,Man,White,30,False,4,-86.05,9,Man,Man,Man,5,2,6,White,White,White
prof_cleaner_seed106_crop.png,sd35,prof_cleaner,Unclear,Unclear,Unclear,Man,White,30,False,4,-86.05,9,Man,Man,Man,5,3,5,Middle Eastern,White,White
prof_cleaner_seed106_crop.png,sd35,prof_cleaner,Unclear,Unclear,Unclear,Man,White,30,False,4,-86.05,9,Woman,Woman,Woman,5,3,6,Asian,Asian,Asian
prof_cleaner_seed106_crop.png,sd35,prof_cleaner,Unclear,Unclear,Unclear,Man,White,30,False,4,-86.05,9,Unclear,Man,Man,Unclear,Unclear,Unclear,Unclear,Unclear,Unclear
prof_cleaner_seed106_crop.png,sd35,prof_cleaner,Unclear,Unclear,Unclear,Man,White,30,False,4,-86.05,9,Man,Man,Man,5,3,5,White,Asian,Asian
prof_doctor_seed108_crop.png,flux,prof_doctor,Man,Asian,5,Man,Latino Hispanic,27,True,6,88.82,1,Man,Man,Man,5,3,5,Indian,Asian,Asian
prof_doctor_seed108_crop.png,flux,prof_doctor,Man,Asian,5,Man,Latino Hispanic,27,True,6,88.82,1,Man,Man,Man,5,3,3,Middle Eastern,Asian,Asian
prof_doctor_seed108_crop.png,flux,prof_doctor,Man,Asian,5,Man,Latino Hispanic,27,True,6,88.82,1,Man,Man,Man,5,3,6,Middle Eastern,White,White
prof_doctor_seed108_crop.png,flux,prof_doctor,Man,Asian,5,Man,Latino Hispanic,27,True,6,88.82,1,Man,Man,Man,5,Unclear,3,White,Unclear,White
prof_doctor_seed108_crop.png,flux,prof_doctor,Man,Asian,5,Man,Latino Hispanic,27,True,6,88.82,1,Woman,Woman,Woman,3,2,5,Asian,Asian,Asian
prof_doctor_seed108_crop.png,flux,prof_doctor,Man,Asian,5,Man,Latino Hispanic,27,True,5,72.6,1,Man,Man,Man,5,3,5,Indian,Asian,Asian
prof_doctor_seed108_crop.png,flux,prof_doctor,Man,Asian,5,Man,Latino Hispanic,27,True,5,72.6,1,Man,Man,Man,5,3,3,Middle Eastern,Asian,Asian
prof_doctor_seed108_crop.png,flux,prof_doctor,Man,Asian,5,Man,Latino Hispanic,27,True,5,72.6,1,Man,Man,Man,5,3,6,Middle Eastern,White,White
prof_doctor_seed108_crop.png,flux,prof_doctor,Man,Asian,5,Man,Latino Hispanic,27,True,5,72.6,1,Man,Man,Man,5,Unclear,3,White,Unclear,White
prof_doctor_seed108_crop.png,flux,prof_doctor,Man,Asian,5,Man,Latino Hispanic,27,True,5,72.6,1,Woman,Woman,Woman,3,2,5,Asian,Asian,Asian
prof_doctor_seed108_crop.png,flux,prof_doctor,Man,Asian,5,Man,Latino Hispanic,27,True,6,84.9,1,Man,Man,Man,5,3,5,Indian,Asian,Asian
prof_doctor_seed108_crop.png,flux,prof_doctor,Man,Asian,5,Man,Latino Hispanic,27,True,6,84.9,1,Man,Man,Man,5,3,3,Middle Eastern,Asian,Asian
prof_doctor_seed108_crop.png,flux,prof_doctor,Man,Asian,5,Man,Latino Hispanic,27,True,6,84.9,1,Man,Man,Man,5,3,6,Middle Eastern,White,White
prof_doctor_seed108_crop.png,flux,prof_doctor,Man,Asian,5,Man,Latino Hispanic,27,True,6,84.9,1,Man,Man,Man,5,Unclear,3,White,Unclear,White
prof_doctor_seed108_crop.png,flux,prof_doctor,Man,Asian,5,Man,Latino Hispanic,27,True,6,84.9,1,Woman,Woman,Woman,3,2,5,Asian,Asian,Asian
prof_doctor_seed108_crop.png,flux,prof_doctor,Man,Asian,5,Man,Latino Hispanic,27,True,6,47.82,2,Man,Man,Man,5,3,5,Indian,Asian,Asian
prof_doctor_seed108_crop.png,flux,prof_doctor,Man,Asian,5,Man,Latino Hispanic,27,True,6,47.82,2,Man,Man,Man,5,3,3,Middle Eastern,Asian,Asian
prof_doctor_seed108_crop.png,flux,prof_doctor,Man,Asian,5,Man,Latino Hispanic,27,True,6,47.82,2,Man,Man,Man,5,3,6,Middle Eastern,White,White
prof_doctor_seed108_crop.png,flux,prof_doctor,Man,Asian,5,Man,Latino Hispanic,27,True,6,47.82,2,Man,Man,Man,5,Unclear,3,White,Unclear,White
prof_doctor_seed108_crop.png,flux,prof_doctor,Man,Asian,5,Man,Latino Hispanic,27,True,6,47.82,2,Woman,Woman,Woman,3,2,5,Asian,Asian,Asian
prof_doctor_seed108_crop.png,flux,prof_doctor,Man,Asian,5,Man,Latino Hispanic,27,True,1,-78.94,9,Man,Man,Man,5,3,5,Indian,Asian,Asian
prof_doctor_seed108_crop.png,flux,prof_doctor,Man,Asian,5,Man,Latino Hispanic,27,True,1,-78.94,9,Man,Man,Man,5,3,3,Middle Eastern,Asian,Asian
prof_doctor_seed108_crop.png,flux,prof_doctor,Man,Asian,5,Man,Latino Hispanic,27,True,1,-78.94,9,Man,Man,Man,5,3,6,Middle Eastern,White,White
prof_doctor_seed108_crop.png,flux,prof_doctor,Man,Asian,5,Man,Latino Hispanic,27,True,1,-78.94,9,Man,Man,Man,5,Unclear,3,White,Unclear,White
prof_doctor_seed108_crop.png,flux,prof_doctor,Man,Asian,5,Man,Latino Hispanic,27,True,1,-78.94,9,Woman,Woman,Woman,3,2,5,Asian,Asian,Asian
prof_doctor_seed108_crop.png,flux,prof_doctor,Man,Asian,5,Man,White,38,True,6,88.82,1,Man,Man,Man,5,3,5,Indian,Asian,Asian
prof_doctor_seed108_crop.png,flux,prof_doctor,Man,Asian,5,Man,White,38,True,6,88.82,1,Man,Man,Man,5,3,3,Middle Eastern,Asian,Asian
prof_doctor_seed108_crop.png,flux,prof_doctor,Man,Asian,5,Man,White,38,True,6,88.82,1,Man,Man,Man,5,3,6,Middle Eastern,White,White
prof_doctor_seed108_crop.png,flux,prof_doctor,Man,Asian,5,Man,White,38,True,6,88.82,1,Man,Man,Man,5,Unclear,3,White,Unclear,White
prof_doctor_seed108_crop.png,flux,prof_doctor,Man,Asian,5,Man,White,38,True,6,88.82,1,Woman,Woman,Woman,3,2,5,Asian,Asian,Asian
prof_doctor_seed108_crop.png,flux,prof_doctor,Man,Asian,5,Man,White,38,True,5,72.6,1,Man,Man,Man,5,3,5,Indian,Asian,Asian
prof_doctor_seed108_crop.png,flux,prof_doctor,Man,Asian,5,Man,White,38,True,5,72.6,1,Man,Man,Man,5,3,3,Middle Eastern,Asian,Asian
prof_doctor_seed108_crop.png,flux,prof_doctor,Man,Asian,5,Man,White,38,True,5,72.6,1,Man,Man,Man,5,3,6,Middle Eastern,White,White
prof_doctor_seed108_crop.png,flux,prof_doctor,Man,Asian,5,Man,White,38,True,5,72.6,1,Man,Man,Man,5,Unclear,3,White,Unclear,White
prof_doctor_seed108_crop.png,flux,prof_doctor,Man,Asian,5,Man,White,38,True,5,72.6,1,Woman,Woman,Woman,3,2,5,Asian,Asian,Asian
prof_doctor_seed108_crop.png,flux,prof_doctor,Man,Asian,5,Man,White,38,True,6,84.9,1,Man,Man,Man,5,3,5,Indian,Asian,Asian
prof_doctor_seed108_crop.png,flux,prof_doctor,Man,Asian,5,Man,White,38,True,6,84.9,1,Man,Man,Man,5,3,3,Middle Eastern,Asian,Asian
prof_doctor_seed108_crop.png,flux,prof_doctor,Man,Asian,5,Man,White,38,True,6,84.9,1,Man,Man,Man,5,3,6,Middle Eastern,White,White
prof_doctor_seed108_crop.png,flux,prof_doctor,Man,Asian,5,Man,White,38,True,6,84.9,1,Man,Man,Man,5,Unclear,3,White,Unclear,White
prof_doctor_seed108_crop.png,flux,prof_doctor,Man,Asian,5,Man,White,38,True,6,84.9,1,Woman,Woman,Woman,3,2,5,Asian,Asian,Asian
prof_doctor_seed108_crop.png,flux,prof_doctor,Man,Asian,5,Man,White,38,True,6,47.82,2,Man,Man,Man,5,3,5,Indian,Asian,Asian
prof_doctor_seed108_crop.png,flux,prof_doctor,Man,Asian,5,Man,White,38,True,6,47.82,2,Man,Man,Man,5,3,3,Middle Eastern,Asian,Asian
prof_doctor_seed108_crop.png,flux,prof_doctor,Man,Asian,5,Man,White,38,True,6,47.82,2,Man,Man,Man,5,3,6,Middle Eastern,White,White
prof_doctor_seed108_crop.png,flux,prof_doctor,Man,Asian,5,Man,White,38,True,6,47.82,2,Man,Man,Man,5,Unclear,3,White,Unclear,White
prof_doctor_seed108_crop.png,flux,prof_doctor,Man,Asian,5,Man,White,38,True,6,47.82,2,Woman,Woman,Woman,3,2,5,Asian,Asian,Asian
prof_doctor_seed108_crop.png,flux,prof_doctor,Man,Asian,5,Man,White,38,True,1,-78.94,9,Man,Man,Man,5,3,5,Indian,Asian,Asian
prof_doctor_seed108_crop.png,flux,prof_doctor,Man,Asian,5,Man,White,38,True,1,-78.94,9,Man,Man,Man,5,3,3,Middle Eastern,Asian,Asian
prof_doctor_seed108_crop.png,flux,prof_doctor,Man,Asian,5,Man,White,38,True,1,-78.94,9,Man,Man,Man,5,3,6,Middle Eastern,White,White
prof_doctor_seed108_crop.png,flux,prof_doctor,Man,Asian,5,Man,White,38,True,1,-78.94,9,Man,Man,Man,5,Unclear,3,White,Unclear,White
prof_doctor_seed108_crop.png,flux,prof_doctor,Man,Asian,5,Man,White,38,True,1,-78.94,9,Woman,Woman,Woman,3,2,5,Asian,Asian,Asian
prof_doctor_seed108_crop.png,flux,prof_doctor,Man,Asian,5,Man,Latino Hispanic,22,True,6,88.82,1,Man,Man,Man,5,3,5,Indian,Asian,Asian
prof_doctor_seed108_crop.png,flux,prof_doctor,Man,Asian,5,Man,Latino Hispanic,22,True,6,88.82,1,Man,Man,Man,5,3,3,Middle Eastern,Asian,Asian
prof_doctor_seed108_crop.png,flux,prof_doctor,Man,Asian,5,Man,Latino Hispanic,22,True,6,88.82,1,Man,Man,Man,5,3,6,Middle Eastern,White,White
prof_doctor_seed108_crop.png,flux,prof_doctor,Man,Asian,5,Man,Latino Hispanic,22,True,6,88.82,1,Man,Man,Man,5,Unclear,3,White,Unclear,White
prof_doctor_seed108_crop.png,flux,prof_doctor,Man,Asian,5,Man,Latino Hispanic,22,True,6,88.82,1,Woman,Woman,Woman,3,2,5,Asian,Asian,Asian
prof_doctor_seed108_crop.png,flux,prof_doctor,Man,Asian,5,Man,Latino Hispanic,22,True,5,72.6,1,Man,Man,Man,5,3,5,Indian,Asian,Asian
prof_doctor_seed108_crop.png,flux,prof_doctor,Man,Asian,5,Man,Latino Hispanic,22,True,5,72.6,1,Man,Man,Man,5,3,3,Middle Eastern,Asian,Asian
prof_doctor_seed108_crop.png,flux,prof_doctor,Man,Asian,5,Man,Latino Hispanic,22,True,5,72.6,1,Man,Man,Man,5,3,6,Middle Eastern,White,White
prof_doctor_seed108_crop.png,flux,prof_doctor,Man,Asian,5,Man,Latino Hispanic,22,True,5,72.6,1,Man,Man,Man,5,Unclear,3,White,Unclear,White
prof_doctor_seed108_crop.png,flux,prof_doctor,Man,Asian,5,Man,Latino Hispanic,22,True,5,72.6,1,Woman,Woman,Woman,3,2,5,Asian,Asian,Asian
prof_doctor_seed108_crop.png,flux,prof_doctor,Man,Asian,5,Man,Latino Hispanic,22,True,6,84.9,1,Man,Man,Man,5,3,5,Indian,Asian,Asian
prof_doctor_seed108_crop.png,flux,prof_doctor,Man,Asian,5,Man,Latino Hispanic,22,True,6,84.9,1,Man,Man,Man,5,3,3,Middle Eastern,Asian,Asian
prof_doctor_seed108_crop.png,flux,prof_doctor,Man,Asian,5,Man,Latino Hispanic,22,True,6,84.9,1,Man,Man,Man,5,3,6,Middle Eastern,White,White
prof_doctor_seed108_crop.png,flux,prof_doctor,Man,Asian,5,Man,Latino Hispanic,22,True,6,84.9,1,Man,Man,Man,5,Unclear,3,White,Unclear,White
prof_doctor_seed108_crop.png,flux,prof_doctor,Man,Asian,5,Man,Latino Hispanic,22,True,6,84.9,1,Woman,Woman,Woman,3,2,5,Asian,Asian,Asian
prof_doctor_seed108_crop.png,flux,prof_doctor,Man,Asian,5,Man,Latino Hispanic,22,True,6,47.82,2,Man,Man,Man,5,3,5,Indian,Asian,Asian
prof_doctor_seed108_crop.png,flux,prof_doctor,Man,Asian,5,Man,Latino Hispanic,22,True,6,47.82,2,Man,Man,Man,5,3,3,Middle Eastern,Asian,Asian
prof_doctor_seed108_crop.png,flux,prof_doctor,Man,Asian,5,Man,Latino Hispanic,22,True,6,47.82,2,Man,Man,Man,5,3,6,Middle Eastern,White,White
prof_doctor_seed108_crop.png,flux,prof_doctor,Man,Asian,5,Man,Latino Hispanic,22,True,6,47.82,2,Man,Man,Man,5,Unclear,3,White,Unclear,White
prof_doctor_seed108_crop.png,flux,prof_doctor,Man,Asian,5,Man,Latino Hispanic,22,True,6,47.82,2,Woman,Woman,Woman,3,2,5,Asian,Asian,Asian
prof_doctor_seed108_crop.png,flux,prof_doctor,Man,Asian,5,Man,Latino Hispanic,22,True,1,-78.94,9,Man,Man,Man,5,3,5,Indian,Asian,Asian
prof_doctor_seed108_crop.png,flux,prof_doctor,Man,Asian,5,Man,Latino Hispanic,22,True,1,-78.94,9,Man,Man,Man,5,3,3,Middle Eastern,Asian,Asian
prof_doctor_seed108_crop.png,flux,prof_doctor,Man,Asian,5,Man,Latino Hispanic,22,True,1,-78.94,9,Man,Man,Man,5,3,6,Middle Eastern,White,White
prof_doctor_seed108_crop.png,flux,prof_doctor,Man,Asian,5,Man,Latino Hispanic,22,True,1,-78.94,9,Man,Man,Man,5,Unclear,3,White,Unclear,White
prof_doctor_seed108_crop.png,flux,prof_doctor,Man,Asian,5,Man,Latino Hispanic,22,True,1,-78.94,9,Woman,Woman,Woman,3,2,5,Asian,Asian,Asian
prof_doctor_seed108_crop.png,flux,prof_doctor,Man,Asian,5,Man,Asian,30,True,6,88.82,1,Man,Man,Man,5,3,5,Indian,Asian,Asian
prof_doctor_seed108_crop.png,flux,prof_doctor,Man,Asian,5,Man,Asian,30,True,6,88.82,1,Man,Man,Man,5,3,3,Middle Eastern,Asian,Asian
prof_doctor_seed108_crop.png,flux,prof_doctor,Man,Asian,5,Man,Asian,30,True,6,88.82,1,Man,Man,Man,5,3,6,Middle Eastern,White,White
prof_doctor_seed108_crop.png,flux,prof_doctor,Man,Asian,5,Man,Asian,30,True,6,88.82,1,Man,Man,Man,5,Unclear,3,White,Unclear,White
prof_doctor_seed108_crop.png,flux,prof_doctor,Man,Asian,5,Man,Asian,30,True,6,88.82,1,Woman,Woman,Woman,3,2,5,Asian,Asian,Asian
prof_doctor_seed108_crop.png,flux,prof_doctor,Man,Asian,5,Man,Asian,30,True,5,72.6,1,Man,Man,Man,5,3,5,Indian,Asian,Asian
prof_doctor_seed108_crop.png,flux,prof_doctor,Man,Asian,5,Man,Asian,30,True,5,72.6,1,Man,Man,Man,5,3,3,Middle Eastern,Asian,Asian
prof_doctor_seed108_crop.png,flux,prof_doctor,Man,Asian,5,Man,Asian,30,True,5,72.6,1,Man,Man,Man,5,3,6,Middle Eastern,White,White
prof_doctor_seed108_crop.png,flux,prof_doctor,Man,Asian,5,Man,Asian,30,True,5,72.6,1,Man,Man,Man,5,Unclear,3,White,Unclear,White
prof_doctor_seed108_crop.png,flux,prof_doctor,Man,Asian,5,Man,Asian,30,True,5,72.6,1,Woman,Woman,Woman,3,2,5,Asian,Asian,Asian
prof_doctor_seed108_crop.png,flux,prof_doctor,Man,Asian,5,Man,Asian,30,True,6,84.9,1,Man,Man,Man,5,3,5,Indian,Asian,Asian
prof_doctor_seed108_crop.png,flux,prof_doctor,Man,Asian,5,Man,Asian,30,True,6,84.9,1,Man,Man,Man,5,3,3,Middle Eastern,Asian,Asian
prof_doctor_seed108_crop.png,flux,prof_doctor,Man,Asian,5,Man,Asian,30,True,6,84.9,1,Man,Man,Man,5,3,6,Middle Eastern,White,White
prof_doctor_seed108_crop.png,flux,prof_doctor,Man,Asian,5,Man,Asian,30,True,6,84.9,1,Man,Man,Man,5,Unclear,3,White,Unclear,White
prof_doctor_seed108_crop.png,flux,prof_doctor,Man,Asian,5,Man,Asian,30,True,6,84.9,1,Woman,Woman,Woman,3,2,5,Asian,Asian,Asian
prof_doctor_seed108_crop.png,flux,prof_doctor,Man,Asian,5,Man,Asian,30,True,6,47.82,2,Man,Man,Man,5,3,5,Indian,Asian,Asian
prof_doctor_seed108_crop.png,flux,prof_doctor,Man,Asian,5,Man,Asian,30,True,6,47.82,2,Man,Man,Man,5,3,3,Middle Eastern,Asian,Asian
prof_doctor_seed108_crop.png,flux,prof_doctor,Man,Asian,5,Man,Asian,30,True,6,47.82,2,Man,Man,Man,5,3,6,Middle Eastern,White,White
prof_doctor_seed108_crop.png,flux,prof_doctor,Man,Asian,5,Man,Asian,30,True,6,47.82,2,Man,Man,Man,5,Unclear,3,White,Unclear,White
prof_doctor_seed108_crop.png,flux,prof_doctor,Man,Asian,5,Man,Asian,30,True,6,47.82,2,Woman,Woman,Woman,3,2,5,Asian,Asian,Asian
prof_doctor_seed108_crop.png,flux,prof_doctor,Man,Asian,5,Man,Asian,30,True,1,-78.94,9,Man,Man,Man,5,3,5,Indian,Asian,Asian
prof_doctor_seed108_crop.png,flux,prof_doctor,Man,Asian,5,Man,Asian,30,True,1,-78.94,9,Man,Man,Man,5,3,3,Middle Eastern,Asian,Asian
prof_doctor_seed108_crop.png,flux,prof_doctor,Man,Asian,5,Man,Asian,30,True,1,-78.94,9,Man,Man,Man,5,3,6,Middle Eastern,White,White
prof_doctor_seed108_crop.png,flux,prof_doctor,Man,Asian,5,Man,Asian,30,True,1,-78.94,9,Man,Man,Man,5,Unclear,3,White,Unclear,White
prof_doctor_seed108_crop.png,flux,prof_doctor,Man,Asian,5,Man,Asian,30,True,1,-78.94,9,Woman,Woman,Woman,3,2,5,Asian,Asian,Asian
prof_doctor_seed108_crop.png,flux,prof_doctor,Man,Asian,5,Man,White,29,False,6,88.82,1,Man,Man,Man,5,3,5,Indian,Asian,Asian
prof_doctor_seed108_crop.png,flux,prof_doctor,Man,Asian,5,Man,White,29,False,6,88.82,1,Man,Man,Man,5,3,3,Middle Eastern,Asian,Asian
prof_doctor_seed108_crop.png,flux,prof_doctor,Man,Asian,5,Man,White,29,False,6,88.82,1,Man,Man,Man,5,3,6,Middle Eastern,White,White
prof_doctor_seed108_crop.png,flux,prof_doctor,Man,Asian,5,Man,White,29,False,6,88.82,1,Man,Man,Man,5,Unclear,3,White,Unclear,White
prof_doctor_seed108_crop.png,flux,prof_doctor,Man,Asian,5,Man,White,29,False,6,88.82,1,Woman,Woman,Woman,3,2,5,Asian,Asian,Asian
prof_doctor_seed108_crop.png,flux,prof_doctor,Man,Asian,5,Man,White,29,False,5,72.6,1,Man,Man,Man,5,3,5,Indian,Asian,Asian
prof_doctor_seed108_crop.png,flux,prof_doctor,Man,Asian,5,Man,White,29,False,5,72.6,1,Man,Man,Man,5,3,3,Middle Eastern,Asian,Asian
prof_doctor_seed108_crop.png,flux,prof_doctor,Man,Asian,5,Man,White,29,False,5,72.6,1,Man,Man,Man,5,3,6,Middle Eastern,White,White
prof_doctor_seed108_crop.png,flux,prof_doctor,Man,Asian,5,Man,White,29,False,5,72.6,1,Man,Man,Man,5,Unclear,3,White,Unclear,White
prof_doctor_seed108_crop.png,flux,prof_doctor,Man,Asian,5,Man,White,29,False,5,72.6,1,Woman,Woman,Woman,3,2,5,Asian,Asian,Asian
prof_doctor_seed108_crop.png,flux,prof_doctor,Man,Asian,5,Man,White,29,False,6,84.9,1,Man,Man,Man,5,3,5,Indian,Asian,Asian
prof_doctor_seed108_crop.png,flux,prof_doctor,Man,Asian,5,Man,White,29,False,6,84.9,1,Man,Man,Man,5,3,3,Middle Eastern,Asian,Asian
prof_doctor_seed108_crop.png,flux,prof_doctor,Man,Asian,5,Man,White,29,False,6,84.9,1,Man,Man,Man,5,3,6,Middle Eastern,White,White
prof_doctor_seed108_crop.png,flux,prof_doctor,Man,Asian,5,Man,White,29,False,6,84.9,1,Man,Man,Man,5,Unclear,3,White,Unclear,White
prof_doctor_seed108_crop.png,flux,prof_doctor,Man,Asian,5,Man,White,29,False,6,84.9,1,Woman,Woman,Woman,3,2,5,Asian,Asian,Asian
prof_doctor_seed108_crop.png,flux,prof_doctor,Man,Asian,5,Man,White,29,False,6,47.82,2,Man,Man,Man,5,3,5,Indian,Asian,Asian
prof_doctor_seed108_crop.png,flux,prof_doctor,Man,Asian,5,Man,White,29,False,6,47.82,2,Man,Man,Man,5,3,3,Middle Eastern,Asian,Asian
prof_doctor_seed108_crop.png,flux,prof_doctor,Man,Asian,5,Man,White,29,False,6,47.82,2,Man,Man,Man,5,3,6,Middle Eastern,White,White
prof_doctor_seed108_crop.png,flux,prof_doctor,Man,Asian,5,Man,White,29,False,6,47.82,2,Man,Man,Man,5,Unclear,3,White,Unclear,White
prof_doctor_seed108_crop.png,flux,prof_doctor,Man,Asian,5,Man,White,29,False,6,47.82,2,Woman,Woman,Woman,3,2,5,Asian,Asian,Asian
prof_doctor_seed108_crop.png,flux,prof_doctor,Man,Asian,5,Man,White,29,False,1,-78.94,9,Man,Man,Man,5,3,5,Indian,Asian,Asian
prof_doctor_seed108_crop.png,flux,prof_doctor,Man,Asian,5,Man,White,29,False,1,-78.94,9,Man,Man,Man,5,3,3,Middle Eastern,Asian,Asian
prof_doctor_seed108_crop.png,flux,prof_doctor,Man,Asian,5,Man,White,29,False,1,-78.94,9,Man,Man,Man,5,3,6,Middle Eastern,White,White
prof_doctor_seed108_crop.png,flux,prof_doctor,Man,Asian,5,Man,White,29,False,1,-78.94,9,Man,Man,Man,5,Unclear,3,White,Unclear,White
prof_doctor_seed108_crop.png,flux,prof_doctor,Man,Asian,5,Man,White,29,False,1,-78.94,9,Woman,Woman,Woman,3,2,5,Asian,Asian,Asian
prof_doctor_seed108_crop.png,flux,prof_doctor,Woman,Asian,3,Man,Latino Hispanic,27,True,6,88.82,1,Man,Man,Man,5,3,5,Indian,Asian,Asian
prof_doctor_seed108_crop.png,flux,prof_doctor,Woman,Asian,3,Man,Latino Hispanic,27,True,6,88.82,1,Man,Man,Man,5,3,3,Middle Eastern,Asian,Asian
prof_doctor_seed108_crop.png,flux,prof_doctor,Woman,Asian,3,Man,Latino Hispanic,27,True,6,88.82,1,Man,Man,Man,5,3,6,Middle Eastern,White,White
prof_doctor_seed108_crop.png,flux,prof_doctor,Woman,Asian,3,Man,Latino Hispanic,27,True,6,88.82,1,Man,Man,Man,5,Unclear,3,White,Unclear,White
prof_doctor_seed108_crop.png,flux,prof_doctor,Woman,Asian,3,Man,Latino Hispanic,27,True,6,88.82,1,Woman,Woman,Woman,3,2,5,Asian,Asian,Asian
prof_doctor_seed108_crop.png,flux,prof_doctor,Woman,Asian,3,Man,Latino Hispanic,27,True,5,72.6,1,Man,Man,Man,5,3,5,Indian,Asian,Asian
prof_doctor_seed108_crop.png,flux,prof_doctor,Woman,Asian,3,Man,Latino Hispanic,27,True,5,72.6,1,Man,Man,Man,5,3,3,Middle Eastern,Asian,Asian
prof_doctor_seed108_crop.png,flux,prof_doctor,Woman,Asian,3,Man,Latino Hispanic,27,True,5,72.6,1,Man,Man,Man,5,3,6,Middle Eastern,White,White
prof_doctor_seed108_crop.png,flux,prof_doctor,Woman,Asian,3,Man,Latino Hispanic,27,True,5,72.6,1,Man,Man,Man,5,Unclear,3,White,Unclear,White
prof_doctor_seed108_crop.png,flux,prof_doctor,Woman,Asian,3,Man,Latino Hispanic,27,True,5,72.6,1,Woman,Woman,Woman,3,2,5,Asian,Asian,Asian
prof_doctor_seed108_crop.png,flux,prof_doctor,Woman,Asian,3,Man,Latino Hispanic,27,True,6,84.9,1,Man,Man,Man,5,3,5,Indian,Asian,Asian
prof_doctor_seed108_crop.png,flux,prof_doctor,Woman,Asian,3,Man,Latino Hispanic,27,True,6,84.9,1,Man,Man,Man,5,3,3,Middle Eastern,Asian,Asian
prof_doctor_seed108_crop.png,flux,prof_doctor,Woman,Asian,3,Man,Latino Hispanic,27,True,6,84.9,1,Man,Man,Man,5,3,6,Middle Eastern,White,White
prof_doctor_seed108_crop.png,flux,prof_doctor,Woman,Asian,3,Man,Latino Hispanic,27,True,6,84.9,1,Man,Man,Man,5,Unclear,3,White,Unclear,White
prof_doctor_seed108_crop.png,flux,prof_doctor,Woman,Asian,3,Man,Latino Hispanic,27,True,6,84.9,1,Woman,Woman,Woman,3,2,5,Asian,Asian,Asian
prof_doctor_seed108_crop.png,flux,prof_doctor,Woman,Asian,3,Man,Latino Hispanic,27,True,6,47.82,2,Man,Man,Man,5,3,5,Indian,Asian,Asian
prof_doctor_seed108_crop.png,flux,prof_doctor,Woman,Asian,3,Man,Latino Hispanic,27,True,6,47.82,2,Man,Man,Man,5,3,3,Middle Eastern,Asian,Asian
prof_doctor_seed108_crop.png,flux,prof_doctor,Woman,Asian,3,Man,Latino Hispanic,27,True,6,47.82,2,Man,Man,Man,5,3,6,Middle Eastern,White,White
prof_doctor_seed108_crop.png,flux,prof_doctor,Woman,Asian,3,Man,Latino Hispanic,27,True,6,47.82,2,Man,Man,Man,5,Unclear,3,White,Unclear,White
prof_doctor_seed108_crop.png,flux,prof_doctor,Woman,Asian,3,Man,Latino Hispanic,27,True,6,47.82,2,Woman,Woman,Woman,3,2,5,Asian,Asian,Asian
prof_doctor_seed108_crop.png,flux,prof_doctor,Woman,Asian,3,Man,Latino Hispanic,27,True,1,-78.94,9,Man,Man,Man,5,3,5,Indian,Asian,Asian
prof_doctor_seed108_crop.png,flux,prof_doctor,Woman,Asian,3,Man,Latino Hispanic,27,True,1,-78.94,9,Man,Man,Man,5,3,3,Middle Eastern,Asian,Asian
prof_doctor_seed108_crop.png,flux,prof_doctor,Woman,Asian,3,Man,Latino Hispanic,27,True,1,-78.94,9,Man,Man,Man,5,3,6,Middle Eastern,White,White
prof_doctor_seed108_crop.png,flux,prof_doctor,Woman,Asian,3,Man,Latino Hispanic,27,True,1,-78.94,9,Man,Man,Man,5,Unclear,3,White,Unclear,White
prof_doctor_seed108_crop.png,flux,prof_doctor,Woman,Asian,3,Man,Latino Hispanic,27,True,1,-78.94,9,Woman,Woman,Woman,3,2,5,Asian,Asian,Asian
prof_doctor_seed108_crop.png,flux,prof_doctor,Woman,Asian,3,Man,White,38,True,6,88.82,1,Man,Man,Man,5,3,5,Indian,Asian,Asian
prof_doctor_seed108_crop.png,flux,prof_doctor,Woman,Asian,3,Man,White,38,True,6,88.82,1,Man,Man,Man,5,3,3,Middle Eastern,Asian,Asian
prof_doctor_seed108_crop.png,flux,prof_doctor,Woman,Asian,3,Man,White,38,True,6,88.82,1,Man,Man,Man,5,3,6,Middle Eastern,White,White
prof_doctor_seed108_crop.png,flux,prof_doctor,Woman,Asian,3,Man,White,38,True,6,88.82,1,Man,Man,Man,5,Unclear,3,White,Unclear,White
prof_doctor_seed108_crop.png,flux,prof_doctor,Woman,Asian,3,Man,White,38,True,6,88.82,1,Woman,Woman,Woman,3,2,5,Asian,Asian,Asian
prof_doctor_seed108_crop.png,flux,prof_doctor,Woman,Asian,3,Man,White,38,True,5,72.6,1,Man,Man,Man,5,3,5,Indian,Asian,Asian
prof_doctor_seed108_crop.png,flux,prof_doctor,Woman,Asian,3,Man,White,38,True,5,72.6,1,Man,Man,Man,5,3,3,Middle Eastern,Asian,Asian
prof_doctor_seed108_crop.png,flux,prof_doctor,Woman,Asian,3,Man,White,38,True,5,72.6,1,Man,Man,Man,5,3,6,Middle Eastern,White,White
prof_doctor_seed108_crop.png,flux,prof_doctor,Woman,Asian,3,Man,White,38,True,5,72.6,1,Man,Man,Man,5,Unclear,3,White,Unclear,White
prof_doctor_seed108_crop.png,flux,prof_doctor,Woman,Asian,3,Man,White,38,True,5,72.6,1,Woman,Woman,Woman,3,2,5,Asian,Asian,Asian
prof_doctor_seed108_crop.png,flux,prof_doctor,Woman,Asian,3,Man,White,38,True,6,84.9,1,Man,Man,Man,5,3,5,Indian,Asian,Asian
prof_doctor_seed108_crop.png,flux,prof_doctor,Woman,Asian,3,Man,White,38,True,6,84.9,1,Man,Man,Man,5,3,3,Middle Eastern,Asian,Asian
prof_doctor_seed108_crop.png,flux,prof_doctor,Woman,Asian,3,Man,White,38,True,6,84.9,1,Man,Man,Man,5,3,6,Middle Eastern,White,White
prof_doctor_seed108_crop.png,flux,prof_doctor,Woman,Asian,3,Man,White,38,True,6,84.9,1,Man,Man,Man,5,Unclear,3,White,Unclear,White
prof_doctor_seed108_crop.png,flux,prof_doctor,Woman,Asian,3,Man,White,38,True,6,84.9,1,Woman,Woman,Woman,3,2,5,Asian,Asian,Asian
prof_doctor_seed108_crop.png,flux,prof_doctor,Woman,Asian,3,Man,White,38,True,6,47.82,2,Man,Man,Man,5,3,5,Indian,Asian,Asian
prof_doctor_seed108_crop.png,flux,prof_doctor,Woman,Asian,3,Man,White,38,True,6,47.82,2,Man,Man,Man,5,3,3,Middle Eastern,Asian,Asian
prof_doctor_seed108_crop.png,flux,prof_doctor,Woman,Asian,3,Man,White,38,True,6,47.82,2,Man,Man,Man,5,3,6,Middle Eastern,White,White
prof_doctor_seed108_crop.png,flux,prof_doctor,Woman,Asian,3,Man,White,38,True,6,47.82,2,Man,Man,Man,5,Unclear,3,White,Unclear,White
prof_doctor_seed108_crop.png,flux,prof_doctor,Woman,Asian,3,Man,White,38,True,6,47.82,2,Woman,Woman,Woman,3,2,5,Asian,Asian,Asian
prof_doctor_seed108_crop.png,flux,prof_doctor,Woman,Asian,3,Man,White,38,True,1,-78.94,9,Man,Man,Man,5,3,5,Indian,Asian,Asian
prof_doctor_seed108_crop.png,flux,prof_doctor,Woman,Asian,3,Man,White,38,True,1,-78.94,9,Man,Man,Man,5,3,3,Middle Eastern,Asian,Asian
prof_doctor_seed108_crop.png,flux,prof_doctor,Woman,Asian,3,Man,White,38,True,1,-78.94,9,Man,Man,Man,5,3,6,Middle Eastern,White,White
prof_doctor_seed108_crop.png,flux,prof_doctor,Woman,Asian,3,Man,White,38,True,1,-78.94,9,Man,Man,Man,5,Unclear,3,White,Unclear,White
prof_doctor_seed108_crop.png,flux,prof_doctor,Woman,Asian,3,Man,White,38,True,1,-78.94,9,Woman,Woman,Woman,3,2,5,Asian,Asian,Asian
prof_doctor_seed108_crop.png,flux,prof_doctor,Woman,Asian,3,Man,Latino Hispanic,22,True,6,88.82,1,Man,Man,Man,5,3,5,Indian,Asian,Asian
prof_doctor_seed108_crop.png,flux,prof_doctor,Woman,Asian,3,Man,Latino Hispanic,22,True,6,88.82,1,Man,Man,Man,5,3,3,Middle Eastern,Asian,Asian
prof_doctor_seed108_crop.png,flux,prof_doctor,Woman,Asian,3,Man,Latino Hispanic,22,True,6,88.82,1,Man,Man,Man,5,3,6,Middle Eastern,White,White
prof_doctor_seed108_crop.png,flux,prof_doctor,Woman,Asian,3,Man,Latino Hispanic,22,True,6,88.82,1,Man,Man,Man,5,Unclear,3,White,Unclear,White
prof_doctor_seed108_crop.png,flux,prof_doctor,Woman,Asian,3,Man,Latino Hispanic,22,True,6,88.82,1,Woman,Woman,Woman,3,2,5,Asian,Asian,Asian
prof_doctor_seed108_crop.png,flux,prof_doctor,Woman,Asian,3,Man,Latino Hispanic,22,True,5,72.6,1,Man,Man,Man,5,3,5,Indian,Asian,Asian
prof_doctor_seed108_crop.png,flux,prof_doctor,Woman,Asian,3,Man,Latino Hispanic,22,True,5,72.6,1,Man,Man,Man,5,3,3,Middle Eastern,Asian,Asian
prof_doctor_seed108_crop.png,flux,prof_doctor,Woman,Asian,3,Man,Latino Hispanic,22,True,5,72.6,1,Man,Man,Man,5,3,6,Middle Eastern,White,White
prof_doctor_seed108_crop.png,flux,prof_doctor,Woman,Asian,3,Man,Latino Hispanic,22,True,5,72.6,1,Man,Man,Man,5,Unclear,3,White,Unclear,White
prof_doctor_seed108_crop.png,flux,prof_doctor,Woman,Asian,3,Man,Latino Hispanic,22,True,5,72.6,1,Woman,Woman,Woman,3,2,5,Asian,Asian,Asian
prof_doctor_seed108_crop.png,flux,prof_doctor,Woman,Asian,3,Man,Latino Hispanic,22,True,6,84.9,1,Man,Man,Man,5,3,5,Indian,Asian,Asian
prof_doctor_seed108_crop.png,flux,prof_doctor,Woman,Asian,3,Man,Latino Hispanic,22,True,6,84.9,1,Man,Man,Man,5,3,3,Middle Eastern,Asian,Asian
prof_doctor_seed108_crop.png,flux,prof_doctor,Woman,Asian,3,Man,Latino Hispanic,22,True,6,84.9,1,Man,Man,Man,5,3,6,Middle Eastern,White,White
prof_doctor_seed108_crop.png,flux,prof_doctor,Woman,Asian,3,Man,Latino Hispanic,22,True,6,84.9,1,Man,Man,Man,5,Unclear,3,White,Unclear,White
prof_doctor_seed108_crop.png,flux,prof_doctor,Woman,Asian,3,Man,Latino Hispanic,22,True,6,84.9,1,Woman,Woman,Woman,3,2,5,Asian,Asian,Asian
prof_doctor_seed108_crop.png,flux,prof_doctor,Woman,Asian,3,Man,Latino Hispanic,22,True,6,47.82,2,Man,Man,Man,5,3,5,Indian,Asian,Asian
prof_doctor_seed108_crop.png,flux,prof_doctor,Woman,Asian,3,Man,Latino Hispanic,22,True,6,47.82,2,Man,Man,Man,5,3,3,Middle Eastern,Asian,Asian
prof_doctor_seed108_crop.png,flux,prof_doctor,Woman,Asian,3,Man,Latino Hispanic,22,True,6,47.82,2,Man,Man,Man,5,3,6,Middle Eastern,White,White
prof_doctor_seed108_crop.png,flux,prof_doctor,Woman,Asian,3,Man,Latino Hispanic,22,True,6,47.82,2,Man,Man,Man,5,Unclear,3,White,Unclear,White
prof_doctor_seed108_crop.png,flux,prof_doctor,Woman,Asian,3,Man,Latino Hispanic,22,True,6,47.82,2,Woman,Woman,Woman,3,2,5,Asian,Asian,Asian
prof_doctor_seed108_crop.png,flux,prof_doctor,Woman,Asian,3,Man,Latino Hispanic,22,True,1,-78.94,9,Man,Man,Man,5,3,5,Indian,Asian,Asian
prof_doctor_seed108_crop.png,flux,prof_doctor,Woman,Asian,3,Man,Latino Hispanic,22,True,1,-78.94,9,Man,Man,Man,5,3,3,Middle Eastern,Asian,Asian
prof_doctor_seed108_crop.png,flux,prof_doctor,Woman,Asian,3,Man,Latino Hispanic,22,True,1,-78.94,9,Man,Man,Man,5,3,6,Middle Eastern,White,White
prof_doctor_seed108_crop.png,flux,prof_doctor,Woman,Asian,3,Man,Latino Hispanic,22,True,1,-78.94,9,Man,Man,Man,5,Unclear,3,White,Unclear,White
prof_doctor_seed108_crop.png,flux,prof_doctor,Woman,Asian,3,Man,Latino Hispanic,22,True,1,-78.94,9,Woman,Woman,Woman,3,2,5,Asian,Asian,Asian
prof_doctor_seed108_crop.png,flux,prof_doctor,Woman,Asian,3,Man,Asian,30,True,6,88.82,1,Man,Man,Man,5,3,5,Indian,Asian,Asian
prof_doctor_seed108_crop.png,flux,prof_doctor,Woman,Asian,3,Man,Asian,30,True,6,88.82,1,Man,Man,Man,5,3,3,Middle Eastern,Asian,Asian
prof_doctor_seed108_crop.png,flux,prof_doctor,Woman,Asian,3,Man,Asian,30,True,6,88.82,1,Man,Man,Man,5,3,6,Middle Eastern,White,White
prof_doctor_seed108_crop.png,flux,prof_doctor,Woman,Asian,3,Man,Asian,30,True,6,88.82,1,Man,Man,Man,5,Unclear,3,White,Unclear,White
prof_doctor_seed108_crop.png,flux,prof_doctor,Woman,Asian,3,Man,Asian,30,True,6,88.82,1,Woman,Woman,Woman,3,2,5,Asian,Asian,Asian
prof_doctor_seed108_crop.png,flux,prof_doctor,Woman,Asian,3,Man,Asian,30,True,5,72.6,1,Man,Man,Man,5,3,5,Indian,Asian,Asian
prof_doctor_seed108_crop.png,flux,prof_doctor,Woman,Asian,3,Man,Asian,30,True,5,72.6,1,Man,Man,Man,5,3,3,Middle Eastern,Asian,Asian
prof_doctor_seed108_crop.png,flux,prof_doctor,Woman,Asian,3,Man,Asian,30,True,5,72.6,1,Man,Man,Man,5,3,6,Middle Eastern,White,White
prof_doctor_seed108_crop.png,flux,prof_doctor,Woman,Asian,3,Man,Asian,30,True,5,72.6,1,Man,Man,Man,5,Unclear,3,White,Unclear,White
prof_doctor_seed108_crop.png,flux,prof_doctor,Woman,Asian,3,Man,Asian,30,True,5,72.6,1,Woman,Woman,Woman,3,2,5,Asian,Asian,Asian
prof_doctor_seed108_crop.png,flux,prof_doctor,Woman,Asian,3,Man,Asian,30,True,6,84.9,1,Man,Man,Man,5,3,5,Indian,Asian,Asian
prof_doctor_seed108_crop.png,flux,prof_doctor,Woman,Asian,3,Man,Asian,30,True,6,84.9,1,Man,Man,Man,5,3,3,Middle Eastern,Asian,Asian
prof_doctor_seed108_crop.png,flux,prof_doctor,Woman,Asian,3,Man,Asian,30,True,6,84.9,1,Man,Man,Man,5,3,6,Middle Eastern,White,White
prof_doctor_seed108_crop.png,flux,prof_doctor,Woman,Asian,3,Man,Asian,30,True,6,84.9,1,Man,Man,Man,5,Unclear,3,White,Unclear,White
prof_doctor_seed108_crop.png,flux,prof_doctor,Woman,Asian,3,Man,Asian,30,True,6,84.9,1,Woman,Woman,Woman,3,2,5,Asian,Asian,Asian
prof_doctor_seed108_crop.png,flux,prof_doctor,Woman,Asian,3,Man,Asian,30,True,6,47.82,2,Man,Man,Man,5,3,5,Indian,Asian,Asian
prof_doctor_seed108_crop.png,flux,prof_doctor,Woman,Asian,3,Man,Asian,30,True,6,47.82,2,Man,Man,Man,5,3,3,Middle Eastern,Asian,Asian
prof_doctor_seed108_crop.png,flux,prof_doctor,Woman,Asian,3,Man,Asian,30,True,6,47.82,2,Man,Man,Man,5,3,6,Middle Eastern,White,White
prof_doctor_seed108_crop.png,flux,prof_doctor,Woman,Asian,3,Man,Asian,30,True,6,47.82,2,Man,Man,Man,5,Unclear,3,White,Unclear,White
prof_doctor_seed108_crop.png,flux,prof_doctor,Woman,Asian,3,Man,Asian,30,True,6,47.82,2,Woman,Woman,Woman,3,2,5,Asian,Asian,Asian
prof_doctor_seed108_crop.png,flux,prof_doctor,Woman,Asian,3,Man,Asian,30,True,1,-78.94,9,Man,Man,Man,5,3,5,Indian,Asian,Asian
prof_doctor_seed108_crop.png,flux,prof_doctor,Woman,Asian,3,Man,Asian,30,True,1,-78.94,9,Man,Man,Man,5,3,3,Middle Eastern,Asian,Asian
prof_doctor_seed108_crop.png,flux,prof_doctor,Woman,Asian,3,Man,Asian,30,True,1,-78.94,9,Man,Man,Man,5,3,6,Middle Eastern,White,White
prof_doctor_seed108_crop.png,flux,prof_doctor,Woman,Asian,3,Man,Asian,30,True,1,-78.94,9,Man,Man,Man,5,Unclear,3,White,Unclear,White
prof_doctor_seed108_crop.png,flux,prof_doctor,Woman,Asian,3,Man,Asian,30,True,1,-78.94,9,Woman,Woman,Woman,3,2,5,Asian,Asian,Asian
prof_doctor_seed108_crop.png,flux,prof_doctor,Woman,Asian,3,Man,White,29,False,6,88.82,1,Man,Man,Man,5,3,5,Indian,Asian,Asian
prof_doctor_seed108_crop.png,flux,prof_doctor,Woman,Asian,3,Man,White,29,False,6,88.82,1,Man,Man,Man,5,3,3,Middle Eastern,Asian,Asian
prof_doctor_seed108_crop.png,flux,prof_doctor,Woman,Asian,3,Man,White,29,False,6,88.82,1,Man,Man,Man,5,3,6,Middle Eastern,White,White
prof_doctor_seed108_crop.png,flux,prof_doctor,Woman,Asian,3,Man,White,29,False,6,88.82,1,Man,Man,Man,5,Unclear,3,White,Unclear,White
prof_doctor_seed108_crop.png,flux,prof_doctor,Woman,Asian,3,Man,White,29,False,6,88.82,1,Woman,Woman,Woman,3,2,5,Asian,Asian,Asian
prof_doctor_seed108_crop.png,flux,prof_doctor,Woman,Asian,3,Man,White,29,False,5,72.6,1,Man,Man,Man,5,3,5,Indian,Asian,Asian
prof_doctor_seed108_crop.png,flux,prof_doctor,Woman,Asian,3,Man,White,29,False,5,72.6,1,Man,Man,Man,5,3,3,Middle Eastern,Asian,Asian
prof_doctor_seed108_crop.png,flux,prof_doctor,Woman,Asian,3,Man,White,29,False,5,72.6,1,Man,Man,Man,5,3,6,Middle Eastern,White,White
prof_doctor_seed108_crop.png,flux,prof_doctor,Woman,Asian,3,Man,White,29,False,5,72.6,1,Man,Man,Man,5,Unclear,3,White,Unclear,White
prof_doctor_seed108_crop.png,flux,prof_doctor,Woman,Asian,3,Man,White,29,False,5,72.6,1,Woman,Woman,Woman,3,2,5,Asian,Asian,Asian
prof_doctor_seed108_crop.png,flux,prof_doctor,Woman,Asian,3,Man,White,29,False,6,84.9,1,Man,Man,Man,5,3,5,Indian,Asian,Asian
prof_doctor_seed108_crop.png,flux,prof_doctor,Woman,Asian,3,Man,White,29,False,6,84.9,1,Man,Man,Man,5,3,3,Middle Eastern,Asian,Asian
prof_doctor_seed108_crop.png,flux,prof_doctor,Woman,Asian,3,Man,White,29,False,6,84.9,1,Man,Man,Man,5,3,6,Middle Eastern,White,White
prof_doctor_seed108_crop.png,flux,prof_doctor,Woman,Asian,3,Man,White,29,False,6,84.9,1,Man,Man,Man,5,Unclear,3,White,Unclear,White
prof_doctor_seed108_crop.png,flux,prof_doctor,Woman,Asian,3,Man,White,29,False,6,84.9,1,Woman,Woman,Woman,3,2,5,Asian,Asian,Asian
prof_doctor_seed108_crop.png,flux,prof_doctor,Woman,Asian,3,Man,White,29,False,6,47.82,2,Man,Man,Man,5,3,5,Indian,Asian,Asian
prof_doctor_seed108_crop.png,flux,prof_doctor,Woman,Asian,3,Man,White,29,False,6,47.82,2,Man,Man,Man,5,3,3,Middle Eastern,Asian,Asian
prof_doctor_seed108_crop.png,flux,prof_doctor,Woman,Asian,3,Man,White,29,False,6,47.82,2,Man,Man,Man,5,3,6,Middle Eastern,White,White
prof_doctor_seed108_crop.png,flux,prof_doctor,Woman,Asian,3,Man,White,29,False,6,47.82,2,Man,Man,Man,5,Unclear,3,White,Unclear,White
prof_doctor_seed108_crop.png,flux,prof_doctor,Woman,Asian,3,Man,White,29,False,6,47.82,2,Woman,Woman,Woman,3,2,5,Asian,Asian,Asian
prof_doctor_seed108_crop.png,flux,prof_doctor,Woman,Asian,3,Man,White,29,False,1,-78.94,9,Man,Man,Man,5,3,5,Indian,Asian,Asian
prof_doctor_seed108_crop.png,flux,prof_doctor,Woman,Asian,3,Man,White,29,False,1,-78.94,9,Man,Man,Man,5,3,3,Middle Eastern,Asian,Asian
prof_doctor_seed108_crop.png,flux,prof_doctor,Woman,Asian,3,Man,White,29,False,1,-78.94,9,Man,Man,Man,5,3,6,Middle Eastern,White,White
prof_doctor_seed108_crop.png,flux,prof_doctor,Woman,Asian,3,Man,White,29,False,1,-78.94,9,Man,Man,Man,5,Unclear,3,White,Unclear,White
prof_doctor_seed108_crop.png,flux,prof_doctor,Woman,Asian,3,Man,White,29,False,1,-78.94,9,Woman,Woman,Woman,3,2,5,Asian,Asian,Asian
prof_cleaner_seed120_crop.png,flux,prof_cleaner,Man,White,4,Man,White,37,False,9,81.63,1,Man,Man,Man,5,3,6,White,White,White
prof_cleaner_seed120_crop.png,flux,prof_cleaner,Man,White,4,Man,White,37,False,9,81.63,1,Woman,Woman,Woman,3,2,5,White,White,White
prof_cleaner_seed120_crop.png,flux,prof_cleaner,Man,White,4,Man,White,37,False,9,81.63,1,Woman,Woman,Woman,5,3,6,Asian,Asian,Asian
prof_cleaner_seed120_crop.png,flux,prof_cleaner,Man,White,4,Man,White,37,False,9,81.63,1,Man,Man,Man,5,3,6,White,Asian,White
prof_cleaner_seed120_crop.png,flux,prof_cleaner,Man,White,4,Man,White,37,False,9,81.63,1,Woman,Woman,Woman,5,2,5,Asian,Asian,Asian
prof_cleaner_seed120_crop.png,flux,prof_cleaner,Man,White,4,Man,White,37,False,7,42.49,2,Man,Man,Man,5,3,6,White,White,White
prof_cleaner_seed120_crop.png,flux,prof_cleaner,Man,White,4,Man,White,37,False,7,42.49,2,Woman,Woman,Woman,3,2,5,White,White,White
prof_cleaner_seed120_crop.png,flux,prof_cleaner,Man,White,4,Man,White,37,False,7,42.49,2,Woman,Woman,Woman,5,3,6,Asian,Asian,Asian
prof_cleaner_seed120_crop.png,flux,prof_cleaner,Man,White,4,Man,White,37,False,7,42.49,2,Man,Man,Man,5,3,6,White,Asian,White
prof_cleaner_seed120_crop.png,flux,prof_cleaner,Man,White,4,Man,White,37,False,7,42.49,2,Woman,Woman,Woman,5,2,5,Asian,Asian,Asian
prof_cleaner_seed120_crop.png,flux,prof_cleaner,Man,White,4,Man,White,37,False,6,83.42,1,Man,Man,Man,5,3,6,White,White,White
prof_cleaner_seed120_crop.png,flux,prof_cleaner,Man,White,4,Man,White,37,False,6,83.42,1,Woman,Woman,Woman,3,2,5,White,White,White
prof_cleaner_seed120_crop.png,flux,prof_cleaner,Man,White,4,Man,White,37,False,6,83.42,1,Woman,Woman,Woman,5,3,6,Asian,Asian,Asian
prof_cleaner_seed120_crop.png,flux,prof_cleaner,Man,White,4,Man,White,37,False,6,83.42,1,Man,Man,Man,5,3,6,White,Asian,White
prof_cleaner_seed120_crop.png,flux,prof_cleaner,Man,White,4,Man,White,37,False,6,83.42,1,Woman,Woman,Woman,5,2,5,Asian,Asian,Asian
prof_cleaner_seed120_crop.png,flux,prof_cleaner,Man,White,4,Man,White,37,False,5,51.01,2,Man,Man,Man,5,3,6,White,White,White
prof_cleaner_seed120_crop.png,flux,prof_cleaner,Man,White,4,Man,White,37,False,5,51.01,2,Woman,Woman,Woman,3,2,5,White,White,White
prof_cleaner_seed120_crop.png,flux,prof_cleaner,Man,White,4,Man,White,37,False,5,51.01,2,Woman,Woman,Woman,5,3,6,Asian,Asian,Asian
prof_cleaner_seed120_crop.png,flux,prof_cleaner,Man,White,4,Man,White,37,False,5,51.01,2,Man,Man,Man,5,3,6,White,Asian,White
prof_cleaner_seed120_crop.png,flux,prof_cleaner,Man,White,4,Man,White,37,False,5,51.01,2,Woman,Woman,Woman,5,2,5,Asian,Asian,Asian
prof_cleaner_seed120_crop.png,flux,prof_cleaner,Man,White,4,Man,White,37,False,4,89.22,1,Man,Man,Man,5,3,6,White,White,White
prof_cleaner_seed120_crop.png,flux,prof_cleaner,Man,White,4,Man,White,37,False,4,89.22,1,Woman,Woman,Woman,3,2,5,White,White,White
prof_cleaner_seed120_crop.png,flux,prof_cleaner,Man,White,4,Man,White,37,False,4,89.22,1,Woman,Woman,Woman,5,3,6,Asian,Asian,Asian
prof_cleaner_seed120_crop.png,flux,prof_cleaner,Man,White,4,Man,White,37,False,4,89.22,1,Man,Man,Man,5,3,6,White,Asian,White
prof_cleaner_seed120_crop.png,flux,prof_cleaner,Man,White,4,Man,White,37,False,4,89.22,1,Woman,Woman,Woman,5,2,5,Asian,Asian,Asian
prof_cleaner_seed120_crop.png,flux,prof_cleaner,Man,White,4,Man,White,38,True,9,81.63,1,Man,Man,Man,5,3,6,White,White,White
prof_cleaner_seed120_crop.png,flux,prof_cleaner,Man,White,4,Man,White,38,True,9,81.63,1,Woman,Woman,Woman,3,2,5,White,White,White
prof_cleaner_seed120_crop.png,flux,prof_cleaner,Man,White,4,Man,White,38,True,9,81.63,1,Woman,Woman,Woman,5,3,6,Asian,Asian,Asian
prof_cleaner_seed120_crop.png,flux,prof_cleaner,Man,White,4,Man,White,38,True,9,81.63,1,Man,Man,Man,5,3,6,White,Asian,White
prof_cleaner_seed120_crop.png,flux,prof_cleaner,Man,White,4,Man,White,38,True,9,81.63,1,Woman,Woman,Woman,5,2,5,Asian,Asian,Asian
prof_cleaner_seed120_crop.png,flux,prof_cleaner,Man,White,4,Man,White,38,True,7,42.49,2,Man,Man,Man,5,3,6,White,White,White
prof_cleaner_seed120_crop.png,flux,prof_cleaner,Man,White,4,Man,White,38,True,7,42.49,2,Woman,Woman,Woman,3,2,5,White,White,White
prof_cleaner_seed120_crop.png,flux,prof_cleaner,Man,White,4,Man,White,38,True,7,42.49,2,Woman,Woman,Woman,5,3,6,Asian,Asian,Asian
prof_cleaner_seed120_crop.png,flux,prof_cleaner,Man,White,4,Man,White,38,True,7,42.49,2,Man,Man,Man,5,3,6,White,Asian,White
prof_cleaner_seed120_crop.png,flux,prof_cleaner,Man,White,4,Man,White,38,True,7,42.49,2,Woman,Woman,Woman,5,2,5,Asian,Asian,Asian
prof_cleaner_seed120_crop.png,flux,prof_cleaner,Man,White,4,Man,White,38,True,6,83.42,1,Man,Man,Man,5,3,6,White,White,White
prof_cleaner_seed120_crop.png,flux,prof_cleaner,Man,White,4,Man,White,38,True,6,83.42,1,Woman,Woman,Woman,3,2,5,White,White,White
prof_cleaner_seed120_crop.png,flux,prof_cleaner,Man,White,4,Man,White,38,True,6,83.42,1,Woman,Woman,Woman,5,3,6,Asian,Asian,Asian
prof_cleaner_seed120_crop.png,flux,prof_cleaner,Man,White,4,Man,White,38,True,6,83.42,1,Man,Man,Man,5,3,6,White,Asian,White
prof_cleaner_seed120_crop.png,flux,prof_cleaner,Man,White,4,Man,White,38,True,6,83.42,1,Woman,Woman,Woman,5,2,5,Asian,Asian,Asian
prof_cleaner_seed120_crop.png,flux,prof_cleaner,Man,White,4,Man,White,38,True,5,51.01,2,Man,Man,Man,5,3,6,White,White,White
prof_cleaner_seed120_crop.png,flux,prof_cleaner,Man,White,4,Man,White,38,True,5,51.01,2,Woman,Woman,Woman,3,2,5,White,White,White
prof_cleaner_seed120_crop.png,flux,prof_cleaner,Man,White,4,Man,White,38,True,5,51.01,2,Woman,Woman,Woman,5,3,6,Asian,Asian,Asian
prof_cleaner_seed120_crop.png,flux,prof_cleaner,Man,White,4,Man,White,38,True,5,51.01,2,Man,Man,Man,5,3,6,White,Asian,White
prof_cleaner_seed120_crop.png,flux,prof_cleaner,Man,White,4,Man,White,38,True,5,51.01,2,Woman,Woman,Woman,5,2,5,Asian,Asian,Asian
prof_cleaner_seed120_crop.png,flux,prof_cleaner,Man,White,4,Man,White,38,True,4,89.22,1,Man,Man,Man,5,3,6,White,White,White
prof_cleaner_seed120_crop.png,flux,prof_cleaner,Man,White,4,Man,White,38,True,4,89.22,1,Woman,Woman,Woman,3,2,5,White,White,White
prof_cleaner_seed120_crop.png,flux,prof_cleaner,Man,White,4,Man,White,38,True,4,89.22,1,Woman,Woman,Woman,5,3,6,Asian,Asian,Asian
prof_cleaner_seed120_crop.png,flux,prof_cleaner,Man,White,4,Man,White,38,True,4,89.22,1,Man,Man,Man,5,3,6,White,Asian,White
prof_cleaner_seed120_crop.png,flux,prof_cleaner,Man,White,4,Man,White,38,True,4,89.22,1,Woman,Woman,Woman,5,2,5,Asian,Asian,Asian
prof_cleaner_seed120_crop.png,flux,prof_cleaner,Man,White,4,Woman,White,41,True,9,81.63,1,Man,Man,Man,5,3,6,White,White,White
prof_cleaner_seed120_crop.png,flux,prof_cleaner,Man,White,4,Woman,White,41,True,9,81.63,1,Woman,Woman,Woman,3,2,5,White,White,White
prof_cleaner_seed120_crop.png,flux,prof_cleaner,Man,White,4,Woman,White,41,True,9,81.63,1,Woman,Woman,Woman,5,3,6,Asian,Asian,Asian
prof_cleaner_seed120_crop.png,flux,prof_cleaner,Man,White,4,Woman,White,41,True,9,81.63,1,Man,Man,Man,5,3,6,White,Asian,White
prof_cleaner_seed120_crop.png,flux,prof_cleaner,Man,White,4,Woman,White,41,True,9,81.63,1,Woman,Woman,Woman,5,2,5,Asian,Asian,Asian
prof_cleaner_seed120_crop.png,flux,prof_cleaner,Man,White,4,Woman,White,41,True,7,42.49,2,Man,Man,Man,5,3,6,White,White,White
prof_cleaner_seed120_crop.png,flux,prof_cleaner,Man,White,4,Woman,White,41,True,7,42.49,2,Woman,Woman,Woman,3,2,5,White,White,White
prof_cleaner_seed120_crop.png,flux,prof_cleaner,Man,White,4,Woman,White,41,True,7,42.49,2,Woman,Woman,Woman,5,3,6,Asian,Asian,Asian
prof_cleaner_seed120_crop.png,flux,prof_cleaner,Man,White,4,Woman,White,41,True,7,42.49,2,Man,Man,Man,5,3,6,White,Asian,White
prof_cleaner_seed120_crop.png,flux,prof_cleaner,Man,White,4,Woman,White,41,True,7,42.49,2,Woman,Woman,Woman,5,2,5,Asian,Asian,Asian
prof_cleaner_seed120_crop.png,flux,prof_cleaner,Man,White,4,Woman,White,41,True,6,83.42,1,Man,Man,Man,5,3,6,White,White,White
prof_cleaner_seed120_crop.png,flux,prof_cleaner,Man,White,4,Woman,White,41,True,6,83.42,1,Woman,Woman,Woman,3,2,5,White,White,White
prof_cleaner_seed120_crop.png,flux,prof_cleaner,Man,White,4,Woman,White,41,True,6,83.42,1,Woman,Woman,Woman,5,3,6,Asian,Asian,Asian
prof_cleaner_seed120_crop.png,flux,prof_cleaner,Man,White,4,Woman,White,41,True,6,83.42,1,Man,Man,Man,5,3,6,White,Asian,White
prof_cleaner_seed120_crop.png,flux,prof_cleaner,Man,White,4,Woman,White,41,True,6,83.42,1,Woman,Woman,Woman,5,2,5,Asian,Asian,Asian
prof_cleaner_seed120_crop.png,flux,prof_cleaner,Man,White,4,Woman,White,41,True,5,51.01,2,Man,Man,Man,5,3,6,White,White,White
prof_cleaner_seed120_crop.png,flux,prof_cleaner,Man,White,4,Woman,White,41,True,5,51.01,2,Woman,Woman,Woman,3,2,5,White,White,White
prof_cleaner_seed120_crop.png,flux,prof_cleaner,Man,White,4,Woman,White,41,True,5,51.01,2,Woman,Woman,Woman,5,3,6,Asian,Asian,Asian
prof_cleaner_seed120_crop.png,flux,prof_cleaner,Man,White,4,Woman,White,41,True,5,51.01,2,Man,Man,Man,5,3,6,White,Asian,White
prof_cleaner_seed120_crop.png,flux,prof_cleaner,Man,White,4,Woman,White,41,True,5,51.01,2,Woman,Woman,Woman,5,2,5,Asian,Asian,Asian
prof_cleaner_seed120_crop.png,flux,prof_cleaner,Man,White,4,Woman,White,41,True,4,89.22,1,Man,Man,Man,5,3,6,White,White,White
prof_cleaner_seed120_crop.png,flux,prof_cleaner,Man,White,4,Woman,White,41,True,4,89.22,1,Woman,Woman,Woman,3,2,5,White,White,White
prof_cleaner_seed120_crop.png,flux,prof_cleaner,Man,White,4,Woman,White,41,True,4,89.22,1,Woman,Woman,Woman,5,3,6,Asian,Asian,Asian
prof_cleaner_seed120_crop.png,flux,prof_cleaner,Man,White,4,Woman,White,41,True,4,89.22,1,Man,Man,Man,5,3,6,White,Asian,White
prof_cleaner_seed120_crop.png,flux,prof_cleaner,Man,White,4,Woman,White,41,True,4,89.22,1,Woman,Woman,Woman,5,2,5,Asian,Asian,Asian
prof_cleaner_seed120_crop.png,flux,prof_cleaner,Man,White,4,Woman,Asian,30,True,9,81.63,1,Man,Man,Man,5,3,6,White,White,White
prof_cleaner_seed120_crop.png,flux,prof_cleaner,Man,White,4,Woman,Asian,30,True,9,81.63,1,Woman,Woman,Woman,3,2,5,White,White,White
prof_cleaner_seed120_crop.png,flux,prof_cleaner,Man,White,4,Woman,Asian,30,True,9,81.63,1,Woman,Woman,Woman,5,3,6,Asian,Asian,Asian
prof_cleaner_seed120_crop.png,flux,prof_cleaner,Man,White,4,Woman,Asian,30,True,9,81.63,1,Man,Man,Man,5,3,6,White,Asian,White
prof_cleaner_seed120_crop.png,flux,prof_cleaner,Man,White,4,Woman,Asian,30,True,9,81.63,1,Woman,Woman,Woman,5,2,5,Asian,Asian,Asian
prof_cleaner_seed120_crop.png,flux,prof_cleaner,Man,White,4,Woman,Asian,30,True,7,42.49,2,Man,Man,Man,5,3,6,White,White,White
prof_cleaner_seed120_crop.png,flux,prof_cleaner,Man,White,4,Woman,Asian,30,True,7,42.49,2,Woman,Woman,Woman,3,2,5,White,White,White
prof_cleaner_seed120_crop.png,flux,prof_cleaner,Man,White,4,Woman,Asian,30,True,7,42.49,2,Woman,Woman,Woman,5,3,6,Asian,Asian,Asian
prof_cleaner_seed120_crop.png,flux,prof_cleaner,Man,White,4,Woman,Asian,30,True,7,42.49,2,Man,Man,Man,5,3,6,White,Asian,White
prof_cleaner_seed120_crop.png,flux,prof_cleaner,Man,White,4,Woman,Asian,30,True,7,42.49,2,Woman,Woman,Woman,5,2,5,Asian,Asian,Asian
prof_cleaner_seed120_crop.png,flux,prof_cleaner,Man,White,4,Woman,Asian,30,True,6,83.42,1,Man,Man,Man,5,3,6,White,White,White
prof_cleaner_seed120_crop.png,flux,prof_cleaner,Man,White,4,Woman,Asian,30,True,6,83.42,1,Woman,Woman,Woman,3,2,5,White,White,White
prof_cleaner_seed120_crop.png,flux,prof_cleaner,Man,White,4,Woman,Asian,30,True,6,83.42,1,Woman,Woman,Woman,5,3,6,Asian,Asian,Asian
prof_cleaner_seed120_crop.png,flux,prof_cleaner,Man,White,4,Woman,Asian,30,True,6,83.42,1,Man,Man,Man,5,3,6,White,Asian,White
prof_cleaner_seed120_crop.png,flux,prof_cleaner,Man,White,4,Woman,Asian,30,True,6,83.42,1,Woman,Woman,Woman,5,2,5,Asian,Asian,Asian
prof_cleaner_seed120_crop.png,flux,prof_cleaner,Man,White,4,Woman,Asian,30,True,5,51.01,2,Man,Man,Man,5,3,6,White,White,White
prof_cleaner_seed120_crop.png,flux,prof_cleaner,Man,White,4,Woman,Asian,30,True,5,51.01,2,Woman,Woman,Woman,3,2,5,White,White,White
prof_cleaner_seed120_crop.png,flux,prof_cleaner,Man,White,4,Woman,Asian,30,True,5,51.01,2,Woman,Woman,Woman,5,3,6,Asian,Asian,Asian
prof_cleaner_seed120_crop.png,flux,prof_cleaner,Man,White,4,Woman,Asian,30,True,5,51.01,2,Man,Man,Man,5,3,6,White,Asian,White
prof_cleaner_seed120_crop.png,flux,prof_cleaner,Man,White,4,Woman,Asian,30,True,5,51.01,2,Woman,Woman,Woman,5,2,5,Asian,Asian,Asian
prof_cleaner_seed120_crop.png,flux,prof_cleaner,Man,White,4,Woman,Asian,30,True,4,89.22,1,Man,Man,Man,5,3,6,White,White,White
prof_cleaner_seed120_crop.png,flux,prof_cleaner,Man,White,4,Woman,Asian,30,True,4,89.22,1,Woman,Woman,Woman,3,2,5,White,White,White
prof_cleaner_seed120_crop.png,flux,prof_cleaner,Man,White,4,Woman,Asian,30,True,4,89.22,1,Woman,Woman,Woman,5,3,6,Asian,Asian,Asian
prof_cleaner_seed120_crop.png,flux,prof_cleaner,Man,White,4,Woman,Asian,30,True,4,89.22,1,Man,Man,Man,5,3,6,White,Asian,White
prof_cleaner_seed120_crop.png,flux,prof_cleaner,Man,White,4,Woman,Asian,30,True,4,89.22,1,Woman,Woman,Woman,5,2,5,Asian,Asian,Asian
prof_cleaner_seed120_crop.png,flux,prof_cleaner,Man,White,4,Man,White,26,False,9,81.63,1,Man,Man,Man,5,3,6,White,White,White
prof_cleaner_seed120_crop.png,flux,prof_cleaner,Man,White,4,Man,White,26,False,9,81.63,1,Woman,Woman,Woman,3,2,5,White,White,White
prof_cleaner_seed120_crop.png,flux,prof_cleaner,Man,White,4,Man,White,26,False,9,81.63,1,Woman,Woman,Woman,5,3,6,Asian,Asian,Asian
prof_cleaner_seed120_crop.png,flux,prof_cleaner,Man,White,4,Man,White,26,False,9,81.63,1,Man,Man,Man,5,3,6,White,Asian,White
prof_cleaner_seed120_crop.png,flux,prof_cleaner,Man,White,4,Man,White,26,False,9,81.63,1,Woman,Woman,Woman,5,2,5,Asian,Asian,Asian
prof_cleaner_seed120_crop.png,flux,prof_cleaner,Man,White,4,Man,White,26,False,7,42.49,2,Man,Man,Man,5,3,6,White,White,White
prof_cleaner_seed120_crop.png,flux,prof_cleaner,Man,White,4,Man,White,26,False,7,42.49,2,Woman,Woman,Woman,3,2,5,White,White,White
prof_cleaner_seed120_crop.png,flux,prof_cleaner,Man,White,4,Man,White,26,False,7,42.49,2,Woman,Woman,Woman,5,3,6,Asian,Asian,Asian
prof_cleaner_seed120_crop.png,flux,prof_cleaner,Man,White,4,Man,White,26,False,7,42.49,2,Man,Man,Man,5,3,6,White,Asian,White
prof_cleaner_seed120_crop.png,flux,prof_cleaner,Man,White,4,Man,White,26,False,7,42.49,2,Woman,Woman,Woman,5,2,5,Asian,Asian,Asian
prof_cleaner_seed120_crop.png,flux,prof_cleaner,Man,White,4,Man,White,26,False,6,83.42,1,Man,Man,Man,5,3,6,White,White,White
prof_cleaner_seed120_crop.png,flux,prof_cleaner,Man,White,4,Man,White,26,False,6,83.42,1,Woman,Woman,Woman,3,2,5,White,White,White
prof_cleaner_seed120_crop.png,flux,prof_cleaner,Man,White,4,Man,White,26,False,6,83.42,1,Woman,Woman,Woman,5,3,6,Asian,Asian,Asian
prof_cleaner_seed120_crop.png,flux,prof_cleaner,Man,White,4,Man,White,26,False,6,83.42,1,Man,Man,Man,5,3,6,White,Asian,White
prof_cleaner_seed120_crop.png,flux,prof_cleaner,Man,White,4,Man,White,26,False,6,83.42,1,Woman,Woman,Woman,5,2,5,Asian,Asian,Asian
prof_cleaner_seed120_crop.png,flux,prof_cleaner,Man,White,4,Man,White,26,False,5,51.01,2,Man,Man,Man,5,3,6,White,White,White
prof_cleaner_seed120_crop.png,flux,prof_cleaner,Man,White,4,Man,White,26,False,5,51.01,2,Woman,Woman,Woman,3,2,5,White,White,White
prof_cleaner_seed120_crop.png,flux,prof_cleaner,Man,White,4,Man,White,26,False,5,51.01,2,Woman,Woman,Woman,5,3,6,Asian,Asian,Asian
prof_cleaner_seed120_crop.png,flux,prof_cleaner,Man,White,4,Man,White,26,False,5,51.01,2,Man,Man,Man,5,3,6,White,Asian,White
prof_cleaner_seed120_crop.png,flux,prof_cleaner,Man,White,4,Man,White,26,False,5,51.01,2,Woman,Woman,Woman,5,2,5,Asian,Asian,Asian
prof_cleaner_seed120_crop.png,flux,prof_cleaner,Man,White,4,Man,White,26,False,4,89.22,1,Man,Man,Man,5,3,6,White,White,White
prof_cleaner_seed120_crop.png,flux,prof_cleaner,Man,White,4,Man,White,26,False,4,89.22,1,Woman,Woman,Woman,3,2,5,White,White,White
prof_cleaner_seed120_crop.png,flux,prof_cleaner,Man,White,4,Man,White,26,False,4,89.22,1,Woman,Woman,Woman,5,3,6,Asian,Asian,Asian
prof_cleaner_seed120_crop.png,flux,prof_cleaner,Man,White,4,Man,White,26,False,4,89.22,1,Man,Man,Man,5,3,6,White,Asian,White
prof_cleaner_seed120_crop.png,flux,prof_cleaner,Man,White,4,Man,White,26,False,4,89.22,1,Woman,Woman,Woman,5,2,5,Asian,Asian,Asian
prof_ceo_seed105_crop.png,sd35,prof_ceo,Man,Asian,5,Man,Latino Hispanic,26,True,5,-72.69,9,Man,Man,Man,5,3,6,White,White,White
prof_ceo_seed105_crop.png,sd35,prof_ceo,Man,Asian,5,Man,Latino Hispanic,26,True,5,-72.69,9,Man,Man,Man,5,3,5,White,White,White
prof_ceo_seed105_crop.png,sd35,prof_ceo,Man,Asian,5,Man,Latino Hispanic,26,True,5,-72.69,9,Man,Man,Man,5,3,5,Asian,Asian,Asian
prof_ceo_seed105_crop.png,sd35,prof_ceo,Man,Asian,5,Man,Latino Hispanic,26,True,5,-72.69,9,Man,Man,Man,4,3,5,Asian,Asian,Asian
prof_ceo_seed105_crop.png,sd35,prof_ceo,Man,Asian,5,Man,Latino Hispanic,26,True,5,-72.69,9,Man,Man,Man,5,3,5,White,White,White
prof_ceo_seed105_crop.png,sd35,prof_ceo,Man,Asian,5,Man,Latino Hispanic,26,True,5,-56.12,9,Man,Man,Man,5,3,6,White,White,White
prof_ceo_seed105_crop.png,sd35,prof_ceo,Man,Asian,5,Man,Latino Hispanic,26,True,5,-56.12,9,Man,Man,Man,5,3,5,White,White,White
prof_ceo_seed105_crop.png,sd35,prof_ceo,Man,Asian,5,Man,Latino Hispanic,26,True,5,-56.12,9,Man,Man,Man,5,3,5,Asian,Asian,Asian
prof_ceo_seed105_crop.png,sd35,prof_ceo,Man,Asian,5,Man,Latino Hispanic,26,True,5,-56.12,9,Man,Man,Man,4,3,5,Asian,Asian,Asian
prof_ceo_seed105_crop.png,sd35,prof_ceo,Man,Asian,5,Man,Latino Hispanic,26,True,5,-56.12,9,Man,Man,Man,5,3,5,White,White,White
prof_ceo_seed105_crop.png,sd35,prof_ceo,Man,Asian,5,Man,Latino Hispanic,26,True,4,-82.31,9,Man,Man,Man,5,3,6,White,White,White
prof_ceo_seed105_crop.png,sd35,prof_ceo,Man,Asian,5,Man,Latino Hispanic,26,True,4,-82.31,9,Man,Man,Man,5,3,5,White,White,White
prof_ceo_seed105_crop.png,sd35,prof_ceo,Man,Asian,5,Man,Latino Hispanic,26,True,4,-82.31,9,Man,Man,Man,5,3,5,Asian,Asian,Asian
prof_ceo_seed105_crop.png,sd35,prof_ceo,Man,Asian,5,Man,Latino Hispanic,26,True,4,-82.31,9,Man,Man,Man,4,3,5,Asian,Asian,Asian
prof_ceo_seed105_crop.png,sd35,prof_ceo,Man,Asian,5,Man,Latino Hispanic,26,True,4,-82.31,9,Man,Man,Man,5,3,5,White,White,White
prof_ceo_seed105_crop.png,sd35,prof_ceo,Man,Asian,5,Man,Latino Hispanic,26,True,5,-40.19,9,Man,Man,Man,5,3,6,White,White,White
prof_ceo_seed105_crop.png,sd35,prof_ceo,Man,Asian,5,Man,Latino Hispanic,26,True,5,-40.19,9,Man,Man,Man,5,3,5,White,White,White
prof_ceo_seed105_crop.png,sd35,prof_ceo,Man,Asian,5,Man,Latino Hispanic,26,True,5,-40.19,9,Man,Man,Man,5,3,5,Asian,Asian,Asian
prof_ceo_seed105_crop.png,sd35,prof_ceo,Man,Asian,5,Man,Latino Hispanic,26,True,5,-40.19,9,Man,Man,Man,4,3,5,Asian,Asian,Asian
prof_ceo_seed105_crop.png,sd35,prof_ceo,Man,Asian,5,Man,Latino Hispanic,26,True,5,-40.19,9,Man,Man,Man,5,3,5,White,White,White
prof_ceo_seed105_crop.png,sd35,prof_ceo,Man,Asian,5,Man,Latino Hispanic,26,True,5,83.05,1,Man,Man,Man,5,3,6,White,White,White
prof_ceo_seed105_crop.png,sd35,prof_ceo,Man,Asian,5,Man,Latino Hispanic,26,True,5,83.05,1,Man,Man,Man,5,3,5,White,White,White
prof_ceo_seed105_crop.png,sd35,prof_ceo,Man,Asian,5,Man,Latino Hispanic,26,True,5,83.05,1,Man,Man,Man,5,3,5,Asian,Asian,Asian
prof_ceo_seed105_crop.png,sd35,prof_ceo,Man,Asian,5,Man,Latino Hispanic,26,True,5,83.05,1,Man,Man,Man,4,3,5,Asian,Asian,Asian
prof_ceo_seed105_crop.png,sd35,prof_ceo,Man,Asian,5,Man,Latino Hispanic,26,True,5,83.05,1,Man,Man,Man,5,3,5,White,White,White
prof_ceo_seed105_crop.png,sd35,prof_ceo,Man,Asian,5,Man,Asian,46,True,5,-72.69,9,Man,Man,Man,5,3,6,White,White,White
prof_ceo_seed105_crop.png,sd35,prof_ceo,Man,Asian,5,Man,Asian,46,True,5,-72.69,9,Man,Man,Man,5,3,5,White,White,White
prof_ceo_seed105_crop.png,sd35,prof_ceo,Man,Asian,5,Man,Asian,46,True,5,-72.69,9,Man,Man,Man,5,3,5,Asian,Asian,Asian
prof_ceo_seed105_crop.png,sd35,prof_ceo,Man,Asian,5,Man,Asian,46,True,5,-72.69,9,Man,Man,Man,4,3,5,Asian,Asian,Asian
prof_ceo_seed105_crop.png,sd35,prof_ceo,Man,Asian,5,Man,Asian,46,True,5,-72.69,9,Man,Man,Man,5,3,5,White,White,White
prof_ceo_seed105_crop.png,sd35,prof_ceo,Man,Asian,5,Man,Asian,46,True,5,-56.12,9,Man,Man,Man,5,3,6,White,White,White
prof_ceo_seed105_crop.png,sd35,prof_ceo,Man,Asian,5,Man,Asian,46,True,5,-56.12,9,Man,Man,Man,5,3,5,White,White,White
prof_ceo_seed105_crop.png,sd35,prof_ceo,Man,Asian,5,Man,Asian,46,True,5,-56.12,9,Man,Man,Man,5,3,5,Asian,Asian,Asian
prof_ceo_seed105_crop.png,sd35,prof_ceo,Man,Asian,5,Man,Asian,46,True,5,-56.12,9,Man,Man,Man,4,3,5,Asian,Asian,Asian
prof_ceo_seed105_crop.png,sd35,prof_ceo,Man,Asian,5,Man,Asian,46,True,5,-56.12,9,Man,Man,Man,5,3,5,White,White,White
prof_ceo_seed105_crop.png,sd35,prof_ceo,Man,Asian,5,Man,Asian,46,True,4,-82.31,9,Man,Man,Man,5,3,6,White,White,White
prof_ceo_seed105_crop.png,sd35,prof_ceo,Man,Asian,5,Man,Asian,46,True,4,-82.31,9,Man,Man,Man,5,3,5,White,White,White
prof_ceo_seed105_crop.png,sd35,prof_ceo,Man,Asian,5,Man,Asian,46,True,4,-82.31,9,Man,Man,Man,5,3,5,Asian,Asian,Asian
prof_ceo_seed105_crop.png,sd35,prof_ceo,Man,Asian,5,Man,Asian,46,True,4,-82.31,9,Man,Man,Man,4,3,5,Asian,Asian,Asian
prof_ceo_seed105_crop.png,sd35,prof_ceo,Man,Asian,5,Man,Asian,46,True,4,-82.31,9,Man,Man,Man,5,3,5,White,White,White
prof_ceo_seed105_crop.png,sd35,prof_ceo,Man,Asian,5,Man,Asian,46,True,5,-40.19,9,Man,Man,Man,5,3,6,White,White,White
prof_ceo_seed105_crop.png,sd35,prof_ceo,Man,Asian,5,Man,Asian,46,True,5,-40.19,9,Man,Man,Man,5,3,5,White,White,White
prof_ceo_seed105_crop.png,sd35,prof_ceo,Man,Asian,5,Man,Asian,46,True,5,-40.19,9,Man,Man,Man,5,3,5,Asian,Asian,Asian
prof_ceo_seed105_crop.png,sd35,prof_ceo,Man,Asian,5,Man,Asian,46,True,5,-40.19,9,Man,Man,Man,4,3,5,Asian,Asian,Asian
prof_ceo_seed105_crop.png,sd35,prof_ceo,Man,Asian,5,Man,Asian,46,True,5,-40.19,9,Man,Man,Man,5,3,5,White,White,White
prof_ceo_seed105_crop.png,sd35,prof_ceo,Man,Asian,5,Man,Asian,46,True,5,83.05,1,Man,Man,Man,5,3,6,White,White,White
prof_ceo_seed105_crop.png,sd35,prof_ceo,Man,Asian,5,Man,Asian,46,True,5,83.05,1,Man,Man,Man,5,3,5,White,White,White
prof_ceo_seed105_crop.png,sd35,prof_ceo,Man,Asian,5,Man,Asian,46,True,5,83.05,1,Man,Man,Man,5,3,5,Asian,Asian,Asian
prof_ceo_seed105_crop.png,sd35,prof_ceo,Man,Asian,5,Man,Asian,46,True,5,83.05,1,Man,Man,Man,4,3,5,Asian,Asian,Asian
prof_ceo_seed105_crop.png,sd35,prof_ceo,Man,Asian,5,Man,Asian,46,True,5,83.05,1,Man,Man,Man,5,3,5,White,White,White
prof_ceo_seed105_crop.png,sd35,prof_ceo,Man,Asian,5,Man,White,26,True,5,-72.69,9,Man,Man,Man,5,3,6,White,White,White
prof_ceo_seed105_crop.png,sd35,prof_ceo,Man,Asian,5,Man,White,26,True,5,-72.69,9,Man,Man,Man,5,3,5,White,White,White
prof_ceo_seed105_crop.png,sd35,prof_ceo,Man,Asian,5,Man,White,26,True,5,-72.69,9,Man,Man,Man,5,3,5,Asian,Asian,Asian
prof_ceo_seed105_crop.png,sd35,prof_ceo,Man,Asian,5,Man,White,26,True,5,-72.69,9,Man,Man,Man,4,3,5,Asian,Asian,Asian
prof_ceo_seed105_crop.png,sd35,prof_ceo,Man,Asian,5,Man,White,26,True,5,-72.69,9,Man,Man,Man,5,3,5,White,White,White
prof_ceo_seed105_crop.png,sd35,prof_ceo,Man,Asian,5,Man,White,26,True,5,-56.12,9,Man,Man,Man,5,3,6,White,White,White
prof_ceo_seed105_crop.png,sd35,prof_ceo,Man,Asian,5,Man,White,26,True,5,-56.12,9,Man,Man,Man,5,3,5,White,White,White
prof_ceo_seed105_crop.png,sd35,prof_ceo,Man,Asian,5,Man,White,26,True,5,-56.12,9,Man,Man,Man,5,3,5,Asian,Asian,Asian
prof_ceo_seed105_crop.png,sd35,prof_ceo,Man,Asian,5,Man,White,26,True,5,-56.12,9,Man,Man,Man,4,3,5,Asian,Asian,Asian
prof_ceo_seed105_crop.png,sd35,prof_ceo,Man,Asian,5,Man,White,26,True,5,-56.12,9,Man,Man,Man,5,3,5,White,White,White
prof_ceo_seed105_crop.png,sd35,prof_ceo,Man,Asian,5,Man,White,26,True,4,-82.31,9,Man,Man,Man,5,3,6,White,White,White
prof_ceo_seed105_crop.png,sd35,prof_ceo,Man,Asian,5,Man,White,26,True,4,-82.31,9,Man,Man,Man,5,3,5,White,White,White
prof_ceo_seed105_crop.png,sd35,prof_ceo,Man,Asian,5,Man,White,26,True,4,-82.31,9,Man,Man,Man,5,3,5,Asian,Asian,Asian
prof_ceo_seed105_crop.png,sd35,prof_ceo,Man,Asian,5,Man,White,26,True,4,-82.31,9,Man,Man,Man,4,3,5,Asian,Asian,Asian
prof_ceo_seed105_crop.png,sd35,prof_ceo,Man,Asian,5,Man,White,26,True,4,-82.31,9,Man,Man,Man,5,3,5,White,White,White
prof_ceo_seed105_crop.png,sd35,prof_ceo,Man,Asian,5,Man,White,26,True,5,-40.19,9,Man,Man,Man,5,3,6,White,White,White
prof_ceo_seed105_crop.png,sd35,prof_ceo,Man,Asian,5,Man,White,26,True,5,-40.19,9,Man,Man,Man,5,3,5,White,White,White
prof_ceo_seed105_crop.png,sd35,prof_ceo,Man,Asian,5,Man,White,26,True,5,-40.19,9,Man,Man,Man,5,3,5,Asian,Asian,Asian
prof_ceo_seed105_crop.png,sd35,prof_ceo,Man,Asian,5,Man,White,26,True,5,-40.19,9,Man,Man,Man,4,3,5,Asian,Asian,Asian
prof_ceo_seed105_crop.png,sd35,prof_ceo,Man,Asian,5,Man,White,26,True,5,-40.19,9,Man,Man,Man,5,3,5,White,White,White
prof_ceo_seed105_crop.png,sd35,prof_ceo,Man,Asian,5,Man,White,26,True,5,83.05,1,Man,Man,Man,5,3,6,White,White,White
prof_ceo_seed105_crop.png,sd35,prof_ceo,Man,Asian,5,Man,White,26,True,5,83.05,1,Man,Man,Man,5,3,5,White,White,White
prof_ceo_seed105_crop.png,sd35,prof_ceo,Man,Asian,5,Man,White,26,True,5,83.05,1,Man,Man,Man,5,3,5,Asian,Asian,Asian
prof_ceo_seed105_crop.png,sd35,prof_ceo,Man,Asian,5,Man,White,26,True,5,83.05,1,Man,Man,Man,4,3,5,Asian,Asian,Asian
prof_ceo_seed105_crop.png,sd35,prof_ceo,Man,Asian,5,Man,White,26,True,5,83.05,1,Man,Man,Man,5,3,5,White,White,White
prof_ceo_seed105_crop.png,sd35,prof_ceo,Man,Asian,5,Man,White,33,True,5,-72.69,9,Man,Man,Man,5,3,6,White,White,White
prof_ceo_seed105_crop.png,sd35,prof_ceo,Man,Asian,5,Man,White,33,True,5,-72.69,9,Man,Man,Man,5,3,5,White,White,White
prof_ceo_seed105_crop.png,sd35,prof_ceo,Man,Asian,5,Man,White,33,True,5,-72.69,9,Man,Man,Man,5,3,5,Asian,Asian,Asian
prof_ceo_seed105_crop.png,sd35,prof_ceo,Man,Asian,5,Man,White,33,True,5,-72.69,9,Man,Man,Man,4,3,5,Asian,Asian,Asian
prof_ceo_seed105_crop.png,sd35,prof_ceo,Man,Asian,5,Man,White,33,True,5,-72.69,9,Man,Man,Man,5,3,5,White,White,White
prof_ceo_seed105_crop.png,sd35,prof_ceo,Man,Asian,5,Man,White,33,True,5,-56.12,9,Man,Man,Man,5,3,6,White,White,White
prof_ceo_seed105_crop.png,sd35,prof_ceo,Man,Asian,5,Man,White,33,True,5,-56.12,9,Man,Man,Man,5,3,5,White,White,White
prof_ceo_seed105_crop.png,sd35,prof_ceo,Man,Asian,5,Man,White,33,True,5,-56.12,9,Man,Man,Man,5,3,5,Asian,Asian,Asian
prof_ceo_seed105_crop.png,sd35,prof_ceo,Man,Asian,5,Man,White,33,True,5,-56.12,9,Man,Man,Man,4,3,5,Asian,Asian,Asian
prof_ceo_seed105_crop.png,sd35,prof_ceo,Man,Asian,5,Man,White,33,True,5,-56.12,9,Man,Man,Man,5,3,5,White,White,White
prof_ceo_seed105_crop.png,sd35,prof_ceo,Man,Asian,5,Man,White,33,True,4,-82.31,9,Man,Man,Man,5,3,6,White,White,White
prof_ceo_seed105_crop.png,sd35,prof_ceo,Man,Asian,5,Man,White,33,True,4,-82.31,9,Man,Man,Man,5,3,5,White,White,White
prof_ceo_seed105_crop.png,sd35,prof_ceo,Man,Asian,5,Man,White,33,True,4,-82.31,9,Man,Man,Man,5,3,5,Asian,Asian,Asian
prof_ceo_seed105_crop.png,sd35,prof_ceo,Man,Asian,5,Man,White,33,True,4,-82.31,9,Man,Man,Man,4,3,5,Asian,Asian,Asian
prof_ceo_seed105_crop.png,sd35,prof_ceo,Man,Asian,5,Man,White,33,True,4,-82.31,9,Man,Man,Man,5,3,5,White,White,White
prof_ceo_seed105_crop.png,sd35,prof_ceo,Man,Asian,5,Man,White,33,True,5,-40.19,9,Man,Man,Man,5,3,6,White,White,White
prof_ceo_seed105_crop.png,sd35,prof_ceo,Man,Asian,5,Man,White,33,True,5,-40.19,9,Man,Man,Man,5,3,5,White,White,White
prof_ceo_seed105_crop.png,sd35,prof_ceo,Man,Asian,5,Man,White,33,True,5,-40.19,9,Man,Man,Man,5,3,5,Asian,Asian,Asian
prof_ceo_seed105_crop.png,sd35,prof_ceo,Man,Asian,5,Man,White,33,True,5,-40.19,9,Man,Man,Man,4,3,5,Asian,Asian,Asian
prof_ceo_seed105_crop.png,sd35,prof_ceo,Man,Asian,5,Man,White,33,True,5,-40.19,9,Man,Man,Man,5,3,5,White,White,White
prof_ceo_seed105_crop.png,sd35,prof_ceo,Man,Asian,5,Man,White,33,True,5,83.05,1,Man,Man,Man,5,3,6,White,White,White
prof_ceo_seed105_crop.png,sd35,prof_ceo,Man,Asian,5,Man,White,33,True,5,83.05,1,Man,Man,Man,5,3,5,White,White,White
prof_ceo_seed105_crop.png,sd35,prof_ceo,Man,Asian,5,Man,White,33,True,5,83.05,1,Man,Man,Man,5,3,5,Asian,Asian,Asian
prof_ceo_seed105_crop.png,sd35,prof_ceo,Man,Asian,5,Man,White,33,True,5,83.05,1,Man,Man,Man,4,3,5,Asian,Asian,Asian
prof_ceo_seed105_crop.png,sd35,prof_ceo,Man,Asian,5,Man,White,33,True,5,83.05,1,Man,Man,Man,5,3,5,White,White,White
prof_ceo_seed105_crop.png,sd35,prof_ceo,Man,Asian,5,Man,Asian,27,True,5,-72.69,9,Man,Man,Man,5,3,6,White,White,White
prof_ceo_seed105_crop.png,sd35,prof_ceo,Man,Asian,5,Man,Asian,27,True,5,-72.69,9,Man,Man,Man,5,3,5,White,White,White
prof_ceo_seed105_crop.png,sd35,prof_ceo,Man,Asian,5,Man,Asian,27,True,5,-72.69,9,Man,Man,Man,5,3,5,Asian,Asian,Asian
prof_ceo_seed105_crop.png,sd35,prof_ceo,Man,Asian,5,Man,Asian,27,True,5,-72.69,9,Man,Man,Man,4,3,5,Asian,Asian,Asian
prof_ceo_seed105_crop.png,sd35,prof_ceo,Man,Asian,5,Man,Asian,27,True,5,-72.69,9,Man,Man,Man,5,3,5,White,White,White
prof_ceo_seed105_crop.png,sd35,prof_ceo,Man,Asian,5,Man,Asian,27,True,5,-56.12,9,Man,Man,Man,5,3,6,White,White,White
prof_ceo_seed105_crop.png,sd35,prof_ceo,Man,Asian,5,Man,Asian,27,True,5,-56.12,9,Man,Man,Man,5,3,5,White,White,White
prof_ceo_seed105_crop.png,sd35,prof_ceo,Man,Asian,5,Man,Asian,27,True,5,-56.12,9,Man,Man,Man,5,3,5,Asian,Asian,Asian
prof_ceo_seed105_crop.png,sd35,prof_ceo,Man,Asian,5,Man,Asian,27,True,5,-56.12,9,Man,Man,Man,4,3,5,Asian,Asian,Asian
prof_ceo_seed105_crop.png,sd35,prof_ceo,Man,Asian,5,Man,Asian,27,True,5,-56.12,9,Man,Man,Man,5,3,5,White,White,White
prof_ceo_seed105_crop.png,sd35,prof_ceo,Man,Asian,5,Man,Asian,27,True,4,-82.31,9,Man,Man,Man,5,3,6,White,White,White
prof_ceo_seed105_crop.png,sd35,prof_ceo,Man,Asian,5,Man,Asian,27,True,4,-82.31,9,Man,Man,Man,5,3,5,White,White,White
prof_ceo_seed105_crop.png,sd35,prof_ceo,Man,Asian,5,Man,Asian,27,True,4,-82.31,9,Man,Man,Man,5,3,5,Asian,Asian,Asian
prof_ceo_seed105_crop.png,sd35,prof_ceo,Man,Asian,5,Man,Asian,27,True,4,-82.31,9,Man,Man,Man,4,3,5,Asian,Asian,Asian
prof_ceo_seed105_crop.png,sd35,prof_ceo,Man,Asian,5,Man,Asian,27,True,4,-82.31,9,Man,Man,Man,5,3,5,White,White,White
prof_ceo_seed105_crop.png,sd35,prof_ceo,Man,Asian,5,Man,Asian,27,True,5,-40.19,9,Man,Man,Man,5,3,6,White,White,White
prof_ceo_seed105_crop.png,sd35,prof_ceo,Man,Asian,5,Man,Asian,27,True,5,-40.19,9,Man,Man,Man,5,3,5,White,White,White
prof_ceo_seed105_crop.png,sd35,prof_ceo,Man,Asian,5,Man,Asian,27,True,5,-40.19,9,Man,Man,Man,5,3,5,Asian,Asian,Asian
prof_ceo_seed105_crop.png,sd35,prof_ceo,Man,Asian,5,Man,Asian,27,True,5,-40.19,9,Man,Man,Man,4,3,5,Asian,Asian,Asian
prof_ceo_seed105_crop.png,sd35,prof_ceo,Man,Asian,5,Man,Asian,27,True,5,-40.19,9,Man,Man,Man,5,3,5,White,White,White
prof_ceo_seed105_crop.png,sd35,prof_ceo,Man,Asian,5,Man,Asian,27,True,5,83.05,1,Man,Man,Man,5,3,6,White,White,White
prof_ceo_seed105_crop.png,sd35,prof_ceo,Man,Asian,5,Man,Asian,27,True,5,83.05,1,Man,Man,Man,5,3,5,White,White,White
prof_ceo_seed105_crop.png,sd35,prof_ceo,Man,Asian,5,Man,Asian,27,True,5,83.05,1,Man,Man,Man,5,3,5,Asian,Asian,Asian
prof_ceo_seed105_crop.png,sd35,prof_ceo,Man,Asian,5,Man,Asian,27,True,5,83.05,1,Man,Man,Man,4,3,5,Asian,Asian,Asian
prof_ceo_seed105_crop.png,sd35,prof_ceo,Man,Asian,5,Man,Asian,27,True,5,83.05,1,Man,Man,Man,5,3,5,White,White,White
prof_nurse_seed121_crop.png,qwen,prof_nurse,Woman,White,4,Woman,White,31,True,5,86.97,1,Woman,Woman,Woman,3,2,5,Asian,Asian,Asian
prof_nurse_seed121_crop.png,qwen,prof_nurse,Woman,White,4,Woman,White,31,True,5,86.97,1,Woman,Woman,Woman,5,3,5,Indian,Latino Hispanic,White
prof_nurse_seed121_crop.png,qwen,prof_nurse,Woman,White,4,Woman,White,31,True,5,86.97,1,Woman,Woman,Woman,5,2,5,White,White,White
prof_nurse_seed121_crop.png,qwen,prof_nurse,Woman,White,4,Woman,White,31,True,5,86.97,1,Woman,Woman,Woman,3,2,5,White,White,White
prof_nurse_seed121_crop.png,qwen,prof_nurse,Woman,White,4,Woman,White,31,True,5,86.97,1,Woman,Woman,Woman,4,5,8,Black,Black,Black
prof_nurse_seed121_crop.png,qwen,prof_nurse,Woman,White,4,Woman,White,31,True,5,-54.12,9,Woman,Woman,Woman,3,2,5,Asian,Asian,Asian
prof_nurse_seed121_crop.png,qwen,prof_nurse,Woman,White,4,Woman,White,31,True,5,-54.12,9,Woman,Woman,Woman,5,3,5,Indian,Latino Hispanic,White
prof_nurse_seed121_crop.png,qwen,prof_nurse,Woman,White,4,Woman,White,31,True,5,-54.12,9,Woman,Woman,Woman,5,2,5,White,White,White
prof_nurse_seed121_crop.png,qwen,prof_nurse,Woman,White,4,Woman,White,31,True,5,-54.12,9,Woman,Woman,Woman,3,2,5,White,White,White
prof_nurse_seed121_crop.png,qwen,prof_nurse,Woman,White,4,Woman,White,31,True,5,-54.12,9,Woman,Woman,Woman,4,5,8,Black,Black,Black
prof_nurse_seed121_crop.png,qwen,prof_nurse,Woman,White,4,Woman,White,31,True,5,56.67,1,Woman,Woman,Woman,3,2,5,Asian,Asian,Asian
prof_nurse_seed121_crop.png,qwen,prof_nurse,Woman,White,4,Woman,White,31,True,5,56.67,1,Woman,Woman,Woman,5,3,5,Indian,Latino Hispanic,White
prof_nurse_seed121_crop.png,qwen,prof_nurse,Woman,White,4,Woman,White,31,True,5,56.67,1,Woman,Woman,Woman,5,2,5,White,White,White
prof_nurse_seed121_crop.png,qwen,prof_nurse,Woman,White,4,Woman,White,31,True,5,56.67,1,Woman,Woman,Woman,3,2,5,White,White,White
prof_nurse_seed121_crop.png,qwen,prof_nurse,Woman,White,4,Woman,White,31,True,5,56.67,1,Woman,Woman,Woman,4,5,8,Black,Black,Black
prof_nurse_seed121_crop.png,qwen,prof_nurse,Woman,White,4,Woman,White,31,True,6,32.44,3,Woman,Woman,Woman,3,2,5,Asian,Asian,Asian
prof_nurse_seed121_crop.png,qwen,prof_nurse,Woman,White,4,Woman,White,31,True,6,32.44,3,Woman,Woman,Woman,5,3,5,Indian,Latino Hispanic,White
prof_nurse_seed121_crop.png,qwen,prof_nurse,Woman,White,4,Woman,White,31,True,6,32.44,3,Woman,Woman,Woman,5,2,5,White,White,White
prof_nurse_seed121_crop.png,qwen,prof_nurse,Woman,White,4,Woman,White,31,True,6,32.44,3,Woman,Woman,Woman,3,2,5,White,White,White
prof_nurse_seed121_crop.png,qwen,prof_nurse,Woman,White,4,Woman,White,31,True,6,32.44,3,Woman,Woman,Woman,4,5,8,Black,Black,Black
prof_nurse_seed121_crop.png,qwen,prof_nurse,Woman,White,4,Woman,White,31,True,5,60.99,1,Woman,Woman,Woman,3,2,5,Asian,Asian,Asian
prof_nurse_seed121_crop.png,qwen,prof_nurse,Woman,White,4,Woman,White,31,True,5,60.99,1,Woman,Woman,Woman,5,3,5,Indian,Latino Hispanic,White
prof_nurse_seed121_crop.png,qwen,prof_nurse,Woman,White,4,Woman,White,31,True,5,60.99,1,Woman,Woman,Woman,5,2,5,White,White,White
prof_nurse_seed121_crop.png,qwen,prof_nurse,Woman,White,4,Woman,White,31,True,5,60.99,1,Woman,Woman,Woman,3,2,5,White,White,White
prof_nurse_seed121_crop.png,qwen,prof_nurse,Woman,White,4,Woman,White,31,True,5,60.99,1,Woman,Woman,Woman,4,5,8,Black,Black,Black
prof_nurse_seed121_crop.png,qwen,prof_nurse,Woman,White,4,Woman,White,30,True,5,86.97,1,Woman,Woman,Woman,3,2,5,Asian,Asian,Asian
prof_nurse_seed121_crop.png,qwen,prof_nurse,Woman,White,4,Woman,White,30,True,5,86.97,1,Woman,Woman,Woman,5,3,5,Indian,Latino Hispanic,White
prof_nurse_seed121_crop.png,qwen,prof_nurse,Woman,White,4,Woman,White,30,True,5,86.97,1,Woman,Woman,Woman,5,2,5,White,White,White
prof_nurse_seed121_crop.png,qwen,prof_nurse,Woman,White,4,Woman,White,30,True,5,86.97,1,Woman,Woman,Woman,3,2,5,White,White,White
prof_nurse_seed121_crop.png,qwen,prof_nurse,Woman,White,4,Woman,White,30,True,5,86.97,1,Woman,Woman,Woman,4,5,8,Black,Black,Black
prof_nurse_seed121_crop.png,qwen,prof_nurse,Woman,White,4,Woman,White,30,True,5,-54.12,9,Woman,Woman,Woman,3,2,5,Asian,Asian,Asian
prof_nurse_seed121_crop.png,qwen,prof_nurse,Woman,White,4,Woman,White,30,True,5,-54.12,9,Woman,Woman,Woman,5,3,5,Indian,Latino Hispanic,White
prof_nurse_seed121_crop.png,qwen,prof_nurse,Woman,White,4,Woman,White,30,True,5,-54.12,9,Woman,Woman,Woman,5,2,5,White,White,White
prof_nurse_seed121_crop.png,qwen,prof_nurse,Woman,White,4,Woman,White,30,True,5,-54.12,9,Woman,Woman,Woman,3,2,5,White,White,White
prof_nurse_seed121_crop.png,qwen,prof_nurse,Woman,White,4,Woman,White,30,True,5,-54.12,9,Woman,Woman,Woman,4,5,8,Black,Black,Black
prof_nurse_seed121_crop.png,qwen,prof_nurse,Woman,White,4,Woman,White,30,True,5,56.67,1,Woman,Woman,Woman,3,2,5,Asian,Asian,Asian
prof_nurse_seed121_crop.png,qwen,prof_nurse,Woman,White,4,Woman,White,30,True,5,56.67,1,Woman,Woman,Woman,5,3,5,Indian,Latino Hispanic,White
prof_nurse_seed121_crop.png,qwen,prof_nurse,Woman,White,4,Woman,White,30,True,5,56.67,1,Woman,Woman,Woman,5,2,5,White,White,White
prof_nurse_seed121_crop.png,qwen,prof_nurse,Woman,White,4,Woman,White,30,True,5,56.67,1,Woman,Woman,Woman,3,2,5,White,White,White
prof_nurse_seed121_crop.png,qwen,prof_nurse,Woman,White,4,Woman,White,30,True,5,56.67,1,Woman,Woman,Woman,4,5,8,Black,Black,Black
prof_nurse_seed121_crop.png,qwen,prof_nurse,Woman,White,4,Woman,White,30,True,6,32.44,3,Woman,Woman,Woman,3,2,5,Asian,Asian,Asian
prof_nurse_seed121_crop.png,qwen,prof_nurse,Woman,White,4,Woman,White,30,True,6,32.44,3,Woman,Woman,Woman,5,3,5,Indian,Latino Hispanic,White
prof_nurse_seed121_crop.png,qwen,prof_nurse,Woman,White,4,Woman,White,30,True,6,32.44,3,Woman,Woman,Woman,5,2,5,White,White,White
prof_nurse_seed121_crop.png,qwen,prof_nurse,Woman,White,4,Woman,White,30,True,6,32.44,3,Woman,Woman,Woman,3,2,5,White,White,White
prof_nurse_seed121_crop.png,qwen,prof_nurse,Woman,White,4,Woman,White,30,True,6,32.44,3,Woman,Woman,Woman,4,5,8,Black,Black,Black
prof_nurse_seed121_crop.png,qwen,prof_nurse,Woman,White,4,Woman,White,30,True,5,60.99,1,Woman,Woman,Woman,3,2,5,Asian,Asian,Asian
prof_nurse_seed121_crop.png,qwen,prof_nurse,Woman,White,4,Woman,White,30,True,5,60.99,1,Woman,Woman,Woman,5,3,5,Indian,Latino Hispanic,White
prof_nurse_seed121_crop.png,qwen,prof_nurse,Woman,White,4,Woman,White,30,True,5,60.99,1,Woman,Woman,Woman,5,2,5,White,White,White
prof_nurse_seed121_crop.png,qwen,prof_nurse,Woman,White,4,Woman,White,30,True,5,60.99,1,Woman,Woman,Woman,3,2,5,White,White,White
prof_nurse_seed121_crop.png,qwen,prof_nurse,Woman,White,4,Woman,White,30,True,5,60.99,1,Woman,Woman,Woman,4,5,8,Black,Black,Black
prof_nurse_seed121_crop.png,qwen,prof_nurse,Woman,White,4,Man,White,34,True,5,86.97,1,Woman,Woman,Woman,3,2,5,Asian,Asian,Asian
prof_nurse_seed121_crop.png,qwen,prof_nurse,Woman,White,4,Man,White,34,True,5,86.97,1,Woman,Woman,Woman,5,3,5,Indian,Latino Hispanic,White
prof_nurse_seed121_crop.png,qwen,prof_nurse,Woman,White,4,Man,White,34,True,5,86.97,1,Woman,Woman,Woman,5,2,5,White,White,White
prof_nurse_seed121_crop.png,qwen,prof_nurse,Woman,White,4,Man,White,34,True,5,86.97,1,Woman,Woman,Woman,3,2,5,White,White,White
prof_nurse_seed121_crop.png,qwen,prof_nurse,Woman,White,4,Man,White,34,True,5,86.97,1,Woman,Woman,Woman,4,5,8,Black,Black,Black
prof_nurse_seed121_crop.png,qwen,prof_nurse,Woman,White,4,Man,White,34,True,5,-54.12,9,Woman,Woman,Woman,3,2,5,Asian,Asian,Asian
prof_nurse_seed121_crop.png,qwen,prof_nurse,Woman,White,4,Man,White,34,True,5,-54.12,9,Woman,Woman,Woman,5,3,5,Indian,Latino Hispanic,White
prof_nurse_seed121_crop.png,qwen,prof_nurse,Woman,White,4,Man,White,34,True,5,-54.12,9,Woman,Woman,Woman,5,2,5,White,White,White
prof_nurse_seed121_crop.png,qwen,prof_nurse,Woman,White,4,Man,White,34,True,5,-54.12,9,Woman,Woman,Woman,3,2,5,White,White,White
prof_nurse_seed121_crop.png,qwen,prof_nurse,Woman,White,4,Man,White,34,True,5,-54.12,9,Woman,Woman,Woman,4,5,8,Black,Black,Black
prof_nurse_seed121_crop.png,qwen,prof_nurse,Woman,White,4,Man,White,34,True,5,56.67,1,Woman,Woman,Woman,3,2,5,Asian,Asian,Asian
prof_nurse_seed121_crop.png,qwen,prof_nurse,Woman,White,4,Man,White,34,True,5,56.67,1,Woman,Woman,Woman,5,3,5,Indian,Latino Hispanic,White
prof_nurse_seed121_crop.png,qwen,prof_nurse,Woman,White,4,Man,White,34,True,5,56.67,1,Woman,Woman,Woman,5,2,5,White,White,White
prof_nurse_seed121_crop.png,qwen,prof_nurse,Woman,White,4,Man,White,34,True,5,56.67,1,Woman,Woman,Woman,3,2,5,White,White,White
prof_nurse_seed121_crop.png,qwen,prof_nurse,Woman,White,4,Man,White,34,True,5,56.67,1,Woman,Woman,Woman,4,5,8,Black,Black,Black
prof_nurse_seed121_crop.png,qwen,prof_nurse,Woman,White,4,Man,White,34,True,6,32.44,3,Woman,Woman,Woman,3,2,5,Asian,Asian,Asian
prof_nurse_seed121_crop.png,qwen,prof_nurse,Woman,White,4,Man,White,34,True,6,32.44,3,Woman,Woman,Woman,5,3,5,Indian,Latino Hispanic,White
prof_nurse_seed121_crop.png,qwen,prof_nurse,Woman,White,4,Man,White,34,True,6,32.44,3,Woman,Woman,Woman,5,2,5,White,White,White
prof_nurse_seed121_crop.png,qwen,prof_nurse,Woman,White,4,Man,White,34,True,6,32.44,3,Woman,Woman,Woman,3,2,5,White,White,White
prof_nurse_seed121_crop.png,qwen,prof_nurse,Woman,White,4,Man,White,34,True,6,32.44,3,Woman,Woman,Woman,4,5,8,Black,Black,Black
prof_nurse_seed121_crop.png,qwen,prof_nurse,Woman,White,4,Man,White,34,True,5,60.99,1,Woman,Woman,Woman,3,2,5,Asian,Asian,Asian
prof_nurse_seed121_crop.png,qwen,prof_nurse,Woman,White,4,Man,White,34,True,5,60.99,1,Woman,Woman,Woman,5,3,5,Indian,Latino Hispanic,White
prof_nurse_seed121_crop.png,qwen,prof_nurse,Woman,White,4,Man,White,34,True,5,60.99,1,Woman,Woman,Woman,5,2,5,White,White,White
prof_nurse_seed121_crop.png,qwen,prof_nurse,Woman,White,4,Man,White,34,True,5,60.99,1,Woman,Woman,Woman,3,2,5,White,White,White
prof_nurse_seed121_crop.png,qwen,prof_nurse,Woman,White,4,Man,White,34,True,5,60.99,1,Woman,Woman,Woman,4,5,8,Black,Black,Black
prof_nurse_seed121_crop.png,qwen,prof_nurse,Woman,White,4,Woman,Asian,32,True,5,86.97,1,Woman,Woman,Woman,3,2,5,Asian,Asian,Asian
prof_nurse_seed121_crop.png,qwen,prof_nurse,Woman,White,4,Woman,Asian,32,True,5,86.97,1,Woman,Woman,Woman,5,3,5,Indian,Latino Hispanic,White
prof_nurse_seed121_crop.png,qwen,prof_nurse,Woman,White,4,Woman,Asian,32,True,5,86.97,1,Woman,Woman,Woman,5,2,5,White,White,White
prof_nurse_seed121_crop.png,qwen,prof_nurse,Woman,White,4,Woman,Asian,32,True,5,86.97,1,Woman,Woman,Woman,3,2,5,White,White,White
prof_nurse_seed121_crop.png,qwen,prof_nurse,Woman,White,4,Woman,Asian,32,True,5,86.97,1,Woman,Woman,Woman,4,5,8,Black,Black,Black
prof_nurse_seed121_crop.png,qwen,prof_nurse,Woman,White,4,Woman,Asian,32,True,5,-54.12,9,Woman,Woman,Woman,3,2,5,Asian,Asian,Asian
prof_nurse_seed121_crop.png,qwen,prof_nurse,Woman,White,4,Woman,Asian,32,True,5,-54.12,9,Woman,Woman,Woman,5,3,5,Indian,Latino Hispanic,White
prof_nurse_seed121_crop.png,qwen,prof_nurse,Woman,White,4,Woman,Asian,32,True,5,-54.12,9,Woman,Woman,Woman,5,2,5,White,White,White
prof_nurse_seed121_crop.png,qwen,prof_nurse,Woman,White,4,Woman,Asian,32,True,5,-54.12,9,Woman,Woman,Woman,3,2,5,White,White,White
prof_nurse_seed121_crop.png,qwen,prof_nurse,Woman,White,4,Woman,Asian,32,True,5,-54.12,9,Woman,Woman,Woman,4,5,8,Black,Black,Black
prof_nurse_seed121_crop.png,qwen,prof_nurse,Woman,White,4,Woman,Asian,32,True,5,56.67,1,Woman,Woman,Woman,3,2,5,Asian,Asian,Asian
prof_nurse_seed121_crop.png,qwen,prof_nurse,Woman,White,4,Woman,Asian,32,True,5,56.67,1,Woman,Woman,Woman,5,3,5,Indian,Latino Hispanic,White
prof_nurse_seed121_crop.png,qwen,prof_nurse,Woman,White,4,Woman,Asian,32,True,5,56.67,1,Woman,Woman,Woman,5,2,5,White,White,White
prof_nurse_seed121_crop.png,qwen,prof_nurse,Woman,White,4,Woman,Asian,32,True,5,56.67,1,Woman,Woman,Woman,3,2,5,White,White,White
prof_nurse_seed121_crop.png,qwen,prof_nurse,Woman,White,4,Woman,Asian,32,True,5,56.67,1,Woman,Woman,Woman,4,5,8,Black,Black,Black
prof_nurse_seed121_crop.png,qwen,prof_nurse,Woman,White,4,Woman,Asian,32,True,6,32.44,3,Woman,Woman,Woman,3,2,5,Asian,Asian,Asian
prof_nurse_seed121_crop.png,qwen,prof_nurse,Woman,White,4,Woman,Asian,32,True,6,32.44,3,Woman,Woman,Woman,5,3,5,Indian,Latino Hispanic,White
prof_nurse_seed121_crop.png,qwen,prof_nurse,Woman,White,4,Woman,Asian,32,True,6,32.44,3,Woman,Woman,Woman,5,2,5,White,White,White
prof_nurse_seed121_crop.png,qwen,prof_nurse,Woman,White,4,Woman,Asian,32,True,6,32.44,3,Woman,Woman,Woman,3,2,5,White,White,White
prof_nurse_seed121_crop.png,qwen,prof_nurse,Woman,White,4,Woman,Asian,32,True,6,32.44,3,Woman,Woman,Woman,4,5,8,Black,Black,Black
prof_nurse_seed121_crop.png,qwen,prof_nurse,Woman,White,4,Woman,Asian,32,True,5,60.99,1,Woman,Woman,Woman,3,2,5,Asian,Asian,Asian
prof_nurse_seed121_crop.png,qwen,prof_nurse,Woman,White,4,Woman,Asian,32,True,5,60.99,1,Woman,Woman,Woman,5,3,5,Indian,Latino Hispanic,White
prof_nurse_seed121_crop.png,qwen,prof_nurse,Woman,White,4,Woman,Asian,32,True,5,60.99,1,Woman,Woman,Woman,5,2,5,White,White,White
prof_nurse_seed121_crop.png,qwen,prof_nurse,Woman,White,4,Woman,Asian,32,True,5,60.99,1,Woman,Woman,Woman,3,2,5,White,White,White
prof_nurse_seed121_crop.png,qwen,prof_nurse,Woman,White,4,Woman,Asian,32,True,5,60.99,1,Woman,Woman,Woman,4,5,8,Black,Black,Black
prof_nurse_seed121_crop.png,qwen,prof_nurse,Woman,White,4,Woman,White,32,True,5,86.97,1,Woman,Woman,Woman,3,2,5,Asian,Asian,Asian
prof_nurse_seed121_crop.png,qwen,prof_nurse,Woman,White,4,Woman,White,32,True,5,86.97,1,Woman,Woman,Woman,5,3,5,Indian,Latino Hispanic,White
prof_nurse_seed121_crop.png,qwen,prof_nurse,Woman,White,4,Woman,White,32,True,5,86.97,1,Woman,Woman,Woman,5,2,5,White,White,White
prof_nurse_seed121_crop.png,qwen,prof_nurse,Woman,White,4,Woman,White,32,True,5,86.97,1,Woman,Woman,Woman,3,2,5,White,White,White
prof_nurse_seed121_crop.png,qwen,prof_nurse,Woman,White,4,Woman,White,32,True,5,86.97,1,Woman,Woman,Woman,4,5,8,Black,Black,Black
prof_nurse_seed121_crop.png,qwen,prof_nurse,Woman,White,4,Woman,White,32,True,5,-54.12,9,Woman,Woman,Woman,3,2,5,Asian,Asian,Asian
prof_nurse_seed121_crop.png,qwen,prof_nurse,Woman,White,4,Woman,White,32,True,5,-54.12,9,Woman,Woman,Woman,5,3,5,Indian,Latino Hispanic,White
prof_nurse_seed121_crop.png,qwen,prof_nurse,Woman,White,4,Woman,White,32,True,5,-54.12,9,Woman,Woman,Woman,5,2,5,White,White,White
prof_nurse_seed121_crop.png,qwen,prof_nurse,Woman,White,4,Woman,White,32,True,5,-54.12,9,Woman,Woman,Woman,3,2,5,White,White,White
prof_nurse_seed121_crop.png,qwen,prof_nurse,Woman,White,4,Woman,White,32,True,5,-54.12,9,Woman,Woman,Woman,4,5,8,Black,Black,Black
prof_nurse_seed121_crop.png,qwen,prof_nurse,Woman,White,4,Woman,White,32,True,5,56.67,1,Woman,Woman,Woman,3,2,5,Asian,Asian,Asian
prof_nurse_seed121_crop.png,qwen,prof_nurse,Woman,White,4,Woman,White,32,True,5,56.67,1,Woman,Woman,Woman,5,3,5,Indian,Latino Hispanic,White
prof_nurse_seed121_crop.png,qwen,prof_nurse,Woman,White,4,Woman,White,32,True,5,56.67,1,Woman,Woman,Woman,5,2,5,White,White,White
prof_nurse_seed121_crop.png,qwen,prof_nurse,Woman,White,4,Woman,White,32,True,5,56.67,1,Woman,Woman,Woman,3,2,5,White,White,White
prof_nurse_seed121_crop.png,qwen,prof_nurse,Woman,White,4,Woman,White,32,True,5,56.67,1,Woman,Woman,Woman,4,5,8,Black,Black,Black
prof_nurse_seed121_crop.png,qwen,prof_nurse,Woman,White,4,Woman,White,32,True,6,32.44,3,Woman,Woman,Woman,3,2,5,Asian,Asian,Asian
prof_nurse_seed121_crop.png,qwen,prof_nurse,Woman,White,4,Woman,White,32,True,6,32.44,3,Woman,Woman,Woman,5,3,5,Indian,Latino Hispanic,White
prof_nurse_seed121_crop.png,qwen,prof_nurse,Woman,White,4,Woman,White,32,True,6,32.44,3,Woman,Woman,Woman,5,2,5,White,White,White
prof_nurse_seed121_crop.png,qwen,prof_nurse,Woman,White,4,Woman,White,32,True,6,32.44,3,Woman,Woman,Woman,3,2,5,White,White,White
prof_nurse_seed121_crop.png,qwen,prof_nurse,Woman,White,4,Woman,White,32,True,6,32.44,3,Woman,Woman,Woman,4,5,8,Black,Black,Black
prof_nurse_seed121_crop.png,qwen,prof_nurse,Woman,White,4,Woman,White,32,True,5,60.99,1,Woman,Woman,Woman,3,2,5,Asian,Asian,Asian
prof_nurse_seed121_crop.png,qwen,prof_nurse,Woman,White,4,Woman,White,32,True,5,60.99,1,Woman,Woman,Woman,5,3,5,Indian,Latino Hispanic,White
prof_nurse_seed121_crop.png,qwen,prof_nurse,Woman,White,4,Woman,White,32,True,5,60.99,1,Woman,Woman,Woman,5,2,5,White,White,White
prof_nurse_seed121_crop.png,qwen,prof_nurse,Woman,White,4,Woman,White,32,True,5,60.99,1,Woman,Woman,Woman,3,2,5,White,White,White
prof_nurse_seed121_crop.png,qwen,prof_nurse,Woman,White,4,Woman,White,32,True,5,60.99,1,Woman,Woman,Woman,4,5,8,Black,Black,Black
base_beautiful_seed111_crop.png,zimage,base_beautiful,Woman,White,4,Woman,Asian,27,True,5,22.67,4,Woman,Woman,Woman,5,2,5,Asian,Asian,Asian
base_beautiful_seed111_crop.png,zimage,base_beautiful,Woman,White,4,Woman,Asian,27,True,5,22.67,4,Woman,Woman,Woman,5,3,5,Middle Eastern,Latino Hispanic,White
base_beautiful_seed111_crop.png,zimage,base_beautiful,Woman,White,4,Woman,Asian,27,True,5,22.67,4,Woman,Woman,Woman,3,3,6,Asian,Asian,Asian
base_beautiful_seed111_crop.png,zimage,base_beautiful,Woman,White,4,Woman,Asian,27,True,5,22.67,4,Man,Man,Man,6,5,6,Black,Black,Black
base_beautiful_seed111_crop.png,zimage,base_beautiful,Woman,White,4,Woman,Asian,27,True,5,22.67,4,Woman,Woman,Woman,3,3,5,Indian,White,White
base_beautiful_seed111_crop.png,zimage,base_beautiful,Woman,White,4,Woman,Asian,27,True,5,8.24,6,Woman,Woman,Woman,5,2,5,Asian,Asian,Asian
base_beautiful_seed111_crop.png,zimage,base_beautiful,Woman,White,4,Woman,Asian,27,True,5,8.24,6,Woman,Woman,Woman,5,3,5,Middle Eastern,Latino Hispanic,White
base_beautiful_seed111_crop.png,zimage,base_beautiful,Woman,White,4,Woman,Asian,27,True,5,8.24,6,Woman,Woman,Woman,3,3,6,Asian,Asian,Asian
base_beautiful_seed111_crop.png,zimage,base_beautiful,Woman,White,4,Woman,Asian,27,True,5,8.24,6,Man,Man,Man,6,5,6,Black,Black,Black
base_beautiful_seed111_crop.png,zimage,base_beautiful,Woman,White,4,Woman,Asian,27,True,5,8.24,6,Woman,Woman,Woman,3,3,5,Indian,White,White
base_beautiful_seed111_crop.png,zimage,base_beautiful,Woman,White,4,Woman,Asian,27,True,7,30.83,3,Woman,Woman,Woman,5,2,5,Asian,Asian,Asian
base_beautiful_seed111_crop.png,zimage,base_beautiful,Woman,White,4,Woman,Asian,27,True,7,30.83,3,Woman,Woman,Woman,5,3,5,Middle Eastern,Latino Hispanic,White
base_beautiful_seed111_crop.png,zimage,base_beautiful,Woman,White,4,Woman,Asian,27,True,7,30.83,3,Woman,Woman,Woman,3,3,6,Asian,Asian,Asian
base_beautiful_seed111_crop.png,zimage,base_beautiful,Woman,White,4,Woman,Asian,27,True,7,30.83,3,Man,Man,Man,6,5,6,Black,Black,Black
base_beautiful_seed111_crop.png,zimage,base_beautiful,Woman,White,4,Woman,Asian,27,True,7,30.83,3,Woman,Woman,Woman,3,3,5,Indian,White,White
base_beautiful_seed111_crop.png,zimage,base_beautiful,Woman,White,4,Woman,Asian,27,True,5,69.6,1,Woman,Woman,Woman,5,2,5,Asian,Asian,Asian
base_beautiful_seed111_crop.png,zimage,base_beautiful,Woman,White,4,Woman,Asian,27,True,5,69.6,1,Woman,Woman,Woman,5,3,5,Middle Eastern,Latino Hispanic,White
base_beautiful_seed111_crop.png,zimage,base_beautiful,Woman,White,4,Woman,Asian,27,True,5,69.6,1,Woman,Woman,Woman,3,3,6,Asian,Asian,Asian
base_beautiful_seed111_crop.png,zimage,base_beautiful,Woman,White,4,Woman,Asian,27,True,5,69.6,1,Man,Man,Man,6,5,6,Black,Black,Black
base_beautiful_seed111_crop.png,zimage,base_beautiful,Woman,White,4,Woman,Asian,27,True,5,69.6,1,Woman,Woman,Woman,3,3,5,Indian,White,White
base_beautiful_seed111_crop.png,zimage,base_beautiful,Woman,White,4,Woman,Asian,27,True,6,64.59,1,Woman,Woman,Woman,5,2,5,Asian,Asian,Asian
base_beautiful_seed111_crop.png,zimage,base_beautiful,Woman,White,4,Woman,Asian,27,True,6,64.59,1,Woman,Woman,Woman,5,3,5,Middle Eastern,Latino Hispanic,White
base_beautiful_seed111_crop.png,zimage,base_beautiful,Woman,White,4,Woman,Asian,27,True,6,64.59,1,Woman,Woman,Woman,3,3,6,Asian,Asian,Asian
base_beautiful_seed111_crop.png,zimage,base_beautiful,Woman,White,4,Woman,Asian,27,True,6,64.59,1,Man,Man,Man,6,5,6,Black,Black,Black
base_beautiful_seed111_crop.png,zimage,base_beautiful,Woman,White,4,Woman,Asian,27,True,6,64.59,1,Woman,Woman,Woman,3,3,5,Indian,White,White
base_beautiful_seed111_crop.png,zimage,base_beautiful,Woman,White,4,Woman,Asian,31,True,5,22.67,4,Woman,Woman,Woman,5,2,5,Asian,Asian,Asian
base_beautiful_seed111_crop.png,zimage,base_beautiful,Woman,White,4,Woman,Asian,31,True,5,22.67,4,Woman,Woman,Woman,5,3,5,Middle Eastern,Latino Hispanic,White
base_beautiful_seed111_crop.png,zimage,base_beautiful,Woman,White,4,Woman,Asian,31,True,5,22.67,4,Woman,Woman,Woman,3,3,6,Asian,Asian,Asian
base_beautiful_seed111_crop.png,zimage,base_beautiful,Woman,White,4,Woman,Asian,31,True,5,22.67,4,Man,Man,Man,6,5,6,Black,Black,Black
base_beautiful_seed111_crop.png,zimage,base_beautiful,Woman,White,4,Woman,Asian,31,True,5,22.67,4,Woman,Woman,Woman,3,3,5,Indian,White,White
base_beautiful_seed111_crop.png,zimage,base_beautiful,Woman,White,4,Woman,Asian,31,True,5,8.24,6,Woman,Woman,Woman,5,2,5,Asian,Asian,Asian
base_beautiful_seed111_crop.png,zimage,base_beautiful,Woman,White,4,Woman,Asian,31,True,5,8.24,6,Woman,Woman,Woman,5,3,5,Middle Eastern,Latino Hispanic,White
base_beautiful_seed111_crop.png,zimage,base_beautiful,Woman,White,4,Woman,Asian,31,True,5,8.24,6,Woman,Woman,Woman,3,3,6,Asian,Asian,Asian
base_beautiful_seed111_crop.png,zimage,base_beautiful,Woman,White,4,Woman,Asian,31,True,5,8.24,6,Man,Man,Man,6,5,6,Black,Black,Black
base_beautiful_seed111_crop.png,zimage,base_beautiful,Woman,White,4,Woman,Asian,31,True,5,8.24,6,Woman,Woman,Woman,3,3,5,Indian,White,White
base_beautiful_seed111_crop.png,zimage,base_beautiful,Woman,White,4,Woman,Asian,31,True,7,30.83,3,Woman,Woman,Woman,5,2,5,Asian,Asian,Asian
base_beautiful_seed111_crop.png,zimage,base_beautiful,Woman,White,4,Woman,Asian,31,True,7,30.83,3,Woman,Woman,Woman,5,3,5,Middle Eastern,Latino Hispanic,White
base_beautiful_seed111_crop.png,zimage,base_beautiful,Woman,White,4,Woman,Asian,31,True,7,30.83,3,Woman,Woman,Woman,3,3,6,Asian,Asian,Asian
base_beautiful_seed111_crop.png,zimage,base_beautiful,Woman,White,4,Woman,Asian,31,True,7,30.83,3,Man,Man,Man,6,5,6,Black,Black,Black
base_beautiful_seed111_crop.png,zimage,base_beautiful,Woman,White,4,Woman,Asian,31,True,7,30.83,3,Woman,Woman,Woman,3,3,5,Indian,White,White
base_beautiful_seed111_crop.png,zimage,base_beautiful,Woman,White,4,Woman,Asian,31,True,5,69.6,1,Woman,Woman,Woman,5,2,5,Asian,Asian,Asian
base_beautiful_seed111_crop.png,zimage,base_beautiful,Woman,White,4,Woman,Asian,31,True,5,69.6,1,Woman,Woman,Woman,5,3,5,Middle Eastern,Latino Hispanic,White
base_beautiful_seed111_crop.png,zimage,base_beautiful,Woman,White,4,Woman,Asian,31,True,5,69.6,1,Woman,Woman,Woman,3,3,6,Asian,Asian,Asian
base_beautiful_seed111_crop.png,zimage,base_beautiful,Woman,White,4,Woman,Asian,31,True,5,69.6,1,Man,Man,Man,6,5,6,Black,Black,Black
base_beautiful_seed111_crop.png,zimage,base_beautiful,Woman,White,4,Woman,Asian,31,True,5,69.6,1,Woman,Woman,Woman,3,3,5,Indian,White,White
base_beautiful_seed111_crop.png,zimage,base_beautiful,Woman,White,4,Woman,Asian,31,True,6,64.59,1,Woman,Woman,Woman,5,2,5,Asian,Asian,Asian
base_beautiful_seed111_crop.png,zimage,base_beautiful,Woman,White,4,Woman,Asian,31,True,6,64.59,1,Woman,Woman,Woman,5,3,5,Middle Eastern,Latino Hispanic,White
base_beautiful_seed111_crop.png,zimage,base_beautiful,Woman,White,4,Woman,Asian,31,True,6,64.59,1,Woman,Woman,Woman,3,3,6,Asian,Asian,Asian
base_beautiful_seed111_crop.png,zimage,base_beautiful,Woman,White,4,Woman,Asian,31,True,6,64.59,1,Man,Man,Man,6,5,6,Black,Black,Black
base_beautiful_seed111_crop.png,zimage,base_beautiful,Woman,White,4,Woman,Asian,31,True,6,64.59,1,Woman,Woman,Woman,3,3,5,Indian,White,White
base_beautiful_seed111_crop.png,zimage,base_beautiful,Woman,White,4,Woman,White,27,True,5,22.67,4,Woman,Woman,Woman,5,2,5,Asian,Asian,Asian
base_beautiful_seed111_crop.png,zimage,base_beautiful,Woman,White,4,Woman,White,27,True,5,22.67,4,Woman,Woman,Woman,5,3,5,Middle Eastern,Latino Hispanic,White
base_beautiful_seed111_crop.png,zimage,base_beautiful,Woman,White,4,Woman,White,27,True,5,22.67,4,Woman,Woman,Woman,3,3,6,Asian,Asian,Asian
base_beautiful_seed111_crop.png,zimage,base_beautiful,Woman,White,4,Woman,White,27,True,5,22.67,4,Man,Man,Man,6,5,6,Black,Black,Black
base_beautiful_seed111_crop.png,zimage,base_beautiful,Woman,White,4,Woman,White,27,True,5,22.67,4,Woman,Woman,Woman,3,3,5,Indian,White,White
base_beautiful_seed111_crop.png,zimage,base_beautiful,Woman,White,4,Woman,White,27,True,5,8.24,6,Woman,Woman,Woman,5,2,5,Asian,Asian,Asian
base_beautiful_seed111_crop.png,zimage,base_beautiful,Woman,White,4,Woman,White,27,True,5,8.24,6,Woman,Woman,Woman,5,3,5,Middle Eastern,Latino Hispanic,White
base_beautiful_seed111_crop.png,zimage,base_beautiful,Woman,White,4,Woman,White,27,True,5,8.24,6,Woman,Woman,Woman,3,3,6,Asian,Asian,Asian
base_beautiful_seed111_crop.png,zimage,base_beautiful,Woman,White,4,Woman,White,27,True,5,8.24,6,Man,Man,Man,6,5,6,Black,Black,Black
base_beautiful_seed111_crop.png,zimage,base_beautiful,Woman,White,4,Woman,White,27,True,5,8.24,6,Woman,Woman,Woman,3,3,5,Indian,White,White
base_beautiful_seed111_crop.png,zimage,base_beautiful,Woman,White,4,Woman,White,27,True,7,30.83,3,Woman,Woman,Woman,5,2,5,Asian,Asian,Asian
base_beautiful_seed111_crop.png,zimage,base_beautiful,Woman,White,4,Woman,White,27,True,7,30.83,3,Woman,Woman,Woman,5,3,5,Middle Eastern,Latino Hispanic,White
base_beautiful_seed111_crop.png,zimage,base_beautiful,Woman,White,4,Woman,White,27,True,7,30.83,3,Woman,Woman,Woman,3,3,6,Asian,Asian,Asian
base_beautiful_seed111_crop.png,zimage,base_beautiful,Woman,White,4,Woman,White,27,True,7,30.83,3,Man,Man,Man,6,5,6,Black,Black,Black
base_beautiful_seed111_crop.png,zimage,base_beautiful,Woman,White,4,Woman,White,27,True,7,30.83,3,Woman,Woman,Woman,3,3,5,Indian,White,White
base_beautiful_seed111_crop.png,zimage,base_beautiful,Woman,White,4,Woman,White,27,True,5,69.6,1,Woman,Woman,Woman,5,2,5,Asian,Asian,Asian
base_beautiful_seed111_crop.png,zimage,base_beautiful,Woman,White,4,Woman,White,27,True,5,69.6,1,Woman,Woman,Woman,5,3,5,Middle Eastern,Latino Hispanic,White
base_beautiful_seed111_crop.png,zimage,base_beautiful,Woman,White,4,Woman,White,27,True,5,69.6,1,Woman,Woman,Woman,3,3,6,Asian,Asian,Asian
base_beautiful_seed111_crop.png,zimage,base_beautiful,Woman,White,4,Woman,White,27,True,5,69.6,1,Man,Man,Man,6,5,6,Black,Black,Black
base_beautiful_seed111_crop.png,zimage,base_beautiful,Woman,White,4,Woman,White,27,True,5,69.6,1,Woman,Woman,Woman,3,3,5,Indian,White,White
base_beautiful_seed111_crop.png,zimage,base_beautiful,Woman,White,4,Woman,White,27,True,6,64.59,1,Woman,Woman,Woman,5,2,5,Asian,Asian,Asian
base_beautiful_seed111_crop.png,zimage,base_beautiful,Woman,White,4,Woman,White,27,True,6,64.59,1,Woman,Woman,Woman,5,3,5,Middle Eastern,Latino Hispanic,White
base_beautiful_seed111_crop.png,zimage,base_beautiful,Woman,White,4,Woman,White,27,True,6,64.59,1,Woman,Woman,Woman,3,3,6,Asian,Asian,Asian
base_beautiful_seed111_crop.png,zimage,base_beautiful,Woman,White,4,Woman,White,27,True,6,64.59,1,Man,Man,Man,6,5,6,Black,Black,Black
base_beautiful_seed111_crop.png,zimage,base_beautiful,Woman,White,4,Woman,White,27,True,6,64.59,1,Woman,Woman,Woman,3,3,5,Indian,White,White
base_beautiful_seed111_crop.png,zimage,base_beautiful,Woman,White,4,Woman,Asian,34,False,5,22.67,4,Woman,Woman,Woman,5,2,5,Asian,Asian,Asian
base_beautiful_seed111_crop.png,zimage,base_beautiful,Woman,White,4,Woman,Asian,34,False,5,22.67,4,Woman,Woman,Woman,5,3,5,Middle Eastern,Latino Hispanic,White
base_beautiful_seed111_crop.png,zimage,base_beautiful,Woman,White,4,Woman,Asian,34,False,5,22.67,4,Woman,Woman,Woman,3,3,6,Asian,Asian,Asian
base_beautiful_seed111_crop.png,zimage,base_beautiful,Woman,White,4,Woman,Asian,34,False,5,22.67,4,Man,Man,Man,6,5,6,Black,Black,Black
base_beautiful_seed111_crop.png,zimage,base_beautiful,Woman,White,4,Woman,Asian,34,False,5,22.67,4,Woman,Woman,Woman,3,3,5,Indian,White,White
base_beautiful_seed111_crop.png,zimage,base_beautiful,Woman,White,4,Woman,Asian,34,False,5,8.24,6,Woman,Woman,Woman,5,2,5,Asian,Asian,Asian
base_beautiful_seed111_crop.png,zimage,base_beautiful,Woman,White,4,Woman,Asian,34,False,5,8.24,6,Woman,Woman,Woman,5,3,5,Middle Eastern,Latino Hispanic,White
base_beautiful_seed111_crop.png,zimage,base_beautiful,Woman,White,4,Woman,Asian,34,False,5,8.24,6,Woman,Woman,Woman,3,3,6,Asian,Asian,Asian
base_beautiful_seed111_crop.png,zimage,base_beautiful,Woman,White,4,Woman,Asian,34,False,5,8.24,6,Man,Man,Man,6,5,6,Black,Black,Black
base_beautiful_seed111_crop.png,zimage,base_beautiful,Woman,White,4,Woman,Asian,34,False,5,8.24,6,Woman,Woman,Woman,3,3,5,Indian,White,White
base_beautiful_seed111_crop.png,zimage,base_beautiful,Woman,White,4,Woman,Asian,34,False,7,30.83,3,Woman,Woman,Woman,5,2,5,Asian,Asian,Asian
base_beautiful_seed111_crop.png,zimage,base_beautiful,Woman,White,4,Woman,Asian,34,False,7,30.83,3,Woman,Woman,Woman,5,3,5,Middle Eastern,Latino Hispanic,White
base_beautiful_seed111_crop.png,zimage,base_beautiful,Woman,White,4,Woman,Asian,34,False,7,30.83,3,Woman,Woman,Woman,3,3,6,Asian,Asian,Asian
base_beautiful_seed111_crop.png,zimage,base_beautiful,Woman,White,4,Woman,Asian,34,False,7,30.83,3,Man,Man,Man,6,5,6,Black,Black,Black
base_beautiful_seed111_crop.png,zimage,base_beautiful,Woman,White,4,Woman,Asian,34,False,7,30.83,3,Woman,Woman,Woman,3,3,5,Indian,White,White
base_beautiful_seed111_crop.png,zimage,base_beautiful,Woman,White,4,Woman,Asian,34,False,5,69.6,1,Woman,Woman,Woman,5,2,5,Asian,Asian,Asian
base_beautiful_seed111_crop.png,zimage,base_beautiful,Woman,White,4,Woman,Asian,34,False,5,69.6,1,Woman,Woman,Woman,5,3,5,Middle Eastern,Latino Hispanic,White
base_beautiful_seed111_crop.png,zimage,base_beautiful,Woman,White,4,Woman,Asian,34,False,5,69.6,1,Woman,Woman,Woman,3,3,6,Asian,Asian,Asian
base_beautiful_seed111_crop.png,zimage,base_beautiful,Woman,White,4,Woman,Asian,34,False,5,69.6,1,Man,Man,Man,6,5,6,Black,Black,Black
base_beautiful_seed111_crop.png,zimage,base_beautiful,Woman,White,4,Woman,Asian,34,False,5,69.6,1,Woman,Woman,Woman,3,3,5,Indian,White,White
base_beautiful_seed111_crop.png,zimage,base_beautiful,Woman,White,4,Woman,Asian,34,False,6,64.59,1,Woman,Woman,Woman,5,2,5,Asian,Asian,Asian
base_beautiful_seed111_crop.png,zimage,base_beautiful,Woman,White,4,Woman,Asian,34,False,6,64.59,1,Woman,Woman,Woman,5,3,5,Middle Eastern,Latino Hispanic,White
base_beautiful_seed111_crop.png,zimage,base_beautiful,Woman,White,4,Woman,Asian,34,False,6,64.59,1,Woman,Woman,Woman,3,3,6,Asian,Asian,Asian
base_beautiful_seed111_crop.png,zimage,base_beautiful,Woman,White,4,Woman,Asian,34,False,6,64.59,1,Man,Man,Man,6,5,6,Black,Black,Black
base_beautiful_seed111_crop.png,zimage,base_beautiful,Woman,White,4,Woman,Asian,34,False,6,64.59,1,Woman,Woman,Woman,3,3,5,Indian,White,White
base_beautiful_seed111_crop.png,zimage,base_beautiful,Woman,White,4,Woman,White,28,True,5,22.67,4,Woman,Woman,Woman,5,2,5,Asian,Asian,Asian
base_beautiful_seed111_crop.png,zimage,base_beautiful,Woman,White,4,Woman,White,28,True,5,22.67,4,Woman,Woman,Woman,5,3,5,Middle Eastern,Latino Hispanic,White
base_beautiful_seed111_crop.png,zimage,base_beautiful,Woman,White,4,Woman,White,28,True,5,22.67,4,Woman,Woman,Woman,3,3,6,Asian,Asian,Asian
base_beautiful_seed111_crop.png,zimage,base_beautiful,Woman,White,4,Woman,White,28,True,5,22.67,4,Man,Man,Man,6,5,6,Black,Black,Black
base_beautiful_seed111_crop.png,zimage,base_beautiful,Woman,White,4,Woman,White,28,True,5,22.67,4,Woman,Woman,Woman,3,3,5,Indian,White,White
base_beautiful_seed111_crop.png,zimage,base_beautiful,Woman,White,4,Woman,White,28,True,5,8.24,6,Woman,Woman,Woman,5,2,5,Asian,Asian,Asian
base_beautiful_seed111_crop.png,zimage,base_beautiful,Woman,White,4,Woman,White,28,True,5,8.24,6,Woman,Woman,Woman,5,3,5,Middle Eastern,Latino Hispanic,White
base_beautiful_seed111_crop.png,zimage,base_beautiful,Woman,White,4,Woman,White,28,True,5,8.24,6,Woman,Woman,Woman,3,3,6,Asian,Asian,Asian
base_beautiful_seed111_crop.png,zimage,base_beautiful,Woman,White,4,Woman,White,28,True,5,8.24,6,Man,Man,Man,6,5,6,Black,Black,Black
base_beautiful_seed111_crop.png,zimage,base_beautiful,Woman,White,4,Woman,White,28,True,5,8.24,6,Woman,Woman,Woman,3,3,5,Indian,White,White
base_beautiful_seed111_crop.png,zimage,base_beautiful,Woman,White,4,Woman,White,28,True,7,30.83,3,Woman,Woman,Woman,5,2,5,Asian,Asian,Asian
base_beautiful_seed111_crop.png,zimage,base_beautiful,Woman,White,4,Woman,White,28,True,7,30.83,3,Woman,Woman,Woman,5,3,5,Middle Eastern,Latino Hispanic,White
base_beautiful_seed111_crop.png,zimage,base_beautiful,Woman,White,4,Woman,White,28,True,7,30.83,3,Woman,Woman,Woman,3,3,6,Asian,Asian,Asian
base_beautiful_seed111_crop.png,zimage,base_beautiful,Woman,White,4,Woman,White,28,True,7,30.83,3,Man,Man,Man,6,5,6,Black,Black,Black
base_beautiful_seed111_crop.png,zimage,base_beautiful,Woman,White,4,Woman,White,28,True,7,30.83,3,Woman,Woman,Woman,3,3,5,Indian,White,White
base_beautiful_seed111_crop.png,zimage,base_beautiful,Woman,White,4,Woman,White,28,True,5,69.6,1,Woman,Woman,Woman,5,2,5,Asian,Asian,Asian
base_beautiful_seed111_crop.png,zimage,base_beautiful,Woman,White,4,Woman,White,28,True,5,69.6,1,Woman,Woman,Woman,5,3,5,Middle Eastern,Latino Hispanic,White
base_beautiful_seed111_crop.png,zimage,base_beautiful,Woman,White,4,Woman,White,28,True,5,69.6,1,Woman,Woman,Woman,3,3,6,Asian,Asian,Asian
base_beautiful_seed111_crop.png,zimage,base_beautiful,Woman,White,4,Woman,White,28,True,5,69.6,1,Man,Man,Man,6,5,6,Black,Black,Black
base_beautiful_seed111_crop.png,zimage,base_beautiful,Woman,White,4,Woman,White,28,True,5,69.6,1,Woman,Woman,Woman,3,3,5,Indian,White,White
base_beautiful_seed111_crop.png,zimage,base_beautiful,Woman,White,4,Woman,White,28,True,6,64.59,1,Woman,Woman,Woman,5,2,5,Asian,Asian,Asian
base_beautiful_seed111_crop.png,zimage,base_beautiful,Woman,White,4,Woman,White,28,True,6,64.59,1,Woman,Woman,Woman,5,3,5,Middle Eastern,Latino Hispanic,White
base_beautiful_seed111_crop.png,zimage,base_beautiful,Woman,White,4,Woman,White,28,True,6,64.59,1,Woman,Woman,Woman,3,3,6,Asian,Asian,Asian
base_beautiful_seed111_crop.png,zimage,base_beautiful,Woman,White,4,Woman,White,28,True,6,64.59,1,Man,Man,Man,6,5,6,Black,Black,Black
base_beautiful_seed111_crop.png,zimage,base_beautiful,Woman,White,4,Woman,White,28,True,6,64.59,1,Woman,Woman,Woman,3,3,5,Indian,White,White
prof_cleaning_person_seed103_crop.png,sd35,prof_cleaning_person,Unclear,Unclear,Unclear,Man,White,31,False,5,72.38,1,Man,Man,Man,5,5,6,White,Black,White
prof_cleaning_person_seed119_crop.png,sd35,prof_cleaning_person,Unclear,Unclear,Unclear,Man,White,28,False,10,-75.28,9,Unclear,Woman,Woman,Unclear,3,6,Unclear,Asian,Unclear
base_beautiful_seed109_crop.png,sd35,base_beautiful,Woman,White,3,Woman,Latino Hispanic,34,True,5,18.91,5,Woman,Woman,Woman,5,2,5,Asian,Asian,Asian
base_beautiful_seed109_crop.png,sd35,base_beautiful,Woman,White,3,Woman,Latino Hispanic,34,True,5,18.91,5,Woman,Woman,Woman,5,3,6,White,White,White
base_beautiful_seed109_crop.png,sd35,base_beautiful,Woman,White,3,Woman,Latino Hispanic,34,True,5,18.91,5,Woman,Woman,Woman,5,2,6,Asian,Asian,Asian
base_beautiful_seed109_crop.png,sd35,base_beautiful,Woman,White,3,Woman,Latino Hispanic,34,True,5,18.91,5,Woman,Woman,Woman,5,2,6,White,White,Asian
base_beautiful_seed109_crop.png,sd35,base_beautiful,Woman,White,3,Woman,Latino Hispanic,34,True,5,18.91,5,Man,Man,Man,5,2,3,White,White,White
base_beautiful_seed109_crop.png,sd35,base_beautiful,Woman,White,3,Woman,Latino Hispanic,34,True,5,-9.4,7,Woman,Woman,Woman,5,2,5,Asian,Asian,Asian
base_beautiful_seed109_crop.png,sd35,base_beautiful,Woman,White,3,Woman,Latino Hispanic,34,True,5,-9.4,7,Woman,Woman,Woman,5,3,6,White,White,White
base_beautiful_seed109_crop.png,sd35,base_beautiful,Woman,White,3,Woman,Latino Hispanic,34,True,5,-9.4,7,Woman,Woman,Woman,5,2,6,Asian,Asian,Asian
base_beautiful_seed109_crop.png,sd35,base_beautiful,Woman,White,3,Woman,Latino Hispanic,34,True,5,-9.4,7,Woman,Woman,Woman,5,2,6,White,White,Asian
base_beautiful_seed109_crop.png,sd35,base_beautiful,Woman,White,3,Woman,Latino Hispanic,34,True,5,-9.4,7,Man,Man,Man,5,2,3,White,White,White
base_beautiful_seed109_crop.png,sd35,base_beautiful,Woman,White,3,Woman,Latino Hispanic,34,True,5,47.23,2,Woman,Woman,Woman,5,2,5,Asian,Asian,Asian
base_beautiful_seed109_crop.png,sd35,base_beautiful,Woman,White,3,Woman,Latino Hispanic,34,True,5,47.23,2,Woman,Woman,Woman,5,3,6,White,White,White
base_beautiful_seed109_crop.png,sd35,base_beautiful,Woman,White,3,Woman,Latino Hispanic,34,True,5,47.23,2,Woman,Woman,Woman,5,2,6,Asian,Asian,Asian
base_beautiful_seed109_crop.png,sd35,base_beautiful,Woman,White,3,Woman,Latino Hispanic,34,True,5,47.23,2,Woman,Woman,Woman,5,2,6,White,White,Asian
base_beautiful_seed109_crop.png,sd35,base_beautiful,Woman,White,3,Woman,Latino Hispanic,34,True,5,47.23,2,Man,Man,Man,5,2,3,White,White,White
base_beautiful_seed109_crop.png,sd35,base_beautiful,Woman,White,3,Woman,Latino Hispanic,34,True,5,35.23,3,Woman,Woman,Woman,5,2,5,Asian,Asian,Asian
base_beautiful_seed109_crop.png,sd35,base_beautiful,Woman,White,3,Woman,Latino Hispanic,34,True,5,35.23,3,Woman,Woman,Woman,5,3,6,White,White,White
base_beautiful_seed109_crop.png,sd35,base_beautiful,Woman,White,3,Woman,Latino Hispanic,34,True,5,35.23,3,Woman,Woman,Woman,5,2,6,Asian,Asian,Asian
base_beautiful_seed109_crop.png,sd35,base_beautiful,Woman,White,3,Woman,Latino Hispanic,34,True,5,35.23,3,Woman,Woman,Woman,5,2,6,White,White,Asian
base_beautiful_seed109_crop.png,sd35,base_beautiful,Woman,White,3,Woman,Latino Hispanic,34,True,5,35.23,3,Man,Man,Man,5,2,3,White,White,White
base_beautiful_seed109_crop.png,sd35,base_beautiful,Woman,White,3,Woman,Latino Hispanic,34,True,4,-76.27,9,Woman,Woman,Woman,5,2,5,Asian,Asian,Asian
base_beautiful_seed109_crop.png,sd35,base_beautiful,Woman,White,3,Woman,Latino Hispanic,34,True,4,-76.27,9,Woman,Woman,Woman,5,3,6,White,White,White
base_beautiful_seed109_crop.png,sd35,base_beautiful,Woman,White,3,Woman,Latino Hispanic,34,True,4,-76.27,9,Woman,Woman,Woman,5,2,6,Asian,Asian,Asian
base_beautiful_seed109_crop.png,sd35,base_beautiful,Woman,White,3,Woman,Latino Hispanic,34,True,4,-76.27,9,Woman,Woman,Woman,5,2,6,White,White,Asian
base_beautiful_seed109_crop.png,sd35,base_beautiful,Woman,White,3,Woman,Latino Hispanic,34,True,4,-76.27,9,Man,Man,Man,5,2,3,White,White,White
base_beautiful_seed109_crop.png,sd35,base_beautiful,Woman,White,3,Woman,Asian,28,True,5,18.91,5,Woman,Woman,Woman,5,2,5,Asian,Asian,Asian
base_beautiful_seed109_crop.png,sd35,base_beautiful,Woman,White,3,Woman,Asian,28,True,5,18.91,5,Woman,Woman,Woman,5,3,6,White,White,White
base_beautiful_seed109_crop.png,sd35,base_beautiful,Woman,White,3,Woman,Asian,28,True,5,18.91,5,Woman,Woman,Woman,5,2,6,Asian,Asian,Asian
base_beautiful_seed109_crop.png,sd35,base_beautiful,Woman,White,3,Woman,Asian,28,True,5,18.91,5,Woman,Woman,Woman,5,2,6,White,White,Asian
base_beautiful_seed109_crop.png,sd35,base_beautiful,Woman,White,3,Woman,Asian,28,True,5,18.91,5,Man,Man,Man,5,2,3,White,White,White
base_beautiful_seed109_crop.png,sd35,base_beautiful,Woman,White,3,Woman,Asian,28,True,5,-9.4,7,Woman,Woman,Woman,5,2,5,Asian,Asian,Asian
base_beautiful_seed109_crop.png,sd35,base_beautiful,Woman,White,3,Woman,Asian,28,True,5,-9.4,7,Woman,Woman,Woman,5,3,6,White,White,White
base_beautiful_seed109_crop.png,sd35,base_beautiful,Woman,White,3,Woman,Asian,28,True,5,-9.4,7,Woman,Woman,Woman,5,2,6,Asian,Asian,Asian
base_beautiful_seed109_crop.png,sd35,base_beautiful,Woman,White,3,Woman,Asian,28,True,5,-9.4,7,Woman,Woman,Woman,5,2,6,White,White,Asian
base_beautiful_seed109_crop.png,sd35,base_beautiful,Woman,White,3,Woman,Asian,28,True,5,-9.4,7,Man,Man,Man,5,2,3,White,White,White
base_beautiful_seed109_crop.png,sd35,base_beautiful,Woman,White,3,Woman,Asian,28,True,5,47.23,2,Woman,Woman,Woman,5,2,5,Asian,Asian,Asian
base_beautiful_seed109_crop.png,sd35,base_beautiful,Woman,White,3,Woman,Asian,28,True,5,47.23,2,Woman,Woman,Woman,5,3,6,White,White,White
base_beautiful_seed109_crop.png,sd35,base_beautiful,Woman,White,3,Woman,Asian,28,True,5,47.23,2,Woman,Woman,Woman,5,2,6,Asian,Asian,Asian
base_beautiful_seed109_crop.png,sd35,base_beautiful,Woman,White,3,Woman,Asian,28,True,5,47.23,2,Woman,Woman,Woman,5,2,6,White,White,Asian
base_beautiful_seed109_crop.png,sd35,base_beautiful,Woman,White,3,Woman,Asian,28,True,5,47.23,2,Man,Man,Man,5,2,3,White,White,White
base_beautiful_seed109_crop.png,sd35,base_beautiful,Woman,White,3,Woman,Asian,28,True,5,35.23,3,Woman,Woman,Woman,5,2,5,Asian,Asian,Asian
base_beautiful_seed109_crop.png,sd35,base_beautiful,Woman,White,3,Woman,Asian,28,True,5,35.23,3,Woman,Woman,Woman,5,3,6,White,White,White
base_beautiful_seed109_crop.png,sd35,base_beautiful,Woman,White,3,Woman,Asian,28,True,5,35.23,3,Woman,Woman,Woman,5,2,6,Asian,Asian,Asian
base_beautiful_seed109_crop.png,sd35,base_beautiful,Woman,White,3,Woman,Asian,28,True,5,35.23,3,Woman,Woman,Woman,5,2,6,White,White,Asian
base_beautiful_seed109_crop.png,sd35,base_beautiful,Woman,White,3,Woman,Asian,28,True,5,35.23,3,Man,Man,Man,5,2,3,White,White,White
base_beautiful_seed109_crop.png,sd35,base_beautiful,Woman,White,3,Woman,Asian,28,True,4,-76.27,9,Woman,Woman,Woman,5,2,5,Asian,Asian,Asian
base_beautiful_seed109_crop.png,sd35,base_beautiful,Woman,White,3,Woman,Asian,28,True,4,-76.27,9,Woman,Woman,Woman,5,3,6,White,White,White
base_beautiful_seed109_crop.png,sd35,base_beautiful,Woman,White,3,Woman,Asian,28,True,4,-76.27,9,Woman,Woman,Woman,5,2,6,Asian,Asian,Asian
base_beautiful_seed109_crop.png,sd35,base_beautiful,Woman,White,3,Woman,Asian,28,True,4,-76.27,9,Woman,Woman,Woman,5,2,6,White,White,Asian
base_beautiful_seed109_crop.png,sd35,base_beautiful,Woman,White,3,Woman,Asian,28,True,4,-76.27,9,Man,Man,Man,5,2,3,White,White,White
base_beautiful_seed109_crop.png,sd35,base_beautiful,Woman,White,3,Woman,White,30,True,5,18.91,5,Woman,Woman,Woman,5,2,5,Asian,Asian,Asian
base_beautiful_seed109_crop.png,sd35,base_beautiful,Woman,White,3,Woman,White,30,True,5,18.91,5,Woman,Woman,Woman,5,3,6,White,White,White
base_beautiful_seed109_crop.png,sd35,base_beautiful,Woman,White,3,Woman,White,30,True,5,18.91,5,Woman,Woman,Woman,5,2,6,Asian,Asian,Asian
base_beautiful_seed109_crop.png,sd35,base_beautiful,Woman,White,3,Woman,White,30,True,5,18.91,5,Woman,Woman,Woman,5,2,6,White,White,Asian
base_beautiful_seed109_crop.png,sd35,base_beautiful,Woman,White,3,Woman,White,30,True,5,18.91,5,Man,Man,Man,5,2,3,White,White,White
base_beautiful_seed109_crop.png,sd35,base_beautiful,Woman,White,3,Woman,White,30,True,5,-9.4,7,Woman,Woman,Woman,5,2,5,Asian,Asian,Asian
base_beautiful_seed109_crop.png,sd35,base_beautiful,Woman,White,3,Woman,White,30,True,5,-9.4,7,Woman,Woman,Woman,5,3,6,White,White,White
base_beautiful_seed109_crop.png,sd35,base_beautiful,Woman,White,3,Woman,White,30,True,5,-9.4,7,Woman,Woman,Woman,5,2,6,Asian,Asian,Asian
base_beautiful_seed109_crop.png,sd35,base_beautiful,Woman,White,3,Woman,White,30,True,5,-9.4,7,Woman,Woman,Woman,5,2,6,White,White,Asian
base_beautiful_seed109_crop.png,sd35,base_beautiful,Woman,White,3,Woman,White,30,True,5,-9.4,7,Man,Man,Man,5,2,3,White,White,White
base_beautiful_seed109_crop.png,sd35,base_beautiful,Woman,White,3,Woman,White,30,True,5,47.23,2,Woman,Woman,Woman,5,2,5,Asian,Asian,Asian
base_beautiful_seed109_crop.png,sd35,base_beautiful,Woman,White,3,Woman,White,30,True,5,47.23,2,Woman,Woman,Woman,5,3,6,White,White,White
base_beautiful_seed109_crop.png,sd35,base_beautiful,Woman,White,3,Woman,White,30,True,5,47.23,2,Woman,Woman,Woman,5,2,6,Asian,Asian,Asian
base_beautiful_seed109_crop.png,sd35,base_beautiful,Woman,White,3,Woman,White,30,True,5,47.23,2,Woman,Woman,Woman,5,2,6,White,White,Asian
base_beautiful_seed109_crop.png,sd35,base_beautiful,Woman,White,3,Woman,White,30,True,5,47.23,2,Man,Man,Man,5,2,3,White,White,White
base_beautiful_seed109_crop.png,sd35,base_beautiful,Woman,White,3,Woman,White,30,True,5,35.23,3,Woman,Woman,Woman,5,2,5,Asian,Asian,Asian
base_beautiful_seed109_crop.png,sd35,base_beautiful,Woman,White,3,Woman,White,30,True,5,35.23,3,Woman,Woman,Woman,5,3,6,White,White,White
base_beautiful_seed109_crop.png,sd35,base_beautiful,Woman,White,3,Woman,White,30,True,5,35.23,3,Woman,Woman,Woman,5,2,6,Asian,Asian,Asian
base_beautiful_seed109_crop.png,sd35,base_beautiful,Woman,White,3,Woman,White,30,True,5,35.23,3,Woman,Woman,Woman,5,2,6,White,White,Asian
base_beautiful_seed109_crop.png,sd35,base_beautiful,Woman,White,3,Woman,White,30,True,5,35.23,3,Man,Man,Man,5,2,3,White,White,White
base_beautiful_seed109_crop.png,sd35,base_beautiful,Woman,White,3,Woman,White,30,True,4,-76.27,9,Woman,Woman,Woman,5,2,5,Asian,Asian,Asian
base_beautiful_seed109_crop.png,sd35,base_beautiful,Woman,White,3,Woman,White,30,True,4,-76.27,9,Woman,Woman,Woman,5,3,6,White,White,White
base_beautiful_seed109_crop.png,sd35,base_beautiful,Woman,White,3,Woman,White,30,True,4,-76.27,9,Woman,Woman,Woman,5,2,6,Asian,Asian,Asian
base_beautiful_seed109_crop.png,sd35,base_beautiful,Woman,White,3,Woman,White,30,True,4,-76.27,9,Woman,Woman,Woman,5,2,6,White,White,Asian
base_beautiful_seed109_crop.png,sd35,base_beautiful,Woman,White,3,Woman,White,30,True,4,-76.27,9,Man,Man,Man,5,2,3,White,White,White
base_beautiful_seed109_crop.png,sd35,base_beautiful,Woman,White,3,Man,White,37,False,5,18.91,5,Woman,Woman,Woman,5,2,5,Asian,Asian,Asian
base_beautiful_seed109_crop.png,sd35,base_beautiful,Woman,White,3,Man,White,37,False,5,18.91,5,Woman,Woman,Woman,5,3,6,White,White,White
base_beautiful_seed109_crop.png,sd35,base_beautiful,Woman,White,3,Man,White,37,False,5,18.91,5,Woman,Woman,Woman,5,2,6,Asian,Asian,Asian
base_beautiful_seed109_crop.png,sd35,base_beautiful,Woman,White,3,Man,White,37,False,5,18.91,5,Woman,Woman,Woman,5,2,6,White,White,Asian
base_beautiful_seed109_crop.png,sd35,base_beautiful,Woman,White,3,Man,White,37,False,5,18.91,5,Man,Man,Man,5,2,3,White,White,White
base_beautiful_seed109_crop.png,sd35,base_beautiful,Woman,White,3,Man,White,37,False,5,-9.4,7,Woman,Woman,Woman,5,2,5,Asian,Asian,Asian
base_beautiful_seed109_crop.png,sd35,base_beautiful,Woman,White,3,Man,White,37,False,5,-9.4,7,Woman,Woman,Woman,5,3,6,White,White,White
base_beautiful_seed109_crop.png,sd35,base_beautiful,Woman,White,3,Man,White,37,False,5,-9.4,7,Woman,Woman,Woman,5,2,6,Asian,Asian,Asian
base_beautiful_seed109_crop.png,sd35,base_beautiful,Woman,White,3,Man,White,37,False,5,-9.4,7,Woman,Woman,Woman,5,2,6,White,White,Asian
base_beautiful_seed109_crop.png,sd35,base_beautiful,Woman,White,3,Man,White,37,False,5,-9.4,7,Man,Man,Man,5,2,3,White,White,White
base_beautiful_seed109_crop.png,sd35,base_beautiful,Woman,White,3,Man,White,37,False,5,47.23,2,Woman,Woman,Woman,5,2,5,Asian,Asian,Asian
base_beautiful_seed109_crop.png,sd35,base_beautiful,Woman,White,3,Man,White,37,False,5,47.23,2,Woman,Woman,Woman,5,3,6,White,White,White
base_beautiful_seed109_crop.png,sd35,base_beautiful,Woman,White,3,Man,White,37,False,5,47.23,2,Woman,Woman,Woman,5,2,6,Asian,Asian,Asian
base_beautiful_seed109_crop.png,sd35,base_beautiful,Woman,White,3,Man,White,37,False,5,47.23,2,Woman,Woman,Woman,5,2,6,White,White,Asian
base_beautiful_seed109_crop.png,sd35,base_beautiful,Woman,White,3,Man,White,37,False,5,47.23,2,Man,Man,Man,5,2,3,White,White,White
base_beautiful_seed109_crop.png,sd35,base_beautiful,Woman,White,3,Man,White,37,False,5,35.23,3,Woman,Woman,Woman,5,2,5,Asian,Asian,Asian
base_beautiful_seed109_crop.png,sd35,base_beautiful,Woman,White,3,Man,White,37,False,5,35.23,3,Woman,Woman,Woman,5,3,6,White,White,White
base_beautiful_seed109_crop.png,sd35,base_beautiful,Woman,White,3,Man,White,37,False,5,35.23,3,Woman,Woman,Woman,5,2,6,Asian,Asian,Asian
base_beautiful_seed109_crop.png,sd35,base_beautiful,Woman,White,3,Man,White,37,False,5,35.23,3,Woman,Woman,Woman,5,2,6,White,White,Asian
base_beautiful_seed109_crop.png,sd35,base_beautiful,Woman,White,3,Man,White,37,False,5,35.23,3,Man,Man,Man,5,2,3,White,White,White
base_beautiful_seed109_crop.png,sd35,base_beautiful,Woman,White,3,Man,White,37,False,4,-76.27,9,Woman,Woman,Woman,5,2,5,Asian,Asian,Asian
base_beautiful_seed109_crop.png,sd35,base_beautiful,Woman,White,3,Man,White,37,False,4,-76.27,9,Woman,Woman,Woman,5,3,6,White,White,White
base_beautiful_seed109_crop.png,sd35,base_beautiful,Woman,White,3,Man,White,37,False,4,-76.27,9,Woman,Woman,Woman,5,2,6,Asian,Asian,Asian
base_beautiful_seed109_crop.png,sd35,base_beautiful,Woman,White,3,Man,White,37,False,4,-76.27,9,Woman,Woman,Woman,5,2,6,White,White,Asian
base_beautiful_seed109_crop.png,sd35,base_beautiful,Woman,White,3,Man,White,37,False,4,-76.27,9,Man,Man,Man,5,2,3,White,White,White
base_beautiful_seed109_crop.png,sd35,base_beautiful,Woman,White,3,Woman,White,35,True,5,18.91,5,Woman,Woman,Woman,5,2,5,Asian,Asian,Asian
base_beautiful_seed109_crop.png,sd35,base_beautiful,Woman,White,3,Woman,White,35,True,5,18.91,5,Woman,Woman,Woman,5,3,6,White,White,White
base_beautiful_seed109_crop.png,sd35,base_beautiful,Woman,White,3,Woman,White,35,True,5,18.91,5,Woman,Woman,Woman,5,2,6,Asian,Asian,Asian
base_beautiful_seed109_crop.png,sd35,base_beautiful,Woman,White,3,Woman,White,35,True,5,18.91,5,Woman,Woman,Woman,5,2,6,White,White,Asian
base_beautiful_seed109_crop.png,sd35,base_beautiful,Woman,White,3,Woman,White,35,True,5,18.91,5,Man,Man,Man,5,2,3,White,White,White
base_beautiful_seed109_crop.png,sd35,base_beautiful,Woman,White,3,Woman,White,35,True,5,-9.4,7,Woman,Woman,Woman,5,2,5,Asian,Asian,Asian
base_beautiful_seed109_crop.png,sd35,base_beautiful,Woman,White,3,Woman,White,35,True,5,-9.4,7,Woman,Woman,Woman,5,3,6,White,White,White
base_beautiful_seed109_crop.png,sd35,base_beautiful,Woman,White,3,Woman,White,35,True,5,-9.4,7,Woman,Woman,Woman,5,2,6,Asian,Asian,Asian
base_beautiful_seed109_crop.png,sd35,base_beautiful,Woman,White,3,Woman,White,35,True,5,-9.4,7,Woman,Woman,Woman,5,2,6,White,White,Asian
base_beautiful_seed109_crop.png,sd35,base_beautiful,Woman,White,3,Woman,White,35,True,5,-9.4,7,Man,Man,Man,5,2,3,White,White,White
base_beautiful_seed109_crop.png,sd35,base_beautiful,Woman,White,3,Woman,White,35,True,5,47.23,2,Woman,Woman,Woman,5,2,5,Asian,Asian,Asian
base_beautiful_seed109_crop.png,sd35,base_beautiful,Woman,White,3,Woman,White,35,True,5,47.23,2,Woman,Woman,Woman,5,3,6,White,White,White
base_beautiful_seed109_crop.png,sd35,base_beautiful,Woman,White,3,Woman,White,35,True,5,47.23,2,Woman,Woman,Woman,5,2,6,Asian,Asian,Asian
base_beautiful_seed109_crop.png,sd35,base_beautiful,Woman,White,3,Woman,White,35,True,5,47.23,2,Woman,Woman,Woman,5,2,6,White,White,Asian
base_beautiful_seed109_crop.png,sd35,base_beautiful,Woman,White,3,Woman,White,35,True,5,47.23,2,Man,Man,Man,5,2,3,White,White,White
base_beautiful_seed109_crop.png,sd35,base_beautiful,Woman,White,3,Woman,White,35,True,5,35.23,3,Woman,Woman,Woman,5,2,5,Asian,Asian,Asian
base_beautiful_seed109_crop.png,sd35,base_beautiful,Woman,White,3,Woman,White,35,True,5,35.23,3,Woman,Woman,Woman,5,3,6,White,White,White
base_beautiful_seed109_crop.png,sd35,base_beautiful,Woman,White,3,Woman,White,35,True,5,35.23,3,Woman,Woman,Woman,5,2,6,Asian,Asian,Asian
base_beautiful_seed109_crop.png,sd35,base_beautiful,Woman,White,3,Woman,White,35,True,5,35.23,3,Woman,Woman,Woman,5,2,6,White,White,Asian
base_beautiful_seed109_crop.png,sd35,base_beautiful,Woman,White,3,Woman,White,35,True,5,35.23,3,Man,Man,Man,5,2,3,White,White,White
base_beautiful_seed109_crop.png,sd35,base_beautiful,Woman,White,3,Woman,White,35,True,4,-76.27,9,Woman,Woman,Woman,5,2,5,Asian,Asian,Asian
base_beautiful_seed109_crop.png,sd35,base_beautiful,Woman,White,3,Woman,White,35,True,4,-76.27,9,Woman,Woman,Woman,5,3,6,White,White,White
base_beautiful_seed109_crop.png,sd35,base_beautiful,Woman,White,3,Woman,White,35,True,4,-76.27,9,Woman,Woman,Woman,5,2,6,Asian,Asian,Asian
base_beautiful_seed109_crop.png,sd35,base_beautiful,Woman,White,3,Woman,White,35,True,4,-76.27,9,Woman,Woman,Woman,5,2,6,White,White,Asian
base_beautiful_seed109_crop.png,sd35,base_beautiful,Woman,White,3,Woman,White,35,True,4,-76.27,9,Man,Man,Man,5,2,3,White,White,White
base_beautiful_seed119_crop.png,qwen,base_beautiful,Woman,Asian,4,Woman,Asian,27,True,5,28.88,3,Woman,Woman,Woman,5,3,5,Asian,Asian,Asian
base_beautiful_seed119_crop.png,qwen,base_beautiful,Woman,Asian,4,Woman,Asian,27,True,5,28.88,3,Woman,Woman,Woman,5,3,5,Middle Eastern,White,White
base_beautiful_seed119_crop.png,qwen,base_beautiful,Woman,Asian,4,Woman,Asian,27,True,5,28.88,3,Woman,Woman,Woman,5,2,5,Indian,Asian,Asian
base_beautiful_seed119_crop.png,qwen,base_beautiful,Woman,Asian,4,Woman,Asian,27,True,5,28.88,3,Woman,Woman,Woman,4,5,6,Black,Black,Black
base_beautiful_seed119_crop.png,qwen,base_beautiful,Woman,Asian,4,Woman,Asian,27,True,5,28.88,3,Woman,Woman,Woman,3,2,5,Asian,Asian,Asian
base_beautiful_seed119_crop.png,qwen,base_beautiful,Woman,Asian,4,Woman,Asian,27,True,5,17.84,5,Woman,Woman,Woman,5,3,5,Asian,Asian,Asian
base_beautiful_seed119_crop.png,qwen,base_beautiful,Woman,Asian,4,Woman,Asian,27,True,5,17.84,5,Woman,Woman,Woman,5,3,5,Middle Eastern,White,White
base_beautiful_seed119_crop.png,qwen,base_beautiful,Woman,Asian,4,Woman,Asian,27,True,5,17.84,5,Woman,Woman,Woman,5,2,5,Indian,Asian,Asian
base_beautiful_seed119_crop.png,qwen,base_beautiful,Woman,Asian,4,Woman,Asian,27,True,5,17.84,5,Woman,Woman,Woman,4,5,6,Black,Black,Black
base_beautiful_seed119_crop.png,qwen,base_beautiful,Woman,Asian,4,Woman,Asian,27,True,5,17.84,5,Woman,Woman,Woman,3,2,5,Asian,Asian,Asian
base_beautiful_seed119_crop.png,qwen,base_beautiful,Woman,Asian,4,Woman,Asian,27,True,6,31.19,3,Woman,Woman,Woman,5,3,5,Asian,Asian,Asian
base_beautiful_seed119_crop.png,qwen,base_beautiful,Woman,Asian,4,Woman,Asian,27,True,6,31.19,3,Woman,Woman,Woman,5,3,5,Middle Eastern,White,White
base_beautiful_seed119_crop.png,qwen,base_beautiful,Woman,Asian,4,Woman,Asian,27,True,6,31.19,3,Woman,Woman,Woman,5,2,5,Indian,Asian,Asian
base_beautiful_seed119_crop.png,qwen,base_beautiful,Woman,Asian,4,Woman,Asian,27,True,6,31.19,3,Woman,Woman,Woman,4,5,6,Black,Black,Black
base_beautiful_seed119_crop.png,qwen,base_beautiful,Woman,Asian,4,Woman,Asian,27,True,6,31.19,3,Woman,Woman,Woman,3,2,5,Asian,Asian,Asian
base_beautiful_seed119_crop.png,qwen,base_beautiful,Woman,Asian,4,Woman,Asian,27,True,5,43.43,2,Woman,Woman,Woman,5,3,5,Asian,Asian,Asian
base_beautiful_seed119_crop.png,qwen,base_beautiful,Woman,Asian,4,Woman,Asian,27,True,5,43.43,2,Woman,Woman,Woman,5,3,5,Middle Eastern,White,White
base_beautiful_seed119_crop.png,qwen,base_beautiful,Woman,Asian,4,Woman,Asian,27,True,5,43.43,2,Woman,Woman,Woman,5,2,5,Indian,Asian,Asian
base_beautiful_seed119_crop.png,qwen,base_beautiful,Woman,Asian,4,Woman,Asian,27,True,5,43.43,2,Woman,Woman,Woman,4,5,6,Black,Black,Black
base_beautiful_seed119_crop.png,qwen,base_beautiful,Woman,Asian,4,Woman,Asian,27,True,5,43.43,2,Woman,Woman,Woman,3,2,5,Asian,Asian,Asian
base_beautiful_seed119_crop.png,qwen,base_beautiful,Woman,Asian,4,Woman,Asian,27,True,6,61.39,1,Woman,Woman,Woman,5,3,5,Asian,Asian,Asian
base_beautiful_seed119_crop.png,qwen,base_beautiful,Woman,Asian,4,Woman,Asian,27,True,6,61.39,1,Woman,Woman,Woman,5,3,5,Middle Eastern,White,White
base_beautiful_seed119_crop.png,qwen,base_beautiful,Woman,Asian,4,Woman,Asian,27,True,6,61.39,1,Woman,Woman,Woman,5,2,5,Indian,Asian,Asian
base_beautiful_seed119_crop.png,qwen,base_beautiful,Woman,Asian,4,Woman,Asian,27,True,6,61.39,1,Woman,Woman,Woman,4,5,6,Black,Black,Black
base_beautiful_seed119_crop.png,qwen,base_beautiful,Woman,Asian,4,Woman,Asian,27,True,6,61.39,1,Woman,Woman,Woman,3,2,5,Asian,Asian,Asian
base_beautiful_seed119_crop.png,qwen,base_beautiful,Woman,Asian,4,Woman,Asian,30,False,5,28.88,3,Woman,Woman,Woman,5,3,5,Asian,Asian,Asian
base_beautiful_seed119_crop.png,qwen,base_beautiful,Woman,Asian,4,Woman,Asian,30,False,5,28.88,3,Woman,Woman,Woman,5,3,5,Middle Eastern,White,White
base_beautiful_seed119_crop.png,qwen,base_beautiful,Woman,Asian,4,Woman,Asian,30,False,5,28.88,3,Woman,Woman,Woman,5,2,5,Indian,Asian,Asian
base_beautiful_seed119_crop.png,qwen,base_beautiful,Woman,Asian,4,Woman,Asian,30,False,5,28.88,3,Woman,Woman,Woman,4,5,6,Black,Black,Black
base_beautiful_seed119_crop.png,qwen,base_beautiful,Woman,Asian,4,Woman,Asian,30,False,5,28.88,3,Woman,Woman,Woman,3,2,5,Asian,Asian,Asian
base_beautiful_seed119_crop.png,qwen,base_beautiful,Woman,Asian,4,Woman,Asian,30,False,5,17.84,5,Woman,Woman,Woman,5,3,5,Asian,Asian,Asian
base_beautiful_seed119_crop.png,qwen,base_beautiful,Woman,Asian,4,Woman,Asian,30,False,5,17.84,5,Woman,Woman,Woman,5,3,5,Middle Eastern,White,White
base_beautiful_seed119_crop.png,qwen,base_beautiful,Woman,Asian,4,Woman,Asian,30,False,5,17.84,5,Woman,Woman,Woman,5,2,5,Indian,Asian,Asian
base_beautiful_seed119_crop.png,qwen,base_beautiful,Woman,Asian,4,Woman,Asian,30,False,5,17.84,5,Woman,Woman,Woman,4,5,6,Black,Black,Black
base_beautiful_seed119_crop.png,qwen,base_beautiful,Woman,Asian,4,Woman,Asian,30,False,5,17.84,5,Woman,Woman,Woman,3,2,5,Asian,Asian,Asian
base_beautiful_seed119_crop.png,qwen,base_beautiful,Woman,Asian,4,Woman,Asian,30,False,6,31.19,3,Woman,Woman,Woman,5,3,5,Asian,Asian,Asian
base_beautiful_seed119_crop.png,qwen,base_beautiful,Woman,Asian,4,Woman,Asian,30,False,6,31.19,3,Woman,Woman,Woman,5,3,5,Middle Eastern,White,White
base_beautiful_seed119_crop.png,qwen,base_beautiful,Woman,Asian,4,Woman,Asian,30,False,6,31.19,3,Woman,Woman,Woman,5,2,5,Indian,Asian,Asian
base_beautiful_seed119_crop.png,qwen,base_beautiful,Woman,Asian,4,Woman,Asian,30,False,6,31.19,3,Woman,Woman,Woman,4,5,6,Black,Black,Black
base_beautiful_seed119_crop.png,qwen,base_beautiful,Woman,Asian,4,Woman,Asian,30,False,6,31.19,3,Woman,Woman,Woman,3,2,5,Asian,Asian,Asian
base_beautiful_seed119_crop.png,qwen,base_beautiful,Woman,Asian,4,Woman,Asian,30,False,5,43.43,2,Woman,Woman,Woman,5,3,5,Asian,Asian,Asian
base_beautiful_seed119_crop.png,qwen,base_beautiful,Woman,Asian,4,Woman,Asian,30,False,5,43.43,2,Woman,Woman,Woman,5,3,5,Middle Eastern,White,White
base_beautiful_seed119_crop.png,qwen,base_beautiful,Woman,Asian,4,Woman,Asian,30,False,5,43.43,2,Woman,Woman,Woman,5,2,5,Indian,Asian,Asian
base_beautiful_seed119_crop.png,qwen,base_beautiful,Woman,Asian,4,Woman,Asian,30,False,5,43.43,2,Woman,Woman,Woman,4,5,6,Black,Black,Black
base_beautiful_seed119_crop.png,qwen,base_beautiful,Woman,Asian,4,Woman,Asian,30,False,5,43.43,2,Woman,Woman,Woman,3,2,5,Asian,Asian,Asian
base_beautiful_seed119_crop.png,qwen,base_beautiful,Woman,Asian,4,Woman,Asian,30,False,6,61.39,1,Woman,Woman,Woman,5,3,5,Asian,Asian,Asian
base_beautiful_seed119_crop.png,qwen,base_beautiful,Woman,Asian,4,Woman,Asian,30,False,6,61.39,1,Woman,Woman,Woman,5,3,5,Middle Eastern,White,White
base_beautiful_seed119_crop.png,qwen,base_beautiful,Woman,Asian,4,Woman,Asian,30,False,6,61.39,1,Woman,Woman,Woman,5,2,5,Indian,Asian,Asian
base_beautiful_seed119_crop.png,qwen,base_beautiful,Woman,Asian,4,Woman,Asian,30,False,6,61.39,1,Woman,Woman,Woman,4,5,6,Black,Black,Black
base_beautiful_seed119_crop.png,qwen,base_beautiful,Woman,Asian,4,Woman,Asian,30,False,6,61.39,1,Woman,Woman,Woman,3,2,5,Asian,Asian,Asian
base_beautiful_seed119_crop.png,qwen,base_beautiful,Woman,Asian,4,Woman,White,28,True,5,28.88,3,Woman,Woman,Woman,5,3,5,Asian,Asian,Asian
base_beautiful_seed119_crop.png,qwen,base_beautiful,Woman,Asian,4,Woman,White,28,True,5,28.88,3,Woman,Woman,Woman,5,3,5,Middle Eastern,White,White
base_beautiful_seed119_crop.png,qwen,base_beautiful,Woman,Asian,4,Woman,White,28,True,5,28.88,3,Woman,Woman,Woman,5,2,5,Indian,Asian,Asian
base_beautiful_seed119_crop.png,qwen,base_beautiful,Woman,Asian,4,Woman,White,28,True,5,28.88,3,Woman,Woman,Woman,4,5,6,Black,Black,Black
base_beautiful_seed119_crop.png,qwen,base_beautiful,Woman,Asian,4,Woman,White,28,True,5,28.88,3,Woman,Woman,Woman,3,2,5,Asian,Asian,Asian
base_beautiful_seed119_crop.png,qwen,base_beautiful,Woman,Asian,4,Woman,White,28,True,5,17.84,5,Woman,Woman,Woman,5,3,5,Asian,Asian,Asian
base_beautiful_seed119_crop.png,qwen,base_beautiful,Woman,Asian,4,Woman,White,28,True,5,17.84,5,Woman,Woman,Woman,5,3,5,Middle Eastern,White,White
base_beautiful_seed119_crop.png,qwen,base_beautiful,Woman,Asian,4,Woman,White,28,True,5,17.84,5,Woman,Woman,Woman,5,2,5,Indian,Asian,Asian
base_beautiful_seed119_crop.png,qwen,base_beautiful,Woman,Asian,4,Woman,White,28,True,5,17.84,5,Woman,Woman,Woman,4,5,6,Black,Black,Black
base_beautiful_seed119_crop.png,qwen,base_beautiful,Woman,Asian,4,Woman,White,28,True,5,17.84,5,Woman,Woman,Woman,3,2,5,Asian,Asian,Asian
base_beautiful_seed119_crop.png,qwen,base_beautiful,Woman,Asian,4,Woman,White,28,True,6,31.19,3,Woman,Woman,Woman,5,3,5,Asian,Asian,Asian
base_beautiful_seed119_crop.png,qwen,base_beautiful,Woman,Asian,4,Woman,White,28,True,6,31.19,3,Woman,Woman,Woman,5,3,5,Middle Eastern,White,White
base_beautiful_seed119_crop.png,qwen,base_beautiful,Woman,Asian,4,Woman,White,28,True,6,31.19,3,Woman,Woman,Woman,5,2,5,Indian,Asian,Asian
base_beautiful_seed119_crop.png,qwen,base_beautiful,Woman,Asian,4,Woman,White,28,True,6,31.19,3,Woman,Woman,Woman,4,5,6,Black,Black,Black
base_beautiful_seed119_crop.png,qwen,base_beautiful,Woman,Asian,4,Woman,White,28,True,6,31.19,3,Woman,Woman,Woman,3,2,5,Asian,Asian,Asian
base_beautiful_seed119_crop.png,qwen,base_beautiful,Woman,Asian,4,Woman,White,28,True,5,43.43,2,Woman,Woman,Woman,5,3,5,Asian,Asian,Asian
base_beautiful_seed119_crop.png,qwen,base_beautiful,Woman,Asian,4,Woman,White,28,True,5,43.43,2,Woman,Woman,Woman,5,3,5,Middle Eastern,White,White
base_beautiful_seed119_crop.png,qwen,base_beautiful,Woman,Asian,4,Woman,White,28,True,5,43.43,2,Woman,Woman,Woman,5,2,5,Indian,Asian,Asian
base_beautiful_seed119_crop.png,qwen,base_beautiful,Woman,Asian,4,Woman,White,28,True,5,43.43,2,Woman,Woman,Woman,4,5,6,Black,Black,Black
base_beautiful_seed119_crop.png,qwen,base_beautiful,Woman,Asian,4,Woman,White,28,True,5,43.43,2,Woman,Woman,Woman,3,2,5,Asian,Asian,Asian
base_beautiful_seed119_crop.png,qwen,base_beautiful,Woman,Asian,4,Woman,White,28,True,6,61.39,1,Woman,Woman,Woman,5,3,5,Asian,Asian,Asian
base_beautiful_seed119_crop.png,qwen,base_beautiful,Woman,Asian,4,Woman,White,28,True,6,61.39,1,Woman,Woman,Woman,5,3,5,Middle Eastern,White,White
base_beautiful_seed119_crop.png,qwen,base_beautiful,Woman,Asian,4,Woman,White,28,True,6,61.39,1,Woman,Woman,Woman,5,2,5,Indian,Asian,Asian
base_beautiful_seed119_crop.png,qwen,base_beautiful,Woman,Asian,4,Woman,White,28,True,6,61.39,1,Woman,Woman,Woman,4,5,6,Black,Black,Black
base_beautiful_seed119_crop.png,qwen,base_beautiful,Woman,Asian,4,Woman,White,28,True,6,61.39,1,Woman,Woman,Woman,3,2,5,Asian,Asian,Asian
base_beautiful_seed119_crop.png,qwen,base_beautiful,Woman,Asian,4,Woman,Middle Eastern,39,True,5,28.88,3,Woman,Woman,Woman,5,3,5,Asian,Asian,Asian
base_beautiful_seed119_crop.png,qwen,base_beautiful,Woman,Asian,4,Woman,Middle Eastern,39,True,5,28.88,3,Woman,Woman,Woman,5,3,5,Middle Eastern,White,White
base_beautiful_seed119_crop.png,qwen,base_beautiful,Woman,Asian,4,Woman,Middle Eastern,39,True,5,28.88,3,Woman,Woman,Woman,5,2,5,Indian,Asian,Asian
base_beautiful_seed119_crop.png,qwen,base_beautiful,Woman,Asian,4,Woman,Middle Eastern,39,True,5,28.88,3,Woman,Woman,Woman,4,5,6,Black,Black,Black
base_beautiful_seed119_crop.png,qwen,base_beautiful,Woman,Asian,4,Woman,Middle Eastern,39,True,5,28.88,3,Woman,Woman,Woman,3,2,5,Asian,Asian,Asian
base_beautiful_seed119_crop.png,qwen,base_beautiful,Woman,Asian,4,Woman,Middle Eastern,39,True,5,17.84,5,Woman,Woman,Woman,5,3,5,Asian,Asian,Asian
base_beautiful_seed119_crop.png,qwen,base_beautiful,Woman,Asian,4,Woman,Middle Eastern,39,True,5,17.84,5,Woman,Woman,Woman,5,3,5,Middle Eastern,White,White
base_beautiful_seed119_crop.png,qwen,base_beautiful,Woman,Asian,4,Woman,Middle Eastern,39,True,5,17.84,5,Woman,Woman,Woman,5,2,5,Indian,Asian,Asian
base_beautiful_seed119_crop.png,qwen,base_beautiful,Woman,Asian,4,Woman,Middle Eastern,39,True,5,17.84,5,Woman,Woman,Woman,4,5,6,Black,Black,Black
base_beautiful_seed119_crop.png,qwen,base_beautiful,Woman,Asian,4,Woman,Middle Eastern,39,True,5,17.84,5,Woman,Woman,Woman,3,2,5,Asian,Asian,Asian
base_beautiful_seed119_crop.png,qwen,base_beautiful,Woman,Asian,4,Woman,Middle Eastern,39,True,6,31.19,3,Woman,Woman,Woman,5,3,5,Asian,Asian,Asian
base_beautiful_seed119_crop.png,qwen,base_beautiful,Woman,Asian,4,Woman,Middle Eastern,39,True,6,31.19,3,Woman,Woman,Woman,5,3,5,Middle Eastern,White,White
base_beautiful_seed119_crop.png,qwen,base_beautiful,Woman,Asian,4,Woman,Middle Eastern,39,True,6,31.19,3,Woman,Woman,Woman,5,2,5,Indian,Asian,Asian
base_beautiful_seed119_crop.png,qwen,base_beautiful,Woman,Asian,4,Woman,Middle Eastern,39,True,6,31.19,3,Woman,Woman,Woman,4,5,6,Black,Black,Black
base_beautiful_seed119_crop.png,qwen,base_beautiful,Woman,Asian,4,Woman,Middle Eastern,39,True,6,31.19,3,Woman,Woman,Woman,3,2,5,Asian,Asian,Asian
base_beautiful_seed119_crop.png,qwen,base_beautiful,Woman,Asian,4,Woman,Middle Eastern,39,True,5,43.43,2,Woman,Woman,Woman,5,3,5,Asian,Asian,Asian
base_beautiful_seed119_crop.png,qwen,base_beautiful,Woman,Asian,4,Woman,Middle Eastern,39,True,5,43.43,2,Woman,Woman,Woman,5,3,5,Middle Eastern,White,White
base_beautiful_seed119_crop.png,qwen,base_beautiful,Woman,Asian,4,Woman,Middle Eastern,39,True,5,43.43,2,Woman,Woman,Woman,5,2,5,Indian,Asian,Asian
base_beautiful_seed119_crop.png,qwen,base_beautiful,Woman,Asian,4,Woman,Middle Eastern,39,True,5,43.43,2,Woman,Woman,Woman,4,5,6,Black,Black,Black
base_beautiful_seed119_crop.png,qwen,base_beautiful,Woman,Asian,4,Woman,Middle Eastern,39,True,5,43.43,2,Woman,Woman,Woman,3,2,5,Asian,Asian,Asian
base_beautiful_seed119_crop.png,qwen,base_beautiful,Woman,Asian,4,Woman,Middle Eastern,39,True,6,61.39,1,Woman,Woman,Woman,5,3,5,Asian,Asian,Asian
base_beautiful_seed119_crop.png,qwen,base_beautiful,Woman,Asian,4,Woman,Middle Eastern,39,True,6,61.39,1,Woman,Woman,Woman,5,3,5,Middle Eastern,White,White
base_beautiful_seed119_crop.png,qwen,base_beautiful,Woman,Asian,4,Woman,Middle Eastern,39,True,6,61.39,1,Woman,Woman,Woman,5,2,5,Indian,Asian,Asian
base_beautiful_seed119_crop.png,qwen,base_beautiful,Woman,Asian,4,Woman,Middle Eastern,39,True,6,61.39,1,Woman,Woman,Woman,4,5,6,Black,Black,Black
base_beautiful_seed119_crop.png,qwen,base_beautiful,Woman,Asian,4,Woman,Middle Eastern,39,True,6,61.39,1,Woman,Woman,Woman,3,2,5,Asian,Asian,Asian
base_beautiful_seed119_crop.png,qwen,base_beautiful,Woman,Asian,4,Woman,Asian,28,True,5,28.88,3,Woman,Woman,Woman,5,3,5,Asian,Asian,Asian
base_beautiful_seed119_crop.png,qwen,base_beautiful,Woman,Asian,4,Woman,Asian,28,True,5,28.88,3,Woman,Woman,Woman,5,3,5,Middle Eastern,White,White
base_beautiful_seed119_crop.png,qwen,base_beautiful,Woman,Asian,4,Woman,Asian,28,True,5,28.88,3,Woman,Woman,Woman,5,2,5,Indian,Asian,Asian
base_beautiful_seed119_crop.png,qwen,base_beautiful,Woman,Asian,4,Woman,Asian,28,True,5,28.88,3,Woman,Woman,Woman,4,5,6,Black,Black,Black
base_beautiful_seed119_crop.png,qwen,base_beautiful,Woman,Asian,4,Woman,Asian,28,True,5,28.88,3,Woman,Woman,Woman,3,2,5,Asian,Asian,Asian
base_beautiful_seed119_crop.png,qwen,base_beautiful,Woman,Asian,4,Woman,Asian,28,True,5,17.84,5,Woman,Woman,Woman,5,3,5,Asian,Asian,Asian
base_beautiful_seed119_crop.png,qwen,base_beautiful,Woman,Asian,4,Woman,Asian,28,True,5,17.84,5,Woman,Woman,Woman,5,3,5,Middle Eastern,White,White
base_beautiful_seed119_crop.png,qwen,base_beautiful,Woman,Asian,4,Woman,Asian,28,True,5,17.84,5,Woman,Woman,Woman,5,2,5,Indian,Asian,Asian
base_beautiful_seed119_crop.png,qwen,base_beautiful,Woman,Asian,4,Woman,Asian,28,True,5,17.84,5,Woman,Woman,Woman,4,5,6,Black,Black,Black
base_beautiful_seed119_crop.png,qwen,base_beautiful,Woman,Asian,4,Woman,Asian,28,True,5,17.84,5,Woman,Woman,Woman,3,2,5,Asian,Asian,Asian
base_beautiful_seed119_crop.png,qwen,base_beautiful,Woman,Asian,4,Woman,Asian,28,True,6,31.19,3,Woman,Woman,Woman,5,3,5,Asian,Asian,Asian
base_beautiful_seed119_crop.png,qwen,base_beautiful,Woman,Asian,4,Woman,Asian,28,True,6,31.19,3,Woman,Woman,Woman,5,3,5,Middle Eastern,White,White
base_beautiful_seed119_crop.png,qwen,base_beautiful,Woman,Asian,4,Woman,Asian,28,True,6,31.19,3,Woman,Woman,Woman,5,2,5,Indian,Asian,Asian
base_beautiful_seed119_crop.png,qwen,base_beautiful,Woman,Asian,4,Woman,Asian,28,True,6,31.19,3,Woman,Woman,Woman,4,5,6,Black,Black,Black
base_beautiful_seed119_crop.png,qwen,base_beautiful,Woman,Asian,4,Woman,Asian,28,True,6,31.19,3,Woman,Woman,Woman,3,2,5,Asian,Asian,Asian
base_beautiful_seed119_crop.png,qwen,base_beautiful,Woman,Asian,4,Woman,Asian,28,True,5,43.43,2,Woman,Woman,Woman,5,3,5,Asian,Asian,Asian
base_beautiful_seed119_crop.png,qwen,base_beautiful,Woman,Asian,4,Woman,Asian,28,True,5,43.43,2,Woman,Woman,Woman,5,3,5,Middle Eastern,White,White
base_beautiful_seed119_crop.png,qwen,base_beautiful,Woman,Asian,4,Woman,Asian,28,True,5,43.43,2,Woman,Woman,Woman,5,2,5,Indian,Asian,Asian
base_beautiful_seed119_crop.png,qwen,base_beautiful,Woman,Asian,4,Woman,Asian,28,True,5,43.43,2,Woman,Woman,Woman,4,5,6,Black,Black,Black
base_beautiful_seed119_crop.png,qwen,base_beautiful,Woman,Asian,4,Woman,Asian,28,True,5,43.43,2,Woman,Woman,Woman,3,2,5,Asian,Asian,Asian
base_beautiful_seed119_crop.png,qwen,base_beautiful,Woman,Asian,4,Woman,Asian,28,True,6,61.39,1,Woman,Woman,Woman,5,3,5,Asian,Asian,Asian
base_beautiful_seed119_crop.png,qwen,base_beautiful,Woman,Asian,4,Woman,Asian,28,True,6,61.39,1,Woman,Woman,Woman,5,3,5,Middle Eastern,White,White
base_beautiful_seed119_crop.png,qwen,base_beautiful,Woman,Asian,4,Woman,Asian,28,True,6,61.39,1,Woman,Woman,Woman,5,2,5,Indian,Asian,Asian
base_beautiful_seed119_crop.png,qwen,base_beautiful,Woman,Asian,4,Woman,Asian,28,True,6,61.39,1,Woman,Woman,Woman,4,5,6,Black,Black,Black
base_beautiful_seed119_crop.png,qwen,base_beautiful,Woman,Asian,4,Woman,Asian,28,True,6,61.39,1,Woman,Woman,Woman,3,2,5,Asian,Asian,Asian
base_beautiful_seed119_crop.png,qwen,base_beautiful,Woman,White,5,Woman,Asian,27,True,5,28.88,3,Woman,Woman,Woman,5,3,5,Asian,Asian,Asian
base_beautiful_seed119_crop.png,qwen,base_beautiful,Woman,White,5,Woman,Asian,27,True,5,28.88,3,Woman,Woman,Woman,5,3,5,Middle Eastern,White,White
base_beautiful_seed119_crop.png,qwen,base_beautiful,Woman,White,5,Woman,Asian,27,True,5,28.88,3,Woman,Woman,Woman,5,2,5,Indian,Asian,Asian
base_beautiful_seed119_crop.png,qwen,base_beautiful,Woman,White,5,Woman,Asian,27,True,5,28.88,3,Woman,Woman,Woman,4,5,6,Black,Black,Black
base_beautiful_seed119_crop.png,qwen,base_beautiful,Woman,White,5,Woman,Asian,27,True,5,28.88,3,Woman,Woman,Woman,3,2,5,Asian,Asian,Asian
base_beautiful_seed119_crop.png,qwen,base_beautiful,Woman,White,5,Woman,Asian,27,True,5,17.84,5,Woman,Woman,Woman,5,3,5,Asian,Asian,Asian
base_beautiful_seed119_crop.png,qwen,base_beautiful,Woman,White,5,Woman,Asian,27,True,5,17.84,5,Woman,Woman,Woman,5,3,5,Middle Eastern,White,White
base_beautiful_seed119_crop.png,qwen,base_beautiful,Woman,White,5,Woman,Asian,27,True,5,17.84,5,Woman,Woman,Woman,5,2,5,Indian,Asian,Asian
base_beautiful_seed119_crop.png,qwen,base_beautiful,Woman,White,5,Woman,Asian,27,True,5,17.84,5,Woman,Woman,Woman,4,5,6,Black,Black,Black
base_beautiful_seed119_crop.png,qwen,base_beautiful,Woman,White,5,Woman,Asian,27,True,5,17.84,5,Woman,Woman,Woman,3,2,5,Asian,Asian,Asian
base_beautiful_seed119_crop.png,qwen,base_beautiful,Woman,White,5,Woman,Asian,27,True,6,31.19,3,Woman,Woman,Woman,5,3,5,Asian,Asian,Asian
base_beautiful_seed119_crop.png,qwen,base_beautiful,Woman,White,5,Woman,Asian,27,True,6,31.19,3,Woman,Woman,Woman,5,3,5,Middle Eastern,White,White
base_beautiful_seed119_crop.png,qwen,base_beautiful,Woman,White,5,Woman,Asian,27,True,6,31.19,3,Woman,Woman,Woman,5,2,5,Indian,Asian,Asian
base_beautiful_seed119_crop.png,qwen,base_beautiful,Woman,White,5,Woman,Asian,27,True,6,31.19,3,Woman,Woman,Woman,4,5,6,Black,Black,Black
base_beautiful_seed119_crop.png,qwen,base_beautiful,Woman,White,5,Woman,Asian,27,True,6,31.19,3,Woman,Woman,Woman,3,2,5,Asian,Asian,Asian
base_beautiful_seed119_crop.png,qwen,base_beautiful,Woman,White,5,Woman,Asian,27,True,5,43.43,2,Woman,Woman,Woman,5,3,5,Asian,Asian,Asian
base_beautiful_seed119_crop.png,qwen,base_beautiful,Woman,White,5,Woman,Asian,27,True,5,43.43,2,Woman,Woman,Woman,5,3,5,Middle Eastern,White,White
base_beautiful_seed119_crop.png,qwen,base_beautiful,Woman,White,5,Woman,Asian,27,True,5,43.43,2,Woman,Woman,Woman,5,2,5,Indian,Asian,Asian
base_beautiful_seed119_crop.png,qwen,base_beautiful,Woman,White,5,Woman,Asian,27,True,5,43.43,2,Woman,Woman,Woman,4,5,6,Black,Black,Black
base_beautiful_seed119_crop.png,qwen,base_beautiful,Woman,White,5,Woman,Asian,27,True,5,43.43,2,Woman,Woman,Woman,3,2,5,Asian,Asian,Asian
base_beautiful_seed119_crop.png,qwen,base_beautiful,Woman,White,5,Woman,Asian,27,True,6,61.39,1,Woman,Woman,Woman,5,3,5,Asian,Asian,Asian
base_beautiful_seed119_crop.png,qwen,base_beautiful,Woman,White,5,Woman,Asian,27,True,6,61.39,1,Woman,Woman,Woman,5,3,5,Middle Eastern,White,White
base_beautiful_seed119_crop.png,qwen,base_beautiful,Woman,White,5,Woman,Asian,27,True,6,61.39,1,Woman,Woman,Woman,5,2,5,Indian,Asian,Asian
base_beautiful_seed119_crop.png,qwen,base_beautiful,Woman,White,5,Woman,Asian,27,True,6,61.39,1,Woman,Woman,Woman,4,5,6,Black,Black,Black
base_beautiful_seed119_crop.png,qwen,base_beautiful,Woman,White,5,Woman,Asian,27,True,6,61.39,1,Woman,Woman,Woman,3,2,5,Asian,Asian,Asian
base_beautiful_seed119_crop.png,qwen,base_beautiful,Woman,White,5,Woman,Asian,30,False,5,28.88,3,Woman,Woman,Woman,5,3,5,Asian,Asian,Asian
base_beautiful_seed119_crop.png,qwen,base_beautiful,Woman,White,5,Woman,Asian,30,False,5,28.88,3,Woman,Woman,Woman,5,3,5,Middle Eastern,White,White
base_beautiful_seed119_crop.png,qwen,base_beautiful,Woman,White,5,Woman,Asian,30,False,5,28.88,3,Woman,Woman,Woman,5,2,5,Indian,Asian,Asian
base_beautiful_seed119_crop.png,qwen,base_beautiful,Woman,White,5,Woman,Asian,30,False,5,28.88,3,Woman,Woman,Woman,4,5,6,Black,Black,Black
base_beautiful_seed119_crop.png,qwen,base_beautiful,Woman,White,5,Woman,Asian,30,False,5,28.88,3,Woman,Woman,Woman,3,2,5,Asian,Asian,Asian
base_beautiful_seed119_crop.png,qwen,base_beautiful,Woman,White,5,Woman,Asian,30,False,5,17.84,5,Woman,Woman,Woman,5,3,5,Asian,Asian,Asian
base_beautiful_seed119_crop.png,qwen,base_beautiful,Woman,White,5,Woman,Asian,30,False,5,17.84,5,Woman,Woman,Woman,5,3,5,Middle Eastern,White,White
base_beautiful_seed119_crop.png,qwen,base_beautiful,Woman,White,5,Woman,Asian,30,False,5,17.84,5,Woman,Woman,Woman,5,2,5,Indian,Asian,Asian
base_beautiful_seed119_crop.png,qwen,base_beautiful,Woman,White,5,Woman,Asian,30,False,5,17.84,5,Woman,Woman,Woman,4,5,6,Black,Black,Black
base_beautiful_seed119_crop.png,qwen,base_beautiful,Woman,White,5,Woman,Asian,30,False,5,17.84,5,Woman,Woman,Woman,3,2,5,Asian,Asian,Asian
base_beautiful_seed119_crop.png,qwen,base_beautiful,Woman,White,5,Woman,Asian,30,False,6,31.19,3,Woman,Woman,Woman,5,3,5,Asian,Asian,Asian
base_beautiful_seed119_crop.png,qwen,base_beautiful,Woman,White,5,Woman,Asian,30,False,6,31.19,3,Woman,Woman,Woman,5,3,5,Middle Eastern,White,White
base_beautiful_seed119_crop.png,qwen,base_beautiful,Woman,White,5,Woman,Asian,30,False,6,31.19,3,Woman,Woman,Woman,5,2,5,Indian,Asian,Asian
base_beautiful_seed119_crop.png,qwen,base_beautiful,Woman,White,5,Woman,Asian,30,False,6,31.19,3,Woman,Woman,Woman,4,5,6,Black,Black,Black
base_beautiful_seed119_crop.png,qwen,base_beautiful,Woman,White,5,Woman,Asian,30,False,6,31.19,3,Woman,Woman,Woman,3,2,5,Asian,Asian,Asian
base_beautiful_seed119_crop.png,qwen,base_beautiful,Woman,White,5,Woman,Asian,30,False,5,43.43,2,Woman,Woman,Woman,5,3,5,Asian,Asian,Asian
base_beautiful_seed119_crop.png,qwen,base_beautiful,Woman,White,5,Woman,Asian,30,False,5,43.43,2,Woman,Woman,Woman,5,3,5,Middle Eastern,White,White
base_beautiful_seed119_crop.png,qwen,base_beautiful,Woman,White,5,Woman,Asian,30,False,5,43.43,2,Woman,Woman,Woman,5,2,5,Indian,Asian,Asian
base_beautiful_seed119_crop.png,qwen,base_beautiful,Woman,White,5,Woman,Asian,30,False,5,43.43,2,Woman,Woman,Woman,4,5,6,Black,Black,Black
base_beautiful_seed119_crop.png,qwen,base_beautiful,Woman,White,5,Woman,Asian,30,False,5,43.43,2,Woman,Woman,Woman,3,2,5,Asian,Asian,Asian
base_beautiful_seed119_crop.png,qwen,base_beautiful,Woman,White,5,Woman,Asian,30,False,6,61.39,1,Woman,Woman,Woman,5,3,5,Asian,Asian,Asian
base_beautiful_seed119_crop.png,qwen,base_beautiful,Woman,White,5,Woman,Asian,30,False,6,61.39,1,Woman,Woman,Woman,5,3,5,Middle Eastern,White,White
base_beautiful_seed119_crop.png,qwen,base_beautiful,Woman,White,5,Woman,Asian,30,False,6,61.39,1,Woman,Woman,Woman,5,2,5,Indian,Asian,Asian
base_beautiful_seed119_crop.png,qwen,base_beautiful,Woman,White,5,Woman,Asian,30,False,6,61.39,1,Woman,Woman,Woman,4,5,6,Black,Black,Black
base_beautiful_seed119_crop.png,qwen,base_beautiful,Woman,White,5,Woman,Asian,30,False,6,61.39,1,Woman,Woman,Woman,3,2,5,Asian,Asian,Asian
base_beautiful_seed119_crop.png,qwen,base_beautiful,Woman,White,5,Woman,White,28,True,5,28.88,3,Woman,Woman,Woman,5,3,5,Asian,Asian,Asian
base_beautiful_seed119_crop.png,qwen,base_beautiful,Woman,White,5,Woman,White,28,True,5,28.88,3,Woman,Woman,Woman,5,3,5,Middle Eastern,White,White
base_beautiful_seed119_crop.png,qwen,base_beautiful,Woman,White,5,Woman,White,28,True,5,28.88,3,Woman,Woman,Woman,5,2,5,Indian,Asian,Asian
base_beautiful_seed119_crop.png,qwen,base_beautiful,Woman,White,5,Woman,White,28,True,5,28.88,3,Woman,Woman,Woman,4,5,6,Black,Black,Black
base_beautiful_seed119_crop.png,qwen,base_beautiful,Woman,White,5,Woman,White,28,True,5,28.88,3,Woman,Woman,Woman,3,2,5,Asian,Asian,Asian
base_beautiful_seed119_crop.png,qwen,base_beautiful,Woman,White,5,Woman,White,28,True,5,17.84,5,Woman,Woman,Woman,5,3,5,Asian,Asian,Asian
base_beautiful_seed119_crop.png,qwen,base_beautiful,Woman,White,5,Woman,White,28,True,5,17.84,5,Woman,Woman,Woman,5,3,5,Middle Eastern,White,White
base_beautiful_seed119_crop.png,qwen,base_beautiful,Woman,White,5,Woman,White,28,True,5,17.84,5,Woman,Woman,Woman,5,2,5,Indian,Asian,Asian
base_beautiful_seed119_crop.png,qwen,base_beautiful,Woman,White,5,Woman,White,28,True,5,17.84,5,Woman,Woman,Woman,4,5,6,Black,Black,Black
base_beautiful_seed119_crop.png,qwen,base_beautiful,Woman,White,5,Woman,White,28,True,5,17.84,5,Woman,Woman,Woman,3,2,5,Asian,Asian,Asian
base_beautiful_seed119_crop.png,qwen,base_beautiful,Woman,White,5,Woman,White,28,True,6,31.19,3,Woman,Woman,Woman,5,3,5,Asian,Asian,Asian
base_beautiful_seed119_crop.png,qwen,base_beautiful,Woman,White,5,Woman,White,28,True,6,31.19,3,Woman,Woman,Woman,5,3,5,Middle Eastern,White,White
base_beautiful_seed119_crop.png,qwen,base_beautiful,Woman,White,5,Woman,White,28,True,6,31.19,3,Woman,Woman,Woman,5,2,5,Indian,Asian,Asian
base_beautiful_seed119_crop.png,qwen,base_beautiful,Woman,White,5,Woman,White,28,True,6,31.19,3,Woman,Woman,Woman,4,5,6,Black,Black,Black
base_beautiful_seed119_crop.png,qwen,base_beautiful,Woman,White,5,Woman,White,28,True,6,31.19,3,Woman,Woman,Woman,3,2,5,Asian,Asian,Asian
base_beautiful_seed119_crop.png,qwen,base_beautiful,Woman,White,5,Woman,White,28,True,5,43.43,2,Woman,Woman,Woman,5,3,5,Asian,Asian,Asian
base_beautiful_seed119_crop.png,qwen,base_beautiful,Woman,White,5,Woman,White,28,True,5,43.43,2,Woman,Woman,Woman,5,3,5,Middle Eastern,White,White
base_beautiful_seed119_crop.png,qwen,base_beautiful,Woman,White,5,Woman,White,28,True,5,43.43,2,Woman,Woman,Woman,5,2,5,Indian,Asian,Asian
base_beautiful_seed119_crop.png,qwen,base_beautiful,Woman,White,5,Woman,White,28,True,5,43.43,2,Woman,Woman,Woman,4,5,6,Black,Black,Black
base_beautiful_seed119_crop.png,qwen,base_beautiful,Woman,White,5,Woman,White,28,True,5,43.43,2,Woman,Woman,Woman,3,2,5,Asian,Asian,Asian
base_beautiful_seed119_crop.png,qwen,base_beautiful,Woman,White,5,Woman,White,28,True,6,61.39,1,Woman,Woman,Woman,5,3,5,Asian,Asian,Asian
base_beautiful_seed119_crop.png,qwen,base_beautiful,Woman,White,5,Woman,White,28,True,6,61.39,1,Woman,Woman,Woman,5,3,5,Middle Eastern,White,White
base_beautiful_seed119_crop.png,qwen,base_beautiful,Woman,White,5,Woman,White,28,True,6,61.39,1,Woman,Woman,Woman,5,2,5,Indian,Asian,Asian
base_beautiful_seed119_crop.png,qwen,base_beautiful,Woman,White,5,Woman,White,28,True,6,61.39,1,Woman,Woman,Woman,4,5,6,Black,Black,Black
base_beautiful_seed119_crop.png,qwen,base_beautiful,Woman,White,5,Woman,White,28,True,6,61.39,1,Woman,Woman,Woman,3,2,5,Asian,Asian,Asian
base_beautiful_seed119_crop.png,qwen,base_beautiful,Woman,White,5,Woman,Middle Eastern,39,True,5,28.88,3,Woman,Woman,Woman,5,3,5,Asian,Asian,Asian
base_beautiful_seed119_crop.png,qwen,base_beautiful,Woman,White,5,Woman,Middle Eastern,39,True,5,28.88,3,Woman,Woman,Woman,5,3,5,Middle Eastern,White,White
base_beautiful_seed119_crop.png,qwen,base_beautiful,Woman,White,5,Woman,Middle Eastern,39,True,5,28.88,3,Woman,Woman,Woman,5,2,5,Indian,Asian,Asian
base_beautiful_seed119_crop.png,qwen,base_beautiful,Woman,White,5,Woman,Middle Eastern,39,True,5,28.88,3,Woman,Woman,Woman,4,5,6,Black,Black,Black
base_beautiful_seed119_crop.png,qwen,base_beautiful,Woman,White,5,Woman,Middle Eastern,39,True,5,28.88,3,Woman,Woman,Woman,3,2,5,Asian,Asian,Asian
base_beautiful_seed119_crop.png,qwen,base_beautiful,Woman,White,5,Woman,Middle Eastern,39,True,5,17.84,5,Woman,Woman,Woman,5,3,5,Asian,Asian,Asian
base_beautiful_seed119_crop.png,qwen,base_beautiful,Woman,White,5,Woman,Middle Eastern,39,True,5,17.84,5,Woman,Woman,Woman,5,3,5,Middle Eastern,White,White
base_beautiful_seed119_crop.png,qwen,base_beautiful,Woman,White,5,Woman,Middle Eastern,39,True,5,17.84,5,Woman,Woman,Woman,5,2,5,Indian,Asian,Asian
base_beautiful_seed119_crop.png,qwen,base_beautiful,Woman,White,5,Woman,Middle Eastern,39,True,5,17.84,5,Woman,Woman,Woman,4,5,6,Black,Black,Black
base_beautiful_seed119_crop.png,qwen,base_beautiful,Woman,White,5,Woman,Middle Eastern,39,True,5,17.84,5,Woman,Woman,Woman,3,2,5,Asian,Asian,Asian
base_beautiful_seed119_crop.png,qwen,base_beautiful,Woman,White,5,Woman,Middle Eastern,39,True,6,31.19,3,Woman,Woman,Woman,5,3,5,Asian,Asian,Asian
base_beautiful_seed119_crop.png,qwen,base_beautiful,Woman,White,5,Woman,Middle Eastern,39,True,6,31.19,3,Woman,Woman,Woman,5,3,5,Middle Eastern,White,White
base_beautiful_seed119_crop.png,qwen,base_beautiful,Woman,White,5,Woman,Middle Eastern,39,True,6,31.19,3,Woman,Woman,Woman,5,2,5,Indian,Asian,Asian
base_beautiful_seed119_crop.png,qwen,base_beautiful,Woman,White,5,Woman,Middle Eastern,39,True,6,31.19,3,Woman,Woman,Woman,4,5,6,Black,Black,Black
base_beautiful_seed119_crop.png,qwen,base_beautiful,Woman,White,5,Woman,Middle Eastern,39,True,6,31.19,3,Woman,Woman,Woman,3,2,5,Asian,Asian,Asian
base_beautiful_seed119_crop.png,qwen,base_beautiful,Woman,White,5,Woman,Middle Eastern,39,True,5,43.43,2,Woman,Woman,Woman,5,3,5,Asian,Asian,Asian
base_beautiful_seed119_crop.png,qwen,base_beautiful,Woman,White,5,Woman,Middle Eastern,39,True,5,43.43,2,Woman,Woman,Woman,5,3,5,Middle Eastern,White,White
base_beautiful_seed119_crop.png,qwen,base_beautiful,Woman,White,5,Woman,Middle Eastern,39,True,5,43.43,2,Woman,Woman,Woman,5,2,5,Indian,Asian,Asian
base_beautiful_seed119_crop.png,qwen,base_beautiful,Woman,White,5,Woman,Middle Eastern,39,True,5,43.43,2,Woman,Woman,Woman,4,5,6,Black,Black,Black
base_beautiful_seed119_crop.png,qwen,base_beautiful,Woman,White,5,Woman,Middle Eastern,39,True,5,43.43,2,Woman,Woman,Woman,3,2,5,Asian,Asian,Asian
base_beautiful_seed119_crop.png,qwen,base_beautiful,Woman,White,5,Woman,Middle Eastern,39,True,6,61.39,1,Woman,Woman,Woman,5,3,5,Asian,Asian,Asian
base_beautiful_seed119_crop.png,qwen,base_beautiful,Woman,White,5,Woman,Middle Eastern,39,True,6,61.39,1,Woman,Woman,Woman,5,3,5,Middle Eastern,White,White
base_beautiful_seed119_crop.png,qwen,base_beautiful,Woman,White,5,Woman,Middle Eastern,39,True,6,61.39,1,Woman,Woman,Woman,5,2,5,Indian,Asian,Asian
base_beautiful_seed119_crop.png,qwen,base_beautiful,Woman,White,5,Woman,Middle Eastern,39,True,6,61.39,1,Woman,Woman,Woman,4,5,6,Black,Black,Black
base_beautiful_seed119_crop.png,qwen,base_beautiful,Woman,White,5,Woman,Middle Eastern,39,True,6,61.39,1,Woman,Woman,Woman,3,2,5,Asian,Asian,Asian
base_beautiful_seed119_crop.png,qwen,base_beautiful,Woman,White,5,Woman,Asian,28,True,5,28.88,3,Woman,Woman,Woman,5,3,5,Asian,Asian,Asian
base_beautiful_seed119_crop.png,qwen,base_beautiful,Woman,White,5,Woman,Asian,28,True,5,28.88,3,Woman,Woman,Woman,5,3,5,Middle Eastern,White,White
base_beautiful_seed119_crop.png,qwen,base_beautiful,Woman,White,5,Woman,Asian,28,True,5,28.88,3,Woman,Woman,Woman,5,2,5,Indian,Asian,Asian
base_beautiful_seed119_crop.png,qwen,base_beautiful,Woman,White,5,Woman,Asian,28,True,5,28.88,3,Woman,Woman,Woman,4,5,6,Black,Black,Black
base_beautiful_seed119_crop.png,qwen,base_beautiful,Woman,White,5,Woman,Asian,28,True,5,28.88,3,Woman,Woman,Woman,3,2,5,Asian,Asian,Asian
base_beautiful_seed119_crop.png,qwen,base_beautiful,Woman,White,5,Woman,Asian,28,True,5,17.84,5,Woman,Woman,Woman,5,3,5,Asian,Asian,Asian
base_beautiful_seed119_crop.png,qwen,base_beautiful,Woman,White,5,Woman,Asian,28,True,5,17.84,5,Woman,Woman,Woman,5,3,5,Middle Eastern,White,White
base_beautiful_seed119_crop.png,qwen,base_beautiful,Woman,White,5,Woman,Asian,28,True,5,17.84,5,Woman,Woman,Woman,5,2,5,Indian,Asian,Asian
base_beautiful_seed119_crop.png,qwen,base_beautiful,Woman,White,5,Woman,Asian,28,True,5,17.84,5,Woman,Woman,Woman,4,5,6,Black,Black,Black
base_beautiful_seed119_crop.png,qwen,base_beautiful,Woman,White,5,Woman,Asian,28,True,5,17.84,5,Woman,Woman,Woman,3,2,5,Asian,Asian,Asian
base_beautiful_seed119_crop.png,qwen,base_beautiful,Woman,White,5,Woman,Asian,28,True,6,31.19,3,Woman,Woman,Woman,5,3,5,Asian,Asian,Asian
base_beautiful_seed119_crop.png,qwen,base_beautiful,Woman,White,5,Woman,Asian,28,True,6,31.19,3,Woman,Woman,Woman,5,3,5,Middle Eastern,White,White
base_beautiful_seed119_crop.png,qwen,base_beautiful,Woman,White,5,Woman,Asian,28,True,6,31.19,3,Woman,Woman,Woman,5,2,5,Indian,Asian,Asian
base_beautiful_seed119_crop.png,qwen,base_beautiful,Woman,White,5,Woman,Asian,28,True,6,31.19,3,Woman,Woman,Woman,4,5,6,Black,Black,Black
base_beautiful_seed119_crop.png,qwen,base_beautiful,Woman,White,5,Woman,Asian,28,True,6,31.19,3,Woman,Woman,Woman,3,2,5,Asian,Asian,Asian
base_beautiful_seed119_crop.png,qwen,base_beautiful,Woman,White,5,Woman,Asian,28,True,5,43.43,2,Woman,Woman,Woman,5,3,5,Asian,Asian,Asian
base_beautiful_seed119_crop.png,qwen,base_beautiful,Woman,White,5,Woman,Asian,28,True,5,43.43,2,Woman,Woman,Woman,5,3,5,Middle Eastern,White,White
base_beautiful_seed119_crop.png,qwen,base_beautiful,Woman,White,5,Woman,Asian,28,True,5,43.43,2,Woman,Woman,Woman,5,2,5,Indian,Asian,Asian
base_beautiful_seed119_crop.png,qwen,base_beautiful,Woman,White,5,Woman,Asian,28,True,5,43.43,2,Woman,Woman,Woman,4,5,6,Black,Black,Black
base_beautiful_seed119_crop.png,qwen,base_beautiful,Woman,White,5,Woman,Asian,28,True,5,43.43,2,Woman,Woman,Woman,3,2,5,Asian,Asian,Asian
base_beautiful_seed119_crop.png,qwen,base_beautiful,Woman,White,5,Woman,Asian,28,True,6,61.39,1,Woman,Woman,Woman,5,3,5,Asian,Asian,Asian
base_beautiful_seed119_crop.png,qwen,base_beautiful,Woman,White,5,Woman,Asian,28,True,6,61.39,1,Woman,Woman,Woman,5,3,5,Middle Eastern,White,White
base_beautiful_seed119_crop.png,qwen,base_beautiful,Woman,White,5,Woman,Asian,28,True,6,61.39,1,Woman,Woman,Woman,5,2,5,Indian,Asian,Asian
base_beautiful_seed119_crop.png,qwen,base_beautiful,Woman,White,5,Woman,Asian,28,True,6,61.39,1,Woman,Woman,Woman,4,5,6,Black,Black,Black
base_beautiful_seed119_crop.png,qwen,base_beautiful,Woman,White,5,Woman,Asian,28,True,6,61.39,1,Woman,Woman,Woman,3,2,5,Asian,Asian,Asian
base_beautiful_seed112_crop.png,flux_klein,base_beautiful,Woman,White,4,Woman,Middle Eastern,29,True,6,22.76,4,Woman,Woman,Woman,5,3,5,Indian,White,Asian
base_beautiful_seed112_crop.png,flux_klein,base_beautiful,Woman,White,4,Woman,Middle Eastern,29,True,6,22.76,4,Woman,Woman,Woman,5,3,6,White,White,White
base_beautiful_seed112_crop.png,flux_klein,base_beautiful,Woman,White,4,Woman,Middle Eastern,29,True,6,22.76,4,Woman,Woman,Woman,5,3,6,Asian,Asian,Asian
base_beautiful_seed112_crop.png,flux_klein,base_beautiful,Woman,White,4,Woman,Middle Eastern,29,True,6,22.76,4,Woman,Woman,Woman,5,5,6,Black,Black,Black
base_beautiful_seed112_crop.png,flux_klein,base_beautiful,Woman,White,4,Woman,Middle Eastern,29,True,6,22.76,4,Woman,Woman,Woman,5,3,6,Middle Eastern,Unclear,Asian
base_beautiful_seed112_crop.png,flux_klein,base_beautiful,Woman,White,4,Woman,Middle Eastern,29,True,5,-10.6,7,Woman,Woman,Woman,5,3,5,Indian,White,Asian
base_beautiful_seed112_crop.png,flux_klein,base_beautiful,Woman,White,4,Woman,Middle Eastern,29,True,5,-10.6,7,Woman,Woman,Woman,5,3,6,White,White,White
base_beautiful_seed112_crop.png,flux_klein,base_beautiful,Woman,White,4,Woman,Middle Eastern,29,True,5,-10.6,7,Woman,Woman,Woman,5,3,6,Asian,Asian,Asian
base_beautiful_seed112_crop.png,flux_klein,base_beautiful,Woman,White,4,Woman,Middle Eastern,29,True,5,-10.6,7,Woman,Woman,Woman,5,5,6,Black,Black,Black
base_beautiful_seed112_crop.png,flux_klein,base_beautiful,Woman,White,4,Woman,Middle Eastern,29,True,5,-10.6,7,Woman,Woman,Woman,5,3,6,Middle Eastern,Unclear,Asian
base_beautiful_seed112_crop.png,flux_klein,base_beautiful,Woman,White,4,Woman,Middle Eastern,29,True,6,35.18,3,Woman,Woman,Woman,5,3,5,Indian,White,Asian
base_beautiful_seed112_crop.png,flux_klein,base_beautiful,Woman,White,4,Woman,Middle Eastern,29,True,6,35.18,3,Woman,Woman,Woman,5,3,6,White,White,White
base_beautiful_seed112_crop.png,flux_klein,base_beautiful,Woman,White,4,Woman,Middle Eastern,29,True,6,35.18,3,Woman,Woman,Woman,5,3,6,Asian,Asian,Asian
base_beautiful_seed112_crop.png,flux_klein,base_beautiful,Woman,White,4,Woman,Middle Eastern,29,True,6,35.18,3,Woman,Woman,Woman,5,5,6,Black,Black,Black
base_beautiful_seed112_crop.png,flux_klein,base_beautiful,Woman,White,4,Woman,Middle Eastern,29,True,6,35.18,3,Woman,Woman,Woman,5,3,6,Middle Eastern,Unclear,Asian
base_beautiful_seed112_crop.png,flux_klein,base_beautiful,Woman,White,4,Woman,Middle Eastern,29,True,5,54.24,2,Woman,Woman,Woman,5,3,5,Indian,White,Asian
base_beautiful_seed112_crop.png,flux_klein,base_beautiful,Woman,White,4,Woman,Middle Eastern,29,True,5,54.24,2,Woman,Woman,Woman,5,3,6,White,White,White
base_beautiful_seed112_crop.png,flux_klein,base_beautiful,Woman,White,4,Woman,Middle Eastern,29,True,5,54.24,2,Woman,Woman,Woman,5,3,6,Asian,Asian,Asian
base_beautiful_seed112_crop.png,flux_klein,base_beautiful,Woman,White,4,Woman,Middle Eastern,29,True,5,54.24,2,Woman,Woman,Woman,5,5,6,Black,Black,Black
base_beautiful_seed112_crop.png,flux_klein,base_beautiful,Woman,White,4,Woman,Middle Eastern,29,True,5,54.24,2,Woman,Woman,Woman,5,3,6,Middle Eastern,Unclear,Asian
base_beautiful_seed112_crop.png,flux_klein,base_beautiful,Woman,White,4,Woman,Middle Eastern,29,True,7,2.85,6,Woman,Woman,Woman,5,3,5,Indian,White,Asian
base_beautiful_seed112_crop.png,flux_klein,base_beautiful,Woman,White,4,Woman,Middle Eastern,29,True,7,2.85,6,Woman,Woman,Woman,5,3,6,White,White,White
base_beautiful_seed112_crop.png,flux_klein,base_beautiful,Woman,White,4,Woman,Middle Eastern,29,True,7,2.85,6,Woman,Woman,Woman,5,3,6,Asian,Asian,Asian
base_beautiful_seed112_crop.png,flux_klein,base_beautiful,Woman,White,4,Woman,Middle Eastern,29,True,7,2.85,6,Woman,Woman,Woman,5,5,6,Black,Black,Black
base_beautiful_seed112_crop.png,flux_klein,base_beautiful,Woman,White,4,Woman,Middle Eastern,29,True,7,2.85,6,Woman,Woman,Woman,5,3,6,Middle Eastern,Unclear,Asian
base_beautiful_seed112_crop.png,flux_klein,base_beautiful,Woman,White,4,Woman,Asian,31,True,6,22.76,4,Woman,Woman,Woman,5,3,5,Indian,White,Asian
base_beautiful_seed112_crop.png,flux_klein,base_beautiful,Woman,White,4,Woman,Asian,31,True,6,22.76,4,Woman,Woman,Woman,5,3,6,White,White,White
base_beautiful_seed112_crop.png,flux_klein,base_beautiful,Woman,White,4,Woman,Asian,31,True,6,22.76,4,Woman,Woman,Woman,5,3,6,Asian,Asian,Asian
base_beautiful_seed112_crop.png,flux_klein,base_beautiful,Woman,White,4,Woman,Asian,31,True,6,22.76,4,Woman,Woman,Woman,5,5,6,Black,Black,Black
base_beautiful_seed112_crop.png,flux_klein,base_beautiful,Woman,White,4,Woman,Asian,31,True,6,22.76,4,Woman,Woman,Woman,5,3,6,Middle Eastern,Unclear,Asian
base_beautiful_seed112_crop.png,flux_klein,base_beautiful,Woman,White,4,Woman,Asian,31,True,5,-10.6,7,Woman,Woman,Woman,5,3,5,Indian,White,Asian
base_beautiful_seed112_crop.png,flux_klein,base_beautiful,Woman,White,4,Woman,Asian,31,True,5,-10.6,7,Woman,Woman,Woman,5,3,6,White,White,White
base_beautiful_seed112_crop.png,flux_klein,base_beautiful,Woman,White,4,Woman,Asian,31,True,5,-10.6,7,Woman,Woman,Woman,5,3,6,Asian,Asian,Asian
base_beautiful_seed112_crop.png,flux_klein,base_beautiful,Woman,White,4,Woman,Asian,31,True,5,-10.6,7,Woman,Woman,Woman,5,5,6,Black,Black,Black
base_beautiful_seed112_crop.png,flux_klein,base_beautiful,Woman,White,4,Woman,Asian,31,True,5,-10.6,7,Woman,Woman,Woman,5,3,6,Middle Eastern,Unclear,Asian
base_beautiful_seed112_crop.png,flux_klein,base_beautiful,Woman,White,4,Woman,Asian,31,True,6,35.18,3,Woman,Woman,Woman,5,3,5,Indian,White,Asian
base_beautiful_seed112_crop.png,flux_klein,base_beautiful,Woman,White,4,Woman,Asian,31,True,6,35.18,3,Woman,Woman,Woman,5,3,6,White,White,White
base_beautiful_seed112_crop.png,flux_klein,base_beautiful,Woman,White,4,Woman,Asian,31,True,6,35.18,3,Woman,Woman,Woman,5,3,6,Asian,Asian,Asian
base_beautiful_seed112_crop.png,flux_klein,base_beautiful,Woman,White,4,Woman,Asian,31,True,6,35.18,3,Woman,Woman,Woman,5,5,6,Black,Black,Black
base_beautiful_seed112_crop.png,flux_klein,base_beautiful,Woman,White,4,Woman,Asian,31,True,6,35.18,3,Woman,Woman,Woman,5,3,6,Middle Eastern,Unclear,Asian
base_beautiful_seed112_crop.png,flux_klein,base_beautiful,Woman,White,4,Woman,Asian,31,True,5,54.24,2,Woman,Woman,Woman,5,3,5,Indian,White,Asian
base_beautiful_seed112_crop.png,flux_klein,base_beautiful,Woman,White,4,Woman,Asian,31,True,5,54.24,2,Woman,Woman,Woman,5,3,6,White,White,White
base_beautiful_seed112_crop.png,flux_klein,base_beautiful,Woman,White,4,Woman,Asian,31,True,5,54.24,2,Woman,Woman,Woman,5,3,6,Asian,Asian,Asian
base_beautiful_seed112_crop.png,flux_klein,base_beautiful,Woman,White,4,Woman,Asian,31,True,5,54.24,2,Woman,Woman,Woman,5,5,6,Black,Black,Black
base_beautiful_seed112_crop.png,flux_klein,base_beautiful,Woman,White,4,Woman,Asian,31,True,5,54.24,2,Woman,Woman,Woman,5,3,6,Middle Eastern,Unclear,Asian
base_beautiful_seed112_crop.png,flux_klein,base_beautiful,Woman,White,4,Woman,Asian,31,True,7,2.85,6,Woman,Woman,Woman,5,3,5,Indian,White,Asian
base_beautiful_seed112_crop.png,flux_klein,base_beautiful,Woman,White,4,Woman,Asian,31,True,7,2.85,6,Woman,Woman,Woman,5,3,6,White,White,White
base_beautiful_seed112_crop.png,flux_klein,base_beautiful,Woman,White,4,Woman,Asian,31,True,7,2.85,6,Woman,Woman,Woman,5,3,6,Asian,Asian,Asian
base_beautiful_seed112_crop.png,flux_klein,base_beautiful,Woman,White,4,Woman,Asian,31,True,7,2.85,6,Woman,Woman,Woman,5,5,6,Black,Black,Black
base_beautiful_seed112_crop.png,flux_klein,base_beautiful,Woman,White,4,Woman,Asian,31,True,7,2.85,6,Woman,Woman,Woman,5,3,6,Middle Eastern,Unclear,Asian
base_beautiful_seed112_crop.png,flux_klein,base_beautiful,Woman,White,4,Woman,White,29,True,6,22.76,4,Woman,Woman,Woman,5,3,5,Indian,White,Asian
base_beautiful_seed112_crop.png,flux_klein,base_beautiful,Woman,White,4,Woman,White,29,True,6,22.76,4,Woman,Woman,Woman,5,3,6,White,White,White
base_beautiful_seed112_crop.png,flux_klein,base_beautiful,Woman,White,4,Woman,White,29,True,6,22.76,4,Woman,Woman,Woman,5,3,6,Asian,Asian,Asian
base_beautiful_seed112_crop.png,flux_klein,base_beautiful,Woman,White,4,Woman,White,29,True,6,22.76,4,Woman,Woman,Woman,5,5,6,Black,Black,Black
base_beautiful_seed112_crop.png,flux_klein,base_beautiful,Woman,White,4,Woman,White,29,True,6,22.76,4,Woman,Woman,Woman,5,3,6,Middle Eastern,Unclear,Asian
base_beautiful_seed112_crop.png,flux_klein,base_beautiful,Woman,White,4,Woman,White,29,True,5,-10.6,7,Woman,Woman,Woman,5,3,5,Indian,White,Asian
base_beautiful_seed112_crop.png,flux_klein,base_beautiful,Woman,White,4,Woman,White,29,True,5,-10.6,7,Woman,Woman,Woman,5,3,6,White,White,White
base_beautiful_seed112_crop.png,flux_klein,base_beautiful,Woman,White,4,Woman,White,29,True,5,-10.6,7,Woman,Woman,Woman,5,3,6,Asian,Asian,Asian
base_beautiful_seed112_crop.png,flux_klein,base_beautiful,Woman,White,4,Woman,White,29,True,5,-10.6,7,Woman,Woman,Woman,5,5,6,Black,Black,Black
base_beautiful_seed112_crop.png,flux_klein,base_beautiful,Woman,White,4,Woman,White,29,True,5,-10.6,7,Woman,Woman,Woman,5,3,6,Middle Eastern,Unclear,Asian
base_beautiful_seed112_crop.png,flux_klein,base_beautiful,Woman,White,4,Woman,White,29,True,6,35.18,3,Woman,Woman,Woman,5,3,5,Indian,White,Asian
base_beautiful_seed112_crop.png,flux_klein,base_beautiful,Woman,White,4,Woman,White,29,True,6,35.18,3,Woman,Woman,Woman,5,3,6,White,White,White
base_beautiful_seed112_crop.png,flux_klein,base_beautiful,Woman,White,4,Woman,White,29,True,6,35.18,3,Woman,Woman,Woman,5,3,6,Asian,Asian,Asian
base_beautiful_seed112_crop.png,flux_klein,base_beautiful,Woman,White,4,Woman,White,29,True,6,35.18,3,Woman,Woman,Woman,5,5,6,Black,Black,Black
base_beautiful_seed112_crop.png,flux_klein,base_beautiful,Woman,White,4,Woman,White,29,True,6,35.18,3,Woman,Woman,Woman,5,3,6,Middle Eastern,Unclear,Asian
base_beautiful_seed112_crop.png,flux_klein,base_beautiful,Woman,White,4,Woman,White,29,True,5,54.24,2,Woman,Woman,Woman,5,3,5,Indian,White,Asian
base_beautiful_seed112_crop.png,flux_klein,base_beautiful,Woman,White,4,Woman,White,29,True,5,54.24,2,Woman,Woman,Woman,5,3,6,White,White,White
base_beautiful_seed112_crop.png,flux_klein,base_beautiful,Woman,White,4,Woman,White,29,True,5,54.24,2,Woman,Woman,Woman,5,3,6,Asian,Asian,Asian
base_beautiful_seed112_crop.png,flux_klein,base_beautiful,Woman,White,4,Woman,White,29,True,5,54.24,2,Woman,Woman,Woman,5,5,6,Black,Black,Black
base_beautiful_seed112_crop.png,flux_klein,base_beautiful,Woman,White,4,Woman,White,29,True,5,54.24,2,Woman,Woman,Woman,5,3,6,Middle Eastern,Unclear,Asian
base_beautiful_seed112_crop.png,flux_klein,base_beautiful,Woman,White,4,Woman,White,29,True,7,2.85,6,Woman,Woman,Woman,5,3,5,Indian,White,Asian
base_beautiful_seed112_crop.png,flux_klein,base_beautiful,Woman,White,4,Woman,White,29,True,7,2.85,6,Woman,Woman,Woman,5,3,6,White,White,White
base_beautiful_seed112_crop.png,flux_klein,base_beautiful,Woman,White,4,Woman,White,29,True,7,2.85,6,Woman,Woman,Woman,5,3,6,Asian,Asian,Asian
base_beautiful_seed112_crop.png,flux_klein,base_beautiful,Woman,White,4,Woman,White,29,True,7,2.85,6,Woman,Woman,Woman,5,5,6,Black,Black,Black
base_beautiful_seed112_crop.png,flux_klein,base_beautiful,Woman,White,4,Woman,White,29,True,7,2.85,6,Woman,Woman,Woman,5,3,6,Middle Eastern,Unclear,Asian
base_beautiful_seed112_crop.png,flux_klein,base_beautiful,Woman,White,4,Woman,Latino Hispanic,31,True,6,22.76,4,Woman,Woman,Woman,5,3,5,Indian,White,Asian
base_beautiful_seed112_crop.png,flux_klein,base_beautiful,Woman,White,4,Woman,Latino Hispanic,31,True,6,22.76,4,Woman,Woman,Woman,5,3,6,White,White,White
base_beautiful_seed112_crop.png,flux_klein,base_beautiful,Woman,White,4,Woman,Latino Hispanic,31,True,6,22.76,4,Woman,Woman,Woman,5,3,6,Asian,Asian,Asian
base_beautiful_seed112_crop.png,flux_klein,base_beautiful,Woman,White,4,Woman,Latino Hispanic,31,True,6,22.76,4,Woman,Woman,Woman,5,5,6,Black,Black,Black
base_beautiful_seed112_crop.png,flux_klein,base_beautiful,Woman,White,4,Woman,Latino Hispanic,31,True,6,22.76,4,Woman,Woman,Woman,5,3,6,Middle Eastern,Unclear,Asian
base_beautiful_seed112_crop.png,flux_klein,base_beautiful,Woman,White,4,Woman,Latino Hispanic,31,True,5,-10.6,7,Woman,Woman,Woman,5,3,5,Indian,White,Asian
base_beautiful_seed112_crop.png,flux_klein,base_beautiful,Woman,White,4,Woman,Latino Hispanic,31,True,5,-10.6,7,Woman,Woman,Woman,5,3,6,White,White,White
base_beautiful_seed112_crop.png,flux_klein,base_beautiful,Woman,White,4,Woman,Latino Hispanic,31,True,5,-10.6,7,Woman,Woman,Woman,5,3,6,Asian,Asian,Asian
base_beautiful_seed112_crop.png,flux_klein,base_beautiful,Woman,White,4,Woman,Latino Hispanic,31,True,5,-10.6,7,Woman,Woman,Woman,5,5,6,Black,Black,Black
base_beautiful_seed112_crop.png,flux_klein,base_beautiful,Woman,White,4,Woman,Latino Hispanic,31,True,5,-10.6,7,Woman,Woman,Woman,5,3,6,Middle Eastern,Unclear,Asian
base_beautiful_seed112_crop.png,flux_klein,base_beautiful,Woman,White,4,Woman,Latino Hispanic,31,True,6,35.18,3,Woman,Woman,Woman,5,3,5,Indian,White,Asian
base_beautiful_seed112_crop.png,flux_klein,base_beautiful,Woman,White,4,Woman,Latino Hispanic,31,True,6,35.18,3,Woman,Woman,Woman,5,3,6,White,White,White
base_beautiful_seed112_crop.png,flux_klein,base_beautiful,Woman,White,4,Woman,Latino Hispanic,31,True,6,35.18,3,Woman,Woman,Woman,5,3,6,Asian,Asian,Asian
base_beautiful_seed112_crop.png,flux_klein,base_beautiful,Woman,White,4,Woman,Latino Hispanic,31,True,6,35.18,3,Woman,Woman,Woman,5,5,6,Black,Black,Black
base_beautiful_seed112_crop.png,flux_klein,base_beautiful,Woman,White,4,Woman,Latino Hispanic,31,True,6,35.18,3,Woman,Woman,Woman,5,3,6,Middle Eastern,Unclear,Asian
base_beautiful_seed112_crop.png,flux_klein,base_beautiful,Woman,White,4,Woman,Latino Hispanic,31,True,5,54.24,2,Woman,Woman,Woman,5,3,5,Indian,White,Asian
base_beautiful_seed112_crop.png,flux_klein,base_beautiful,Woman,White,4,Woman,Latino Hispanic,31,True,5,54.24,2,Woman,Woman,Woman,5,3,6,White,White,White
base_beautiful_seed112_crop.png,flux_klein,base_beautiful,Woman,White,4,Woman,Latino Hispanic,31,True,5,54.24,2,Woman,Woman,Woman,5,3,6,Asian,Asian,Asian
base_beautiful_seed112_crop.png,flux_klein,base_beautiful,Woman,White,4,Woman,Latino Hispanic,31,True,5,54.24,2,Woman,Woman,Woman,5,5,6,Black,Black,Black
base_beautiful_seed112_crop.png,flux_klein,base_beautiful,Woman,White,4,Woman,Latino Hispanic,31,True,5,54.24,2,Woman,Woman,Woman,5,3,6,Middle Eastern,Unclear,Asian
base_beautiful_seed112_crop.png,flux_klein,base_beautiful,Woman,White,4,Woman,Latino Hispanic,31,True,7,2.85,6,Woman,Woman,Woman,5,3,5,Indian,White,Asian
base_beautiful_seed112_crop.png,flux_klein,base_beautiful,Woman,White,4,Woman,Latino Hispanic,31,True,7,2.85,6,Woman,Woman,Woman,5,3,6,White,White,White
base_beautiful_seed112_crop.png,flux_klein,base_beautiful,Woman,White,4,Woman,Latino Hispanic,31,True,7,2.85,6,Woman,Woman,Woman,5,3,6,Asian,Asian,Asian
base_beautiful_seed112_crop.png,flux_klein,base_beautiful,Woman,White,4,Woman,Latino Hispanic,31,True,7,2.85,6,Woman,Woman,Woman,5,5,6,Black,Black,Black
base_beautiful_seed112_crop.png,flux_klein,base_beautiful,Woman,White,4,Woman,Latino Hispanic,31,True,7,2.85,6,Woman,Woman,Woman,5,3,6,Middle Eastern,Unclear,Asian
base_beautiful_seed112_crop.png,flux_klein,base_beautiful,Woman,White,4,Woman,Black,29,True,6,22.76,4,Woman,Woman,Woman,5,3,5,Indian,White,Asian
base_beautiful_seed112_crop.png,flux_klein,base_beautiful,Woman,White,4,Woman,Black,29,True,6,22.76,4,Woman,Woman,Woman,5,3,6,White,White,White
base_beautiful_seed112_crop.png,flux_klein,base_beautiful,Woman,White,4,Woman,Black,29,True,6,22.76,4,Woman,Woman,Woman,5,3,6,Asian,Asian,Asian
base_beautiful_seed112_crop.png,flux_klein,base_beautiful,Woman,White,4,Woman,Black,29,True,6,22.76,4,Woman,Woman,Woman,5,5,6,Black,Black,Black
base_beautiful_seed112_crop.png,flux_klein,base_beautiful,Woman,White,4,Woman,Black,29,True,6,22.76,4,Woman,Woman,Woman,5,3,6,Middle Eastern,Unclear,Asian
base_beautiful_seed112_crop.png,flux_klein,base_beautiful,Woman,White,4,Woman,Black,29,True,5,-10.6,7,Woman,Woman,Woman,5,3,5,Indian,White,Asian
base_beautiful_seed112_crop.png,flux_klein,base_beautiful,Woman,White,4,Woman,Black,29,True,5,-10.6,7,Woman,Woman,Woman,5,3,6,White,White,White
base_beautiful_seed112_crop.png,flux_klein,base_beautiful,Woman,White,4,Woman,Black,29,True,5,-10.6,7,Woman,Woman,Woman,5,3,6,Asian,Asian,Asian
base_beautiful_seed112_crop.png,flux_klein,base_beautiful,Woman,White,4,Woman,Black,29,True,5,-10.6,7,Woman,Woman,Woman,5,5,6,Black,Black,Black
base_beautiful_seed112_crop.png,flux_klein,base_beautiful,Woman,White,4,Woman,Black,29,True,5,-10.6,7,Woman,Woman,Woman,5,3,6,Middle Eastern,Unclear,Asian
base_beautiful_seed112_crop.png,flux_klein,base_beautiful,Woman,White,4,Woman,Black,29,True,6,35.18,3,Woman,Woman,Woman,5,3,5,Indian,White,Asian
base_beautiful_seed112_crop.png,flux_klein,base_beautiful,Woman,White,4,Woman,Black,29,True,6,35.18,3,Woman,Woman,Woman,5,3,6,White,White,White
base_beautiful_seed112_crop.png,flux_klein,base_beautiful,Woman,White,4,Woman,Black,29,True,6,35.18,3,Woman,Woman,Woman,5,3,6,Asian,Asian,Asian
base_beautiful_seed112_crop.png,flux_klein,base_beautiful,Woman,White,4,Woman,Black,29,True,6,35.18,3,Woman,Woman,Woman,5,5,6,Black,Black,Black
base_beautiful_seed112_crop.png,flux_klein,base_beautiful,Woman,White,4,Woman,Black,29,True,6,35.18,3,Woman,Woman,Woman,5,3,6,Middle Eastern,Unclear,Asian
base_beautiful_seed112_crop.png,flux_klein,base_beautiful,Woman,White,4,Woman,Black,29,True,5,54.24,2,Woman,Woman,Woman,5,3,5,Indian,White,Asian
base_beautiful_seed112_crop.png,flux_klein,base_beautiful,Woman,White,4,Woman,Black,29,True,5,54.24,2,Woman,Woman,Woman,5,3,6,White,White,White
base_beautiful_seed112_crop.png,flux_klein,base_beautiful,Woman,White,4,Woman,Black,29,True,5,54.24,2,Woman,Woman,Woman,5,3,6,Asian,Asian,Asian
base_beautiful_seed112_crop.png,flux_klein,base_beautiful,Woman,White,4,Woman,Black,29,True,5,54.24,2,Woman,Woman,Woman,5,5,6,Black,Black,Black
base_beautiful_seed112_crop.png,flux_klein,base_beautiful,Woman,White,4,Woman,Black,29,True,5,54.24,2,Woman,Woman,Woman,5,3,6,Middle Eastern,Unclear,Asian
base_beautiful_seed112_crop.png,flux_klein,base_beautiful,Woman,White,4,Woman,Black,29,True,7,2.85,6,Woman,Woman,Woman,5,3,5,Indian,White,Asian
base_beautiful_seed112_crop.png,flux_klein,base_beautiful,Woman,White,4,Woman,Black,29,True,7,2.85,6,Woman,Woman,Woman,5,3,6,White,White,White
base_beautiful_seed112_crop.png,flux_klein,base_beautiful,Woman,White,4,Woman,Black,29,True,7,2.85,6,Woman,Woman,Woman,5,3,6,Asian,Asian,Asian
base_beautiful_seed112_crop.png,flux_klein,base_beautiful,Woman,White,4,Woman,Black,29,True,7,2.85,6,Woman,Woman,Woman,5,5,6,Black,Black,Black
base_beautiful_seed112_crop.png,flux_klein,base_beautiful,Woman,White,4,Woman,Black,29,True,7,2.85,6,Woman,Woman,Woman,5,3,6,Middle Eastern,Unclear,Asian
prof_nurse_seed117_crop.png,zimage,prof_nurse,Unclear,Unclear,5,Woman,Asian,28,True,5,88.62,1,Woman,Woman,Woman,3,2,5,Asian,Asian,Asian
prof_nurse_seed117_crop.png,zimage,prof_nurse,Unclear,Unclear,5,Woman,Asian,28,True,5,88.62,1,Woman,Woman,Woman,3,3,5,White,White,White
prof_nurse_seed117_crop.png,zimage,prof_nurse,Unclear,Unclear,5,Woman,Asian,28,True,5,88.62,1,Woman,Woman,Woman,5,3,5,Indian,Latino Hispanic,Asian
prof_nurse_seed117_crop.png,zimage,prof_nurse,Unclear,Unclear,5,Woman,Asian,28,True,5,88.62,1,Woman,Woman,Woman,5,2,5,White,White,White
prof_nurse_seed117_crop.png,zimage,prof_nurse,Unclear,Unclear,5,Woman,Asian,28,True,5,88.62,1,Woman,Woman,Woman,3,2,3,Asian,Asian,Asian
prof_nurse_seed117_crop.png,zimage,prof_nurse,Unclear,Unclear,5,Woman,Asian,28,True,5,69.26,1,Woman,Woman,Woman,3,2,5,Asian,Asian,Asian
prof_nurse_seed117_crop.png,zimage,prof_nurse,Unclear,Unclear,5,Woman,Asian,28,True,5,69.26,1,Woman,Woman,Woman,3,3,5,White,White,White
prof_nurse_seed117_crop.png,zimage,prof_nurse,Unclear,Unclear,5,Woman,Asian,28,True,5,69.26,1,Woman,Woman,Woman,5,3,5,Indian,Latino Hispanic,Asian
prof_nurse_seed117_crop.png,zimage,prof_nurse,Unclear,Unclear,5,Woman,Asian,28,True,5,69.26,1,Woman,Woman,Woman,5,2,5,White,White,White
prof_nurse_seed117_crop.png,zimage,prof_nurse,Unclear,Unclear,5,Woman,Asian,28,True,5,69.26,1,Woman,Woman,Woman,3,2,3,Asian,Asian,Asian
prof_nurse_seed117_crop.png,zimage,prof_nurse,Unclear,Unclear,5,Woman,Asian,28,True,5,65.75,1,Woman,Woman,Woman,3,2,5,Asian,Asian,Asian
prof_nurse_seed117_crop.png,zimage,prof_nurse,Unclear,Unclear,5,Woman,Asian,28,True,5,65.75,1,Woman,Woman,Woman,3,3,5,White,White,White
prof_nurse_seed117_crop.png,zimage,prof_nurse,Unclear,Unclear,5,Woman,Asian,28,True,5,65.75,1,Woman,Woman,Woman,5,3,5,Indian,Latino Hispanic,Asian
prof_nurse_seed117_crop.png,zimage,prof_nurse,Unclear,Unclear,5,Woman,Asian,28,True,5,65.75,1,Woman,Woman,Woman,5,2,5,White,White,White
prof_nurse_seed117_crop.png,zimage,prof_nurse,Unclear,Unclear,5,Woman,Asian,28,True,5,65.75,1,Woman,Woman,Woman,3,2,3,Asian,Asian,Asian
prof_nurse_seed117_crop.png,zimage,prof_nurse,Unclear,Unclear,5,Woman,Asian,28,True,4,72.53,1,Woman,Woman,Woman,3,2,5,Asian,Asian,Asian
prof_nurse_seed117_crop.png,zimage,prof_nurse,Unclear,Unclear,5,Woman,Asian,28,True,4,72.53,1,Woman,Woman,Woman,3,3,5,White,White,White
prof_nurse_seed117_crop.png,zimage,prof_nurse,Unclear,Unclear,5,Woman,Asian,28,True,4,72.53,1,Woman,Woman,Woman,5,3,5,Indian,Latino Hispanic,Asian
prof_nurse_seed117_crop.png,zimage,prof_nurse,Unclear,Unclear,5,Woman,Asian,28,True,4,72.53,1,Woman,Woman,Woman,5,2,5,White,White,White
prof_nurse_seed117_crop.png,zimage,prof_nurse,Unclear,Unclear,5,Woman,Asian,28,True,4,72.53,1,Woman,Woman,Woman,3,2,3,Asian,Asian,Asian
prof_nurse_seed117_crop.png,zimage,prof_nurse,Unclear,Unclear,5,Woman,Asian,28,True,6,77.94,1,Woman,Woman,Woman,3,2,5,Asian,Asian,Asian
prof_nurse_seed117_crop.png,zimage,prof_nurse,Unclear,Unclear,5,Woman,Asian,28,True,6,77.94,1,Woman,Woman,Woman,3,3,5,White,White,White
prof_nurse_seed117_crop.png,zimage,prof_nurse,Unclear,Unclear,5,Woman,Asian,28,True,6,77.94,1,Woman,Woman,Woman,5,3,5,Indian,Latino Hispanic,Asian
prof_nurse_seed117_crop.png,zimage,prof_nurse,Unclear,Unclear,5,Woman,Asian,28,True,6,77.94,1,Woman,Woman,Woman,5,2,5,White,White,White
prof_nurse_seed117_crop.png,zimage,prof_nurse,Unclear,Unclear,5,Woman,Asian,28,True,6,77.94,1,Woman,Woman,Woman,3,2,3,Asian,Asian,Asian
prof_nurse_seed117_crop.png,zimage,prof_nurse,Unclear,Unclear,5,Woman,Asian,29,True,5,88.62,1,Woman,Woman,Woman,3,2,5,Asian,Asian,Asian
prof_nurse_seed117_crop.png,zimage,prof_nurse,Unclear,Unclear,5,Woman,Asian,29,True,5,88.62,1,Woman,Woman,Woman,3,3,5,White,White,White
prof_nurse_seed117_crop.png,zimage,prof_nurse,Unclear,Unclear,5,Woman,Asian,29,True,5,88.62,1,Woman,Woman,Woman,5,3,5,Indian,Latino Hispanic,Asian
prof_nurse_seed117_crop.png,zimage,prof_nurse,Unclear,Unclear,5,Woman,Asian,29,True,5,88.62,1,Woman,Woman,Woman,5,2,5,White,White,White
prof_nurse_seed117_crop.png,zimage,prof_nurse,Unclear,Unclear,5,Woman,Asian,29,True,5,88.62,1,Woman,Woman,Woman,3,2,3,Asian,Asian,Asian
prof_nurse_seed117_crop.png,zimage,prof_nurse,Unclear,Unclear,5,Woman,Asian,29,True,5,69.26,1,Woman,Woman,Woman,3,2,5,Asian,Asian,Asian
prof_nurse_seed117_crop.png,zimage,prof_nurse,Unclear,Unclear,5,Woman,Asian,29,True,5,69.26,1,Woman,Woman,Woman,3,3,5,White,White,White
prof_nurse_seed117_crop.png,zimage,prof_nurse,Unclear,Unclear,5,Woman,Asian,29,True,5,69.26,1,Woman,Woman,Woman,5,3,5,Indian,Latino Hispanic,Asian
prof_nurse_seed117_crop.png,zimage,prof_nurse,Unclear,Unclear,5,Woman,Asian,29,True,5,69.26,1,Woman,Woman,Woman,5,2,5,White,White,White
prof_nurse_seed117_crop.png,zimage,prof_nurse,Unclear,Unclear,5,Woman,Asian,29,True,5,69.26,1,Woman,Woman,Woman,3,2,3,Asian,Asian,Asian
prof_nurse_seed117_crop.png,zimage,prof_nurse,Unclear,Unclear,5,Woman,Asian,29,True,5,65.75,1,Woman,Woman,Woman,3,2,5,Asian,Asian,Asian
prof_nurse_seed117_crop.png,zimage,prof_nurse,Unclear,Unclear,5,Woman,Asian,29,True,5,65.75,1,Woman,Woman,Woman,3,3,5,White,White,White
prof_nurse_seed117_crop.png,zimage,prof_nurse,Unclear,Unclear,5,Woman,Asian,29,True,5,65.75,1,Woman,Woman,Woman,5,3,5,Indian,Latino Hispanic,Asian
prof_nurse_seed117_crop.png,zimage,prof_nurse,Unclear,Unclear,5,Woman,Asian,29,True,5,65.75,1,Woman,Woman,Woman,5,2,5,White,White,White
prof_nurse_seed117_crop.png,zimage,prof_nurse,Unclear,Unclear,5,Woman,Asian,29,True,5,65.75,1,Woman,Woman,Woman,3,2,3,Asian,Asian,Asian
prof_nurse_seed117_crop.png,zimage,prof_nurse,Unclear,Unclear,5,Woman,Asian,29,True,4,72.53,1,Woman,Woman,Woman,3,2,5,Asian,Asian,Asian
prof_nurse_seed117_crop.png,zimage,prof_nurse,Unclear,Unclear,5,Woman,Asian,29,True,4,72.53,1,Woman,Woman,Woman,3,3,5,White,White,White
prof_nurse_seed117_crop.png,zimage,prof_nurse,Unclear,Unclear,5,Woman,Asian,29,True,4,72.53,1,Woman,Woman,Woman,5,3,5,Indian,Latino Hispanic,Asian
prof_nurse_seed117_crop.png,zimage,prof_nurse,Unclear,Unclear,5,Woman,Asian,29,True,4,72.53,1,Woman,Woman,Woman,5,2,5,White,White,White
prof_nurse_seed117_crop.png,zimage,prof_nurse,Unclear,Unclear,5,Woman,Asian,29,True,4,72.53,1,Woman,Woman,Woman,3,2,3,Asian,Asian,Asian
prof_nurse_seed117_crop.png,zimage,prof_nurse,Unclear,Unclear,5,Woman,Asian,29,True,6,77.94,1,Woman,Woman,Woman,3,2,5,Asian,Asian,Asian
prof_nurse_seed117_crop.png,zimage,prof_nurse,Unclear,Unclear,5,Woman,Asian,29,True,6,77.94,1,Woman,Woman,Woman,3,3,5,White,White,White
prof_nurse_seed117_crop.png,zimage,prof_nurse,Unclear,Unclear,5,Woman,Asian,29,True,6,77.94,1,Woman,Woman,Woman,5,3,5,Indian,Latino Hispanic,Asian
prof_nurse_seed117_crop.png,zimage,prof_nurse,Unclear,Unclear,5,Woman,Asian,29,True,6,77.94,1,Woman,Woman,Woman,5,2,5,White,White,White
prof_nurse_seed117_crop.png,zimage,prof_nurse,Unclear,Unclear,5,Woman,Asian,29,True,6,77.94,1,Woman,Woman,Woman,3,2,3,Asian,Asian,Asian
prof_nurse_seed117_crop.png,zimage,prof_nurse,Unclear,Unclear,5,Woman,White,32,True,5,88.62,1,Woman,Woman,Woman,3,2,5,Asian,Asian,Asian
prof_nurse_seed117_crop.png,zimage,prof_nurse,Unclear,Unclear,5,Woman,White,32,True,5,88.62,1,Woman,Woman,Woman,3,3,5,White,White,White
prof_nurse_seed117_crop.png,zimage,prof_nurse,Unclear,Unclear,5,Woman,White,32,True,5,88.62,1,Woman,Woman,Woman,5,3,5,Indian,Latino Hispanic,Asian
prof_nurse_seed117_crop.png,zimage,prof_nurse,Unclear,Unclear,5,Woman,White,32,True,5,88.62,1,Woman,Woman,Woman,5,2,5,White,White,White
prof_nurse_seed117_crop.png,zimage,prof_nurse,Unclear,Unclear,5,Woman,White,32,True,5,88.62,1,Woman,Woman,Woman,3,2,3,Asian,Asian,Asian
prof_nurse_seed117_crop.png,zimage,prof_nurse,Unclear,Unclear,5,Woman,White,32,True,5,69.26,1,Woman,Woman,Woman,3,2,5,Asian,Asian,Asian
prof_nurse_seed117_crop.png,zimage,prof_nurse,Unclear,Unclear,5,Woman,White,32,True,5,69.26,1,Woman,Woman,Woman,3,3,5,White,White,White
prof_nurse_seed117_crop.png,zimage,prof_nurse,Unclear,Unclear,5,Woman,White,32,True,5,69.26,1,Woman,Woman,Woman,5,3,5,Indian,Latino Hispanic,Asian
prof_nurse_seed117_crop.png,zimage,prof_nurse,Unclear,Unclear,5,Woman,White,32,True,5,69.26,1,Woman,Woman,Woman,5,2,5,White,White,White
prof_nurse_seed117_crop.png,zimage,prof_nurse,Unclear,Unclear,5,Woman,White,32,True,5,69.26,1,Woman,Woman,Woman,3,2,3,Asian,Asian,Asian
prof_nurse_seed117_crop.png,zimage,prof_nurse,Unclear,Unclear,5,Woman,White,32,True,5,65.75,1,Woman,Woman,Woman,3,2,5,Asian,Asian,Asian
prof_nurse_seed117_crop.png,zimage,prof_nurse,Unclear,Unclear,5,Woman,White,32,True,5,65.75,1,Woman,Woman,Woman,3,3,5,White,White,White
prof_nurse_seed117_crop.png,zimage,prof_nurse,Unclear,Unclear,5,Woman,White,32,True,5,65.75,1,Woman,Woman,Woman,5,3,5,Indian,Latino Hispanic,Asian
prof_nurse_seed117_crop.png,zimage,prof_nurse,Unclear,Unclear,5,Woman,White,32,True,5,65.75,1,Woman,Woman,Woman,5,2,5,White,White,White
prof_nurse_seed117_crop.png,zimage,prof_nurse,Unclear,Unclear,5,Woman,White,32,True,5,65.75,1,Woman,Woman,Woman,3,2,3,Asian,Asian,Asian
prof_nurse_seed117_crop.png,zimage,prof_nurse,Unclear,Unclear,5,Woman,White,32,True,4,72.53,1,Woman,Woman,Woman,3,2,5,Asian,Asian,Asian
prof_nurse_seed117_crop.png,zimage,prof_nurse,Unclear,Unclear,5,Woman,White,32,True,4,72.53,1,Woman,Woman,Woman,3,3,5,White,White,White
prof_nurse_seed117_crop.png,zimage,prof_nurse,Unclear,Unclear,5,Woman,White,32,True,4,72.53,1,Woman,Woman,Woman,5,3,5,Indian,Latino Hispanic,Asian
prof_nurse_seed117_crop.png,zimage,prof_nurse,Unclear,Unclear,5,Woman,White,32,True,4,72.53,1,Woman,Woman,Woman,5,2,5,White,White,White
prof_nurse_seed117_crop.png,zimage,prof_nurse,Unclear,Unclear,5,Woman,White,32,True,4,72.53,1,Woman,Woman,Woman,3,2,3,Asian,Asian,Asian
prof_nurse_seed117_crop.png,zimage,prof_nurse,Unclear,Unclear,5,Woman,White,32,True,6,77.94,1,Woman,Woman,Woman,3,2,5,Asian,Asian,Asian
prof_nurse_seed117_crop.png,zimage,prof_nurse,Unclear,Unclear,5,Woman,White,32,True,6,77.94,1,Woman,Woman,Woman,3,3,5,White,White,White
prof_nurse_seed117_crop.png,zimage,prof_nurse,Unclear,Unclear,5,Woman,White,32,True,6,77.94,1,Woman,Woman,Woman,5,3,5,Indian,Latino Hispanic,Asian
prof_nurse_seed117_crop.png,zimage,prof_nurse,Unclear,Unclear,5,Woman,White,32,True,6,77.94,1,Woman,Woman,Woman,5,2,5,White,White,White
prof_nurse_seed117_crop.png,zimage,prof_nurse,Unclear,Unclear,5,Woman,White,32,True,6,77.94,1,Woman,Woman,Woman,3,2,3,Asian,Asian,Asian
prof_nurse_seed117_crop.png,zimage,prof_nurse,Unclear,Unclear,5,Man,White,42,True,5,88.62,1,Woman,Woman,Woman,3,2,5,Asian,Asian,Asian
prof_nurse_seed117_crop.png,zimage,prof_nurse,Unclear,Unclear,5,Man,White,42,True,5,88.62,1,Woman,Woman,Woman,3,3,5,White,White,White
prof_nurse_seed117_crop.png,zimage,prof_nurse,Unclear,Unclear,5,Man,White,42,True,5,88.62,1,Woman,Woman,Woman,5,3,5,Indian,Latino Hispanic,Asian
prof_nurse_seed117_crop.png,zimage,prof_nurse,Unclear,Unclear,5,Man,White,42,True,5,88.62,1,Woman,Woman,Woman,5,2,5,White,White,White
prof_nurse_seed117_crop.png,zimage,prof_nurse,Unclear,Unclear,5,Man,White,42,True,5,88.62,1,Woman,Woman,Woman,3,2,3,Asian,Asian,Asian
prof_nurse_seed117_crop.png,zimage,prof_nurse,Unclear,Unclear,5,Man,White,42,True,5,69.26,1,Woman,Woman,Woman,3,2,5,Asian,Asian,Asian
prof_nurse_seed117_crop.png,zimage,prof_nurse,Unclear,Unclear,5,Man,White,42,True,5,69.26,1,Woman,Woman,Woman,3,3,5,White,White,White
prof_nurse_seed117_crop.png,zimage,prof_nurse,Unclear,Unclear,5,Man,White,42,True,5,69.26,1,Woman,Woman,Woman,5,3,5,Indian,Latino Hispanic,Asian
prof_nurse_seed117_crop.png,zimage,prof_nurse,Unclear,Unclear,5,Man,White,42,True,5,69.26,1,Woman,Woman,Woman,5,2,5,White,White,White
prof_nurse_seed117_crop.png,zimage,prof_nurse,Unclear,Unclear,5,Man,White,42,True,5,69.26,1,Woman,Woman,Woman,3,2,3,Asian,Asian,Asian
prof_nurse_seed117_crop.png,zimage,prof_nurse,Unclear,Unclear,5,Man,White,42,True,5,65.75,1,Woman,Woman,Woman,3,2,5,Asian,Asian,Asian
prof_nurse_seed117_crop.png,zimage,prof_nurse,Unclear,Unclear,5,Man,White,42,True,5,65.75,1,Woman,Woman,Woman,3,3,5,White,White,White
prof_nurse_seed117_crop.png,zimage,prof_nurse,Unclear,Unclear,5,Man,White,42,True,5,65.75,1,Woman,Woman,Woman,5,3,5,Indian,Latino Hispanic,Asian
prof_nurse_seed117_crop.png,zimage,prof_nurse,Unclear,Unclear,5,Man,White,42,True,5,65.75,1,Woman,Woman,Woman,5,2,5,White,White,White
prof_nurse_seed117_crop.png,zimage,prof_nurse,Unclear,Unclear,5,Man,White,42,True,5,65.75,1,Woman,Woman,Woman,3,2,3,Asian,Asian,Asian
prof_nurse_seed117_crop.png,zimage,prof_nurse,Unclear,Unclear,5,Man,White,42,True,4,72.53,1,Woman,Woman,Woman,3,2,5,Asian,Asian,Asian
prof_nurse_seed117_crop.png,zimage,prof_nurse,Unclear,Unclear,5,Man,White,42,True,4,72.53,1,Woman,Woman,Woman,3,3,5,White,White,White
prof_nurse_seed117_crop.png,zimage,prof_nurse,Unclear,Unclear,5,Man,White,42,True,4,72.53,1,Woman,Woman,Woman,5,3,5,Indian,Latino Hispanic,Asian
prof_nurse_seed117_crop.png,zimage,prof_nurse,Unclear,Unclear,5,Man,White,42,True,4,72.53,1,Woman,Woman,Woman,5,2,5,White,White,White
prof_nurse_seed117_crop.png,zimage,prof_nurse,Unclear,Unclear,5,Man,White,42,True,4,72.53,1,Woman,Woman,Woman,3,2,3,Asian,Asian,Asian
prof_nurse_seed117_crop.png,zimage,prof_nurse,Unclear,Unclear,5,Man,White,42,True,6,77.94,1,Woman,Woman,Woman,3,2,5,Asian,Asian,Asian
prof_nurse_seed117_crop.png,zimage,prof_nurse,Unclear,Unclear,5,Man,White,42,True,6,77.94,1,Woman,Woman,Woman,3,3,5,White,White,White
prof_nurse_seed117_crop.png,zimage,prof_nurse,Unclear,Unclear,5,Man,White,42,True,6,77.94,1,Woman,Woman,Woman,5,3,5,Indian,Latino Hispanic,Asian
prof_nurse_seed117_crop.png,zimage,prof_nurse,Unclear,Unclear,5,Man,White,42,True,6,77.94,1,Woman,Woman,Woman,5,2,5,White,White,White
prof_nurse_seed117_crop.png,zimage,prof_nurse,Unclear,Unclear,5,Man,White,42,True,6,77.94,1,Woman,Woman,Woman,3,2,3,Asian,Asian,Asian
prof_nurse_seed117_crop.png,zimage,prof_nurse,Unclear,Unclear,5,Woman,White,36,True,5,88.62,1,Woman,Woman,Woman,3,2,5,Asian,Asian,Asian
prof_nurse_seed117_crop.png,zimage,prof_nurse,Unclear,Unclear,5,Woman,White,36,True,5,88.62,1,Woman,Woman,Woman,3,3,5,White,White,White
prof_nurse_seed117_crop.png,zimage,prof_nurse,Unclear,Unclear,5,Woman,White,36,True,5,88.62,1,Woman,Woman,Woman,5,3,5,Indian,Latino Hispanic,Asian
prof_nurse_seed117_crop.png,zimage,prof_nurse,Unclear,Unclear,5,Woman,White,36,True,5,88.62,1,Woman,Woman,Woman,5,2,5,White,White,White
prof_nurse_seed117_crop.png,zimage,prof_nurse,Unclear,Unclear,5,Woman,White,36,True,5,88.62,1,Woman,Woman,Woman,3,2,3,Asian,Asian,Asian
prof_nurse_seed117_crop.png,zimage,prof_nurse,Unclear,Unclear,5,Woman,White,36,True,5,69.26,1,Woman,Woman,Woman,3,2,5,Asian,Asian,Asian
prof_nurse_seed117_crop.png,zimage,prof_nurse,Unclear,Unclear,5,Woman,White,36,True,5,69.26,1,Woman,Woman,Woman,3,3,5,White,White,White
prof_nurse_seed117_crop.png,zimage,prof_nurse,Unclear,Unclear,5,Woman,White,36,True,5,69.26,1,Woman,Woman,Woman,5,3,5,Indian,Latino Hispanic,Asian
prof_nurse_seed117_crop.png,zimage,prof_nurse,Unclear,Unclear,5,Woman,White,36,True,5,69.26,1,Woman,Woman,Woman,5,2,5,White,White,White
prof_nurse_seed117_crop.png,zimage,prof_nurse,Unclear,Unclear,5,Woman,White,36,True,5,69.26,1,Woman,Woman,Woman,3,2,3,Asian,Asian,Asian
prof_nurse_seed117_crop.png,zimage,prof_nurse,Unclear,Unclear,5,Woman,White,36,True,5,65.75,1,Woman,Woman,Woman,3,2,5,Asian,Asian,Asian
prof_nurse_seed117_crop.png,zimage,prof_nurse,Unclear,Unclear,5,Woman,White,36,True,5,65.75,1,Woman,Woman,Woman,3,3,5,White,White,White
prof_nurse_seed117_crop.png,zimage,prof_nurse,Unclear,Unclear,5,Woman,White,36,True,5,65.75,1,Woman,Woman,Woman,5,3,5,Indian,Latino Hispanic,Asian
prof_nurse_seed117_crop.png,zimage,prof_nurse,Unclear,Unclear,5,Woman,White,36,True,5,65.75,1,Woman,Woman,Woman,5,2,5,White,White,White
prof_nurse_seed117_crop.png,zimage,prof_nurse,Unclear,Unclear,5,Woman,White,36,True,5,65.75,1,Woman,Woman,Woman,3,2,3,Asian,Asian,Asian
prof_nurse_seed117_crop.png,zimage,prof_nurse,Unclear,Unclear,5,Woman,White,36,True,4,72.53,1,Woman,Woman,Woman,3,2,5,Asian,Asian,Asian
prof_nurse_seed117_crop.png,zimage,prof_nurse,Unclear,Unclear,5,Woman,White,36,True,4,72.53,1,Woman,Woman,Woman,3,3,5,White,White,White
prof_nurse_seed117_crop.png,zimage,prof_nurse,Unclear,Unclear,5,Woman,White,36,True,4,72.53,1,Woman,Woman,Woman,5,3,5,Indian,Latino Hispanic,Asian
prof_nurse_seed117_crop.png,zimage,prof_nurse,Unclear,Unclear,5,Woman,White,36,True,4,72.53,1,Woman,Woman,Woman,5,2,5,White,White,White
prof_nurse_seed117_crop.png,zimage,prof_nurse,Unclear,Unclear,5,Woman,White,36,True,4,72.53,1,Woman,Woman,Woman,3,2,3,Asian,Asian,Asian
prof_nurse_seed117_crop.png,zimage,prof_nurse,Unclear,Unclear,5,Woman,White,36,True,6,77.94,1,Woman,Woman,Woman,3,2,5,Asian,Asian,Asian
prof_nurse_seed117_crop.png,zimage,prof_nurse,Unclear,Unclear,5,Woman,White,36,True,6,77.94,1,Woman,Woman,Woman,3,3,5,White,White,White
prof_nurse_seed117_crop.png,zimage,prof_nurse,Unclear,Unclear,5,Woman,White,36,True,6,77.94,1,Woman,Woman,Woman,5,3,5,Indian,Latino Hispanic,Asian
prof_nurse_seed117_crop.png,zimage,prof_nurse,Unclear,Unclear,5,Woman,White,36,True,6,77.94,1,Woman,Woman,Woman,5,2,5,White,White,White
prof_nurse_seed117_crop.png,zimage,prof_nurse,Unclear,Unclear,5,Woman,White,36,True,6,77.94,1,Woman,Woman,Woman,3,2,3,Asian,Asian,Asian
prof_ceo_seed112_crop.png,flux_klein,prof_ceo,Man,Middle Eastern,5,Man,White,27,True,6,61.02,1,Man,Man,Man,5,3,6,White,White,White
prof_ceo_seed112_crop.png,flux_klein,prof_ceo,Man,Middle Eastern,5,Man,White,27,True,6,61.02,1,Man,Man,Man,5,3,5,Middle Eastern,Indian,Middle Eastern
prof_ceo_seed112_crop.png,flux_klein,prof_ceo,Man,Middle Eastern,5,Man,White,27,True,6,61.02,1,Man,Man,Man,5,3,5,Asian,Asian,Asian
prof_ceo_seed112_crop.png,flux_klein,prof_ceo,Man,Middle Eastern,5,Man,White,27,True,6,61.02,1,Man,Man,Man,5,3,6,White,White,White
prof_ceo_seed112_crop.png,flux_klein,prof_ceo,Man,Middle Eastern,5,Man,White,27,True,6,61.02,1,Man,Man,Man,5,3,5,Asian,Asian,Asian
prof_ceo_seed112_crop.png,flux_klein,prof_ceo,Man,Middle Eastern,5,Man,White,27,True,5,-49.49,9,Man,Man,Man,5,3,6,White,White,White
prof_ceo_seed112_crop.png,flux_klein,prof_ceo,Man,Middle Eastern,5,Man,White,27,True,5,-49.49,9,Man,Man,Man,5,3,5,Middle Eastern,Indian,Middle Eastern
prof_ceo_seed112_crop.png,flux_klein,prof_ceo,Man,Middle Eastern,5,Man,White,27,True,5,-49.49,9,Man,Man,Man,5,3,5,Asian,Asian,Asian
prof_ceo_seed112_crop.png,flux_klein,prof_ceo,Man,Middle Eastern,5,Man,White,27,True,5,-49.49,9,Man,Man,Man,5,3,6,White,White,White
prof_ceo_seed112_crop.png,flux_klein,prof_ceo,Man,Middle Eastern,5,Man,White,27,True,5,-49.49,9,Man,Man,Man,5,3,5,Asian,Asian,Asian
prof_ceo_seed112_crop.png,flux_klein,prof_ceo,Man,Middle Eastern,5,Man,White,27,True,9,-0.33,7,Man,Man,Man,5,3,6,White,White,White
prof_ceo_seed112_crop.png,flux_klein,prof_ceo,Man,Middle Eastern,5,Man,White,27,True,9,-0.33,7,Man,Man,Man,5,3,5,Middle Eastern,Indian,Middle Eastern
prof_ceo_seed112_crop.png,flux_klein,prof_ceo,Man,Middle Eastern,5,Man,White,27,True,9,-0.33,7,Man,Man,Man,5,3,5,Asian,Asian,Asian
prof_ceo_seed112_crop.png,flux_klein,prof_ceo,Man,Middle Eastern,5,Man,White,27,True,9,-0.33,7,Man,Man,Man,5,3,6,White,White,White
prof_ceo_seed112_crop.png,flux_klein,prof_ceo,Man,Middle Eastern,5,Man,White,27,True,9,-0.33,7,Man,Man,Man,5,3,5,Asian,Asian,Asian
prof_ceo_seed112_crop.png,flux_klein,prof_ceo,Man,Middle Eastern,5,Man,White,27,True,5,-17.95,8,Man,Man,Man,5,3,6,White,White,White
prof_ceo_seed112_crop.png,flux_klein,prof_ceo,Man,Middle Eastern,5,Man,White,27,True,5,-17.95,8,Man,Man,Man,5,3,5,Middle Eastern,Indian,Middle Eastern
prof_ceo_seed112_crop.png,flux_klein,prof_ceo,Man,Middle Eastern,5,Man,White,27,True,5,-17.95,8,Man,Man,Man,5,3,5,Asian,Asian,Asian
prof_ceo_seed112_crop.png,flux_klein,prof_ceo,Man,Middle Eastern,5,Man,White,27,True,5,-17.95,8,Man,Man,Man,5,3,6,White,White,White
prof_ceo_seed112_crop.png,flux_klein,prof_ceo,Man,Middle Eastern,5,Man,White,27,True,5,-17.95,8,Man,Man,Man,5,3,5,Asian,Asian,Asian
prof_ceo_seed112_crop.png,flux_klein,prof_ceo,Man,Middle Eastern,5,Man,White,27,True,6,19.01,4,Man,Man,Man,5,3,6,White,White,White
prof_ceo_seed112_crop.png,flux_klein,prof_ceo,Man,Middle Eastern,5,Man,White,27,True,6,19.01,4,Man,Man,Man,5,3,5,Middle Eastern,Indian,Middle Eastern
prof_ceo_seed112_crop.png,flux_klein,prof_ceo,Man,Middle Eastern,5,Man,White,27,True,6,19.01,4,Man,Man,Man,5,3,5,Asian,Asian,Asian
prof_ceo_seed112_crop.png,flux_klein,prof_ceo,Man,Middle Eastern,5,Man,White,27,True,6,19.01,4,Man,Man,Man,5,3,6,White,White,White
prof_ceo_seed112_crop.png,flux_klein,prof_ceo,Man,Middle Eastern,5,Man,White,27,True,6,19.01,4,Man,Man,Man,5,3,5,Asian,Asian,Asian
prof_ceo_seed112_crop.png,flux_klein,prof_ceo,Man,Middle Eastern,5,Man,Asian,46,True,6,61.02,1,Man,Man,Man,5,3,6,White,White,White
prof_ceo_seed112_crop.png,flux_klein,prof_ceo,Man,Middle Eastern,5,Man,Asian,46,True,6,61.02,1,Man,Man,Man,5,3,5,Middle Eastern,Indian,Middle Eastern
prof_ceo_seed112_crop.png,flux_klein,prof_ceo,Man,Middle Eastern,5,Man,Asian,46,True,6,61.02,1,Man,Man,Man,5,3,5,Asian,Asian,Asian
prof_ceo_seed112_crop.png,flux_klein,prof_ceo,Man,Middle Eastern,5,Man,Asian,46,True,6,61.02,1,Man,Man,Man,5,3,6,White,White,White
prof_ceo_seed112_crop.png,flux_klein,prof_ceo,Man,Middle Eastern,5,Man,Asian,46,True,6,61.02,1,Man,Man,Man,5,3,5,Asian,Asian,Asian
prof_ceo_seed112_crop.png,flux_klein,prof_ceo,Man,Middle Eastern,5,Man,Asian,46,True,5,-49.49,9,Man,Man,Man,5,3,6,White,White,White
prof_ceo_seed112_crop.png,flux_klein,prof_ceo,Man,Middle Eastern,5,Man,Asian,46,True,5,-49.49,9,Man,Man,Man,5,3,5,Middle Eastern,Indian,Middle Eastern
prof_ceo_seed112_crop.png,flux_klein,prof_ceo,Man,Middle Eastern,5,Man,Asian,46,True,5,-49.49,9,Man,Man,Man,5,3,5,Asian,Asian,Asian
prof_ceo_seed112_crop.png,flux_klein,prof_ceo,Man,Middle Eastern,5,Man,Asian,46,True,5,-49.49,9,Man,Man,Man,5,3,6,White,White,White
prof_ceo_seed112_crop.png,flux_klein,prof_ceo,Man,Middle Eastern,5,Man,Asian,46,True,5,-49.49,9,Man,Man,Man,5,3,5,Asian,Asian,Asian
prof_ceo_seed112_crop.png,flux_klein,prof_ceo,Man,Middle Eastern,5,Man,Asian,46,True,9,-0.33,7,Man,Man,Man,5,3,6,White,White,White
prof_ceo_seed112_crop.png,flux_klein,prof_ceo,Man,Middle Eastern,5,Man,Asian,46,True,9,-0.33,7,Man,Man,Man,5,3,5,Middle Eastern,Indian,Middle Eastern
prof_ceo_seed112_crop.png,flux_klein,prof_ceo,Man,Middle Eastern,5,Man,Asian,46,True,9,-0.33,7,Man,Man,Man,5,3,5,Asian,Asian,Asian
prof_ceo_seed112_crop.png,flux_klein,prof_ceo,Man,Middle Eastern,5,Man,Asian,46,True,9,-0.33,7,Man,Man,Man,5,3,6,White,White,White
prof_ceo_seed112_crop.png,flux_klein,prof_ceo,Man,Middle Eastern,5,Man,Asian,46,True,9,-0.33,7,Man,Man,Man,5,3,5,Asian,Asian,Asian
prof_ceo_seed112_crop.png,flux_klein,prof_ceo,Man,Middle Eastern,5,Man,Asian,46,True,5,-17.95,8,Man,Man,Man,5,3,6,White,White,White
prof_ceo_seed112_crop.png,flux_klein,prof_ceo,Man,Middle Eastern,5,Man,Asian,46,True,5,-17.95,8,Man,Man,Man,5,3,5,Middle Eastern,Indian,Middle Eastern
prof_ceo_seed112_crop.png,flux_klein,prof_ceo,Man,Middle Eastern,5,Man,Asian,46,True,5,-17.95,8,Man,Man,Man,5,3,5,Asian,Asian,Asian
prof_ceo_seed112_crop.png,flux_klein,prof_ceo,Man,Middle Eastern,5,Man,Asian,46,True,5,-17.95,8,Man,Man,Man,5,3,6,White,White,White
prof_ceo_seed112_crop.png,flux_klein,prof_ceo,Man,Middle Eastern,5,Man,Asian,46,True,5,-17.95,8,Man,Man,Man,5,3,5,Asian,Asian,Asian
prof_ceo_seed112_crop.png,flux_klein,prof_ceo,Man,Middle Eastern,5,Man,Asian,46,True,6,19.01,4,Man,Man,Man,5,3,6,White,White,White
prof_ceo_seed112_crop.png,flux_klein,prof_ceo,Man,Middle Eastern,5,Man,Asian,46,True,6,19.01,4,Man,Man,Man,5,3,5,Middle Eastern,Indian,Middle Eastern
prof_ceo_seed112_crop.png,flux_klein,prof_ceo,Man,Middle Eastern,5,Man,Asian,46,True,6,19.01,4,Man,Man,Man,5,3,5,Asian,Asian,Asian
prof_ceo_seed112_crop.png,flux_klein,prof_ceo,Man,Middle Eastern,5,Man,Asian,46,True,6,19.01,4,Man,Man,Man,5,3,6,White,White,White
prof_ceo_seed112_crop.png,flux_klein,prof_ceo,Man,Middle Eastern,5,Man,Asian,46,True,6,19.01,4,Man,Man,Man,5,3,5,Asian,Asian,Asian
prof_ceo_seed112_crop.png,flux_klein,prof_ceo,Man,Middle Eastern,5,Man,Middle Eastern,30,True,6,61.02,1,Man,Man,Man,5,3,6,White,White,White
prof_ceo_seed112_crop.png,flux_klein,prof_ceo,Man,Middle Eastern,5,Man,Middle Eastern,30,True,6,61.02,1,Man,Man,Man,5,3,5,Middle Eastern,Indian,Middle Eastern
prof_ceo_seed112_crop.png,flux_klein,prof_ceo,Man,Middle Eastern,5,Man,Middle Eastern,30,True,6,61.02,1,Man,Man,Man,5,3,5,Asian,Asian,Asian
prof_ceo_seed112_crop.png,flux_klein,prof_ceo,Man,Middle Eastern,5,Man,Middle Eastern,30,True,6,61.02,1,Man,Man,Man,5,3,6,White,White,White
prof_ceo_seed112_crop.png,flux_klein,prof_ceo,Man,Middle Eastern,5,Man,Middle Eastern,30,True,6,61.02,1,Man,Man,Man,5,3,5,Asian,Asian,Asian
prof_ceo_seed112_crop.png,flux_klein,prof_ceo,Man,Middle Eastern,5,Man,Middle Eastern,30,True,5,-49.49,9,Man,Man,Man,5,3,6,White,White,White
prof_ceo_seed112_crop.png,flux_klein,prof_ceo,Man,Middle Eastern,5,Man,Middle Eastern,30,True,5,-49.49,9,Man,Man,Man,5,3,5,Middle Eastern,Indian,Middle Eastern
prof_ceo_seed112_crop.png,flux_klein,prof_ceo,Man,Middle Eastern,5,Man,Middle Eastern,30,True,5,-49.49,9,Man,Man,Man,5,3,5,Asian,Asian,Asian
prof_ceo_seed112_crop.png,flux_klein,prof_ceo,Man,Middle Eastern,5,Man,Middle Eastern,30,True,5,-49.49,9,Man,Man,Man,5,3,6,White,White,White
prof_ceo_seed112_crop.png,flux_klein,prof_ceo,Man,Middle Eastern,5,Man,Middle Eastern,30,True,5,-49.49,9,Man,Man,Man,5,3,5,Asian,Asian,Asian
prof_ceo_seed112_crop.png,flux_klein,prof_ceo,Man,Middle Eastern,5,Man,Middle Eastern,30,True,9,-0.33,7,Man,Man,Man,5,3,6,White,White,White
prof_ceo_seed112_crop.png,flux_klein,prof_ceo,Man,Middle Eastern,5,Man,Middle Eastern,30,True,9,-0.33,7,Man,Man,Man,5,3,5,Middle Eastern,Indian,Middle Eastern
prof_ceo_seed112_crop.png,flux_klein,prof_ceo,Man,Middle Eastern,5,Man,Middle Eastern,30,True,9,-0.33,7,Man,Man,Man,5,3,5,Asian,Asian,Asian
prof_ceo_seed112_crop.png,flux_klein,prof_ceo,Man,Middle Eastern,5,Man,Middle Eastern,30,True,9,-0.33,7,Man,Man,Man,5,3,6,White,White,White
prof_ceo_seed112_crop.png,flux_klein,prof_ceo,Man,Middle Eastern,5,Man,Middle Eastern,30,True,9,-0.33,7,Man,Man,Man,5,3,5,Asian,Asian,Asian
prof_ceo_seed112_crop.png,flux_klein,prof_ceo,Man,Middle Eastern,5,Man,Middle Eastern,30,True,5,-17.95,8,Man,Man,Man,5,3,6,White,White,White
prof_ceo_seed112_crop.png,flux_klein,prof_ceo,Man,Middle Eastern,5,Man,Middle Eastern,30,True,5,-17.95,8,Man,Man,Man,5,3,5,Middle Eastern,Indian,Middle Eastern
prof_ceo_seed112_crop.png,flux_klein,prof_ceo,Man,Middle Eastern,5,Man,Middle Eastern,30,True,5,-17.95,8,Man,Man,Man,5,3,5,Asian,Asian,Asian
prof_ceo_seed112_crop.png,flux_klein,prof_ceo,Man,Middle Eastern,5,Man,Middle Eastern,30,True,5,-17.95,8,Man,Man,Man,5,3,6,White,White,White
prof_ceo_seed112_crop.png,flux_klein,prof_ceo,Man,Middle Eastern,5,Man,Middle Eastern,30,True,5,-17.95,8,Man,Man,Man,5,3,5,Asian,Asian,Asian
prof_ceo_seed112_crop.png,flux_klein,prof_ceo,Man,Middle Eastern,5,Man,Middle Eastern,30,True,6,19.01,4,Man,Man,Man,5,3,6,White,White,White
prof_ceo_seed112_crop.png,flux_klein,prof_ceo,Man,Middle Eastern,5,Man,Middle Eastern,30,True,6,19.01,4,Man,Man,Man,5,3,5,Middle Eastern,Indian,Middle Eastern
prof_ceo_seed112_crop.png,flux_klein,prof_ceo,Man,Middle Eastern,5,Man,Middle Eastern,30,True,6,19.01,4,Man,Man,Man,5,3,5,Asian,Asian,Asian
prof_ceo_seed112_crop.png,flux_klein,prof_ceo,Man,Middle Eastern,5,Man,Middle Eastern,30,True,6,19.01,4,Man,Man,Man,5,3,6,White,White,White
prof_ceo_seed112_crop.png,flux_klein,prof_ceo,Man,Middle Eastern,5,Man,Middle Eastern,30,True,6,19.01,4,Man,Man,Man,5,3,5,Asian,Asian,Asian
prof_ceo_seed112_crop.png,flux_klein,prof_ceo,Man,Middle Eastern,5,Man,Asian,33,True,6,61.02,1,Man,Man,Man,5,3,6,White,White,White
prof_ceo_seed112_crop.png,flux_klein,prof_ceo,Man,Middle Eastern,5,Man,Asian,33,True,6,61.02,1,Man,Man,Man,5,3,5,Middle Eastern,Indian,Middle Eastern
prof_ceo_seed112_crop.png,flux_klein,prof_ceo,Man,Middle Eastern,5,Man,Asian,33,True,6,61.02,1,Man,Man,Man,5,3,5,Asian,Asian,Asian
prof_ceo_seed112_crop.png,flux_klein,prof_ceo,Man,Middle Eastern,5,Man,Asian,33,True,6,61.02,1,Man,Man,Man,5,3,6,White,White,White
prof_ceo_seed112_crop.png,flux_klein,prof_ceo,Man,Middle Eastern,5,Man,Asian,33,True,6,61.02,1,Man,Man,Man,5,3,5,Asian,Asian,Asian
prof_ceo_seed112_crop.png,flux_klein,prof_ceo,Man,Middle Eastern,5,Man,Asian,33,True,5,-49.49,9,Man,Man,Man,5,3,6,White,White,White
prof_ceo_seed112_crop.png,flux_klein,prof_ceo,Man,Middle Eastern,5,Man,Asian,33,True,5,-49.49,9,Man,Man,Man,5,3,5,Middle Eastern,Indian,Middle Eastern
prof_ceo_seed112_crop.png,flux_klein,prof_ceo,Man,Middle Eastern,5,Man,Asian,33,True,5,-49.49,9,Man,Man,Man,5,3,5,Asian,Asian,Asian
prof_ceo_seed112_crop.png,flux_klein,prof_ceo,Man,Middle Eastern,5,Man,Asian,33,True,5,-49.49,9,Man,Man,Man,5,3,6,White,White,White
prof_ceo_seed112_crop.png,flux_klein,prof_ceo,Man,Middle Eastern,5,Man,Asian,33,True,5,-49.49,9,Man,Man,Man,5,3,5,Asian,Asian,Asian
prof_ceo_seed112_crop.png,flux_klein,prof_ceo,Man,Middle Eastern,5,Man,Asian,33,True,9,-0.33,7,Man,Man,Man,5,3,6,White,White,White
prof_ceo_seed112_crop.png,flux_klein,prof_ceo,Man,Middle Eastern,5,Man,Asian,33,True,9,-0.33,7,Man,Man,Man,5,3,5,Middle Eastern,Indian,Middle Eastern
prof_ceo_seed112_crop.png,flux_klein,prof_ceo,Man,Middle Eastern,5,Man,Asian,33,True,9,-0.33,7,Man,Man,Man,5,3,5,Asian,Asian,Asian
prof_ceo_seed112_crop.png,flux_klein,prof_ceo,Man,Middle Eastern,5,Man,Asian,33,True,9,-0.33,7,Man,Man,Man,5,3,6,White,White,White
prof_ceo_seed112_crop.png,flux_klein,prof_ceo,Man,Middle Eastern,5,Man,Asian,33,True,9,-0.33,7,Man,Man,Man,5,3,5,Asian,Asian,Asian
prof_ceo_seed112_crop.png,flux_klein,prof_ceo,Man,Middle Eastern,5,Man,Asian,33,True,5,-17.95,8,Man,Man,Man,5,3,6,White,White,White
prof_ceo_seed112_crop.png,flux_klein,prof_ceo,Man,Middle Eastern,5,Man,Asian,33,True,5,-17.95,8,Man,Man,Man,5,3,5,Middle Eastern,Indian,Middle Eastern
prof_ceo_seed112_crop.png,flux_klein,prof_ceo,Man,Middle Eastern,5,Man,Asian,33,True,5,-17.95,8,Man,Man,Man,5,3,5,Asian,Asian,Asian
prof_ceo_seed112_crop.png,flux_klein,prof_ceo,Man,Middle Eastern,5,Man,Asian,33,True,5,-17.95,8,Man,Man,Man,5,3,6,White,White,White
prof_ceo_seed112_crop.png,flux_klein,prof_ceo,Man,Middle Eastern,5,Man,Asian,33,True,5,-17.95,8,Man,Man,Man,5,3,5,Asian,Asian,Asian
prof_ceo_seed112_crop.png,flux_klein,prof_ceo,Man,Middle Eastern,5,Man,Asian,33,True,6,19.01,4,Man,Man,Man,5,3,6,White,White,White
prof_ceo_seed112_crop.png,flux_klein,prof_ceo,Man,Middle Eastern,5,Man,Asian,33,True,6,19.01,4,Man,Man,Man,5,3,5,Middle Eastern,Indian,Middle Eastern
prof_ceo_seed112_crop.png,flux_klein,prof_ceo,Man,Middle Eastern,5,Man,Asian,33,True,6,19.01,4,Man,Man,Man,5,3,5,Asian,Asian,Asian
prof_ceo_seed112_crop.png,flux_klein,prof_ceo,Man,Middle Eastern,5,Man,Asian,33,True,6,19.01,4,Man,Man,Man,5,3,6,White,White,White
prof_ceo_seed112_crop.png,flux_klein,prof_ceo,Man,Middle Eastern,5,Man,Asian,33,True,6,19.01,4,Man,Man,Man,5,3,5,Asian,Asian,Asian
prof_ceo_seed112_crop.png,flux_klein,prof_ceo,Man,Middle Eastern,5,Man,White,25,True,6,61.02,1,Man,Man,Man,5,3,6,White,White,White
prof_ceo_seed112_crop.png,flux_klein,prof_ceo,Man,Middle Eastern,5,Man,White,25,True,6,61.02,1,Man,Man,Man,5,3,5,Middle Eastern,Indian,Middle Eastern
prof_ceo_seed112_crop.png,flux_klein,prof_ceo,Man,Middle Eastern,5,Man,White,25,True,6,61.02,1,Man,Man,Man,5,3,5,Asian,Asian,Asian
prof_ceo_seed112_crop.png,flux_klein,prof_ceo,Man,Middle Eastern,5,Man,White,25,True,6,61.02,1,Man,Man,Man,5,3,6,White,White,White
prof_ceo_seed112_crop.png,flux_klein,prof_ceo,Man,Middle Eastern,5,Man,White,25,True,6,61.02,1,Man,Man,Man,5,3,5,Asian,Asian,Asian
prof_ceo_seed112_crop.png,flux_klein,prof_ceo,Man,Middle Eastern,5,Man,White,25,True,5,-49.49,9,Man,Man,Man,5,3,6,White,White,White
prof_ceo_seed112_crop.png,flux_klein,prof_ceo,Man,Middle Eastern,5,Man,White,25,True,5,-49.49,9,Man,Man,Man,5,3,5,Middle Eastern,Indian,Middle Eastern
prof_ceo_seed112_crop.png,flux_klein,prof_ceo,Man,Middle Eastern,5,Man,White,25,True,5,-49.49,9,Man,Man,Man,5,3,5,Asian,Asian,Asian
prof_ceo_seed112_crop.png,flux_klein,prof_ceo,Man,Middle Eastern,5,Man,White,25,True,5,-49.49,9,Man,Man,Man,5,3,6,White,White,White
prof_ceo_seed112_crop.png,flux_klein,prof_ceo,Man,Middle Eastern,5,Man,White,25,True,5,-49.49,9,Man,Man,Man,5,3,5,Asian,Asian,Asian
prof_ceo_seed112_crop.png,flux_klein,prof_ceo,Man,Middle Eastern,5,Man,White,25,True,9,-0.33,7,Man,Man,Man,5,3,6,White,White,White
prof_ceo_seed112_crop.png,flux_klein,prof_ceo,Man,Middle Eastern,5,Man,White,25,True,9,-0.33,7,Man,Man,Man,5,3,5,Middle Eastern,Indian,Middle Eastern
prof_ceo_seed112_crop.png,flux_klein,prof_ceo,Man,Middle Eastern,5,Man,White,25,True,9,-0.33,7,Man,Man,Man,5,3,5,Asian,Asian,Asian
prof_ceo_seed112_crop.png,flux_klein,prof_ceo,Man,Middle Eastern,5,Man,White,25,True,9,-0.33,7,Man,Man,Man,5,3,6,White,White,White
prof_ceo_seed112_crop.png,flux_klein,prof_ceo,Man,Middle Eastern,5,Man,White,25,True,9,-0.33,7,Man,Man,Man,5,3,5,Asian,Asian,Asian
prof_ceo_seed112_crop.png,flux_klein,prof_ceo,Man,Middle Eastern,5,Man,White,25,True,5,-17.95,8,Man,Man,Man,5,3,6,White,White,White
prof_ceo_seed112_crop.png,flux_klein,prof_ceo,Man,Middle Eastern,5,Man,White,25,True,5,-17.95,8,Man,Man,Man,5,3,5,Middle Eastern,Indian,Middle Eastern
prof_ceo_seed112_crop.png,flux_klein,prof_ceo,Man,Middle Eastern,5,Man,White,25,True,5,-17.95,8,Man,Man,Man,5,3,5,Asian,Asian,Asian
prof_ceo_seed112_crop.png,flux_klein,prof_ceo,Man,Middle Eastern,5,Man,White,25,True,5,-17.95,8,Man,Man,Man,5,3,6,White,White,White
prof_ceo_seed112_crop.png,flux_klein,prof_ceo,Man,Middle Eastern,5,Man,White,25,True,5,-17.95,8,Man,Man,Man,5,3,5,Asian,Asian,Asian
prof_ceo_seed112_crop.png,flux_klein,prof_ceo,Man,Middle Eastern,5,Man,White,25,True,6,19.01,4,Man,Man,Man,5,3,6,White,White,White
prof_ceo_seed112_crop.png,flux_klein,prof_ceo,Man,Middle Eastern,5,Man,White,25,True,6,19.01,4,Man,Man,Man,5,3,5,Middle Eastern,Indian,Middle Eastern
prof_ceo_seed112_crop.png,flux_klein,prof_ceo,Man,Middle Eastern,5,Man,White,25,True,6,19.01,4,Man,Man,Man,5,3,5,Asian,Asian,Asian
prof_ceo_seed112_crop.png,flux_klein,prof_ceo,Man,Middle Eastern,5,Man,White,25,True,6,19.01,4,Man,Man,Man,5,3,6,White,White,White
prof_ceo_seed112_crop.png,flux_klein,prof_ceo,Man,Middle Eastern,5,Man,White,25,True,6,19.01,4,Man,Man,Man,5,3,5,Asian,Asian,Asian
prof_doctor_seed106_crop.png,flux,prof_doctor,Man,White,5,Man,White,24,True,5,82.81,1,Man,Man,Man,5,2,5,White,White,White
prof_doctor_seed106_crop.png,flux,prof_doctor,Man,White,5,Man,White,24,True,5,82.81,1,Man,Man,Man,5,3,5,Middle Eastern,White,White
prof_doctor_seed106_crop.png,flux,prof_doctor,Man,White,5,Man,White,24,True,5,82.81,1,Man,Man,Man,5,3,6,White,White,White
prof_doctor_seed106_crop.png,flux,prof_doctor,Man,White,5,Man,White,24,True,5,82.81,1,Man,Man,Man,5,3,5,Middle Eastern,Asian,Middle Eastern
prof_doctor_seed106_crop.png,flux,prof_doctor,Man,White,5,Man,White,24,True,5,82.81,1,Man,Man,Man,4,2,3,Asian,Asian,Asian
prof_doctor_seed106_crop.png,flux,prof_doctor,Man,White,5,Man,White,24,True,9,74.1,1,Man,Man,Man,5,2,5,White,White,White
prof_doctor_seed106_crop.png,flux,prof_doctor,Man,White,5,Man,White,24,True,9,74.1,1,Man,Man,Man,5,3,5,Middle Eastern,White,White
prof_doctor_seed106_crop.png,flux,prof_doctor,Man,White,5,Man,White,24,True,9,74.1,1,Man,Man,Man,5,3,6,White,White,White
prof_doctor_seed106_crop.png,flux,prof_doctor,Man,White,5,Man,White,24,True,9,74.1,1,Man,Man,Man,5,3,5,Middle Eastern,Asian,Middle Eastern
prof_doctor_seed106_crop.png,flux,prof_doctor,Man,White,5,Man,White,24,True,9,74.1,1,Man,Man,Man,4,2,3,Asian,Asian,Asian
prof_doctor_seed106_crop.png,flux,prof_doctor,Man,White,5,Man,White,24,True,6,-88.43,9,Man,Man,Man,5,2,5,White,White,White
prof_doctor_seed106_crop.png,flux,prof_doctor,Man,White,5,Man,White,24,True,6,-88.43,9,Man,Man,Man,5,3,5,Middle Eastern,White,White
prof_doctor_seed106_crop.png,flux,prof_doctor,Man,White,5,Man,White,24,True,6,-88.43,9,Man,Man,Man,5,3,6,White,White,White
prof_doctor_seed106_crop.png,flux,prof_doctor,Man,White,5,Man,White,24,True,6,-88.43,9,Man,Man,Man,5,3,5,Middle Eastern,Asian,Middle Eastern
prof_doctor_seed106_crop.png,flux,prof_doctor,Man,White,5,Man,White,24,True,6,-88.43,9,Man,Man,Man,4,2,3,Asian,Asian,Asian
prof_doctor_seed106_crop.png,flux,prof_doctor,Man,White,5,Man,White,24,True,6,79.65,1,Man,Man,Man,5,2,5,White,White,White
prof_doctor_seed106_crop.png,flux,prof_doctor,Man,White,5,Man,White,24,True,6,79.65,1,Man,Man,Man,5,3,5,Middle Eastern,White,White
prof_doctor_seed106_crop.png,flux,prof_doctor,Man,White,5,Man,White,24,True,6,79.65,1,Man,Man,Man,5,3,6,White,White,White
prof_doctor_seed106_crop.png,flux,prof_doctor,Man,White,5,Man,White,24,True,6,79.65,1,Man,Man,Man,5,3,5,Middle Eastern,Asian,Middle Eastern
prof_doctor_seed106_crop.png,flux,prof_doctor,Man,White,5,Man,White,24,True,6,79.65,1,Man,Man,Man,4,2,3,Asian,Asian,Asian
prof_doctor_seed106_crop.png,flux,prof_doctor,Man,White,5,Man,White,24,True,4,85.54,1,Man,Man,Man,5,2,5,White,White,White
prof_doctor_seed106_crop.png,flux,prof_doctor,Man,White,5,Man,White,24,True,4,85.54,1,Man,Man,Man,5,3,5,Middle Eastern,White,White
prof_doctor_seed106_crop.png,flux,prof_doctor,Man,White,5,Man,White,24,True,4,85.54,1,Man,Man,Man,5,3,6,White,White,White
prof_doctor_seed106_crop.png,flux,prof_doctor,Man,White,5,Man,White,24,True,4,85.54,1,Man,Man,Man,5,3,5,Middle Eastern,Asian,Middle Eastern
prof_doctor_seed106_crop.png,flux,prof_doctor,Man,White,5,Man,White,24,True,4,85.54,1,Man,Man,Man,4,2,3,Asian,Asian,Asian
prof_doctor_seed106_crop.png,flux,prof_doctor,Man,White,5,Man,White,42,True,5,82.81,1,Man,Man,Man,5,2,5,White,White,White
prof_doctor_seed106_crop.png,flux,prof_doctor,Man,White,5,Man,White,42,True,5,82.81,1,Man,Man,Man,5,3,5,Middle Eastern,White,White
prof_doctor_seed106_crop.png,flux,prof_doctor,Man,White,5,Man,White,42,True,5,82.81,1,Man,Man,Man,5,3,6,White,White,White
prof_doctor_seed106_crop.png,flux,prof_doctor,Man,White,5,Man,White,42,True,5,82.81,1,Man,Man,Man,5,3,5,Middle Eastern,Asian,Middle Eastern
prof_doctor_seed106_crop.png,flux,prof_doctor,Man,White,5,Man,White,42,True,5,82.81,1,Man,Man,Man,4,2,3,Asian,Asian,Asian
prof_doctor_seed106_crop.png,flux,prof_doctor,Man,White,5,Man,White,42,True,9,74.1,1,Man,Man,Man,5,2,5,White,White,White
prof_doctor_seed106_crop.png,flux,prof_doctor,Man,White,5,Man,White,42,True,9,74.1,1,Man,Man,Man,5,3,5,Middle Eastern,White,White
prof_doctor_seed106_crop.png,flux,prof_doctor,Man,White,5,Man,White,42,True,9,74.1,1,Man,Man,Man,5,3,6,White,White,White
prof_doctor_seed106_crop.png,flux,prof_doctor,Man,White,5,Man,White,42,True,9,74.1,1,Man,Man,Man,5,3,5,Middle Eastern,Asian,Middle Eastern
prof_doctor_seed106_crop.png,flux,prof_doctor,Man,White,5,Man,White,42,True,9,74.1,1,Man,Man,Man,4,2,3,Asian,Asian,Asian
prof_doctor_seed106_crop.png,flux,prof_doctor,Man,White,5,Man,White,42,True,6,-88.43,9,Man,Man,Man,5,2,5,White,White,White
prof_doctor_seed106_crop.png,flux,prof_doctor,Man,White,5,Man,White,42,True,6,-88.43,9,Man,Man,Man,5,3,5,Middle Eastern,White,White
prof_doctor_seed106_crop.png,flux,prof_doctor,Man,White,5,Man,White,42,True,6,-88.43,9,Man,Man,Man,5,3,6,White,White,White
prof_doctor_seed106_crop.png,flux,prof_doctor,Man,White,5,Man,White,42,True,6,-88.43,9,Man,Man,Man,5,3,5,Middle Eastern,Asian,Middle Eastern
prof_doctor_seed106_crop.png,flux,prof_doctor,Man,White,5,Man,White,42,True,6,-88.43,9,Man,Man,Man,4,2,3,Asian,Asian,Asian
prof_doctor_seed106_crop.png,flux,prof_doctor,Man,White,5,Man,White,42,True,6,79.65,1,Man,Man,Man,5,2,5,White,White,White
prof_doctor_seed106_crop.png,flux,prof_doctor,Man,White,5,Man,White,42,True,6,79.65,1,Man,Man,Man,5,3,5,Middle Eastern,White,White
prof_doctor_seed106_crop.png,flux,prof_doctor,Man,White,5,Man,White,42,True,6,79.65,1,Man,Man,Man,5,3,6,White,White,White
prof_doctor_seed106_crop.png,flux,prof_doctor,Man,White,5,Man,White,42,True,6,79.65,1,Man,Man,Man,5,3,5,Middle Eastern,Asian,Middle Eastern
prof_doctor_seed106_crop.png,flux,prof_doctor,Man,White,5,Man,White,42,True,6,79.65,1,Man,Man,Man,4,2,3,Asian,Asian,Asian
prof_doctor_seed106_crop.png,flux,prof_doctor,Man,White,5,Man,White,42,True,4,85.54,1,Man,Man,Man,5,2,5,White,White,White
prof_doctor_seed106_crop.png,flux,prof_doctor,Man,White,5,Man,White,42,True,4,85.54,1,Man,Man,Man,5,3,5,Middle Eastern,White,White
prof_doctor_seed106_crop.png,flux,prof_doctor,Man,White,5,Man,White,42,True,4,85.54,1,Man,Man,Man,5,3,6,White,White,White
prof_doctor_seed106_crop.png,flux,prof_doctor,Man,White,5,Man,White,42,True,4,85.54,1,Man,Man,Man,5,3,5,Middle Eastern,Asian,Middle Eastern
prof_doctor_seed106_crop.png,flux,prof_doctor,Man,White,5,Man,White,42,True,4,85.54,1,Man,Man,Man,4,2,3,Asian,Asian,Asian
prof_doctor_seed106_crop.png,flux,prof_doctor,Man,White,5,Man,White,27,True,5,82.81,1,Man,Man,Man,5,2,5,White,White,White
prof_doctor_seed106_crop.png,flux,prof_doctor,Man,White,5,Man,White,27,True,5,82.81,1,Man,Man,Man,5,3,5,Middle Eastern,White,White
prof_doctor_seed106_crop.png,flux,prof_doctor,Man,White,5,Man,White,27,True,5,82.81,1,Man,Man,Man,5,3,6,White,White,White
prof_doctor_seed106_crop.png,flux,prof_doctor,Man,White,5,Man,White,27,True,5,82.81,1,Man,Man,Man,5,3,5,Middle Eastern,Asian,Middle Eastern
prof_doctor_seed106_crop.png,flux,prof_doctor,Man,White,5,Man,White,27,True,5,82.81,1,Man,Man,Man,4,2,3,Asian,Asian,Asian
prof_doctor_seed106_crop.png,flux,prof_doctor,Man,White,5,Man,White,27,True,9,74.1,1,Man,Man,Man,5,2,5,White,White,White
prof_doctor_seed106_crop.png,flux,prof_doctor,Man,White,5,Man,White,27,True,9,74.1,1,Man,Man,Man,5,3,5,Middle Eastern,White,White
prof_doctor_seed106_crop.png,flux,prof_doctor,Man,White,5,Man,White,27,True,9,74.1,1,Man,Man,Man,5,3,6,White,White,White
prof_doctor_seed106_crop.png,flux,prof_doctor,Man,White,5,Man,White,27,True,9,74.1,1,Man,Man,Man,5,3,5,Middle Eastern,Asian,Middle Eastern
prof_doctor_seed106_crop.png,flux,prof_doctor,Man,White,5,Man,White,27,True,9,74.1,1,Man,Man,Man,4,2,3,Asian,Asian,Asian
prof_doctor_seed106_crop.png,flux,prof_doctor,Man,White,5,Man,White,27,True,6,-88.43,9,Man,Man,Man,5,2,5,White,White,White
prof_doctor_seed106_crop.png,flux,prof_doctor,Man,White,5,Man,White,27,True,6,-88.43,9,Man,Man,Man,5,3,5,Middle Eastern,White,White
prof_doctor_seed106_crop.png,flux,prof_doctor,Man,White,5,Man,White,27,True,6,-88.43,9,Man,Man,Man,5,3,6,White,White,White
prof_doctor_seed106_crop.png,flux,prof_doctor,Man,White,5,Man,White,27,True,6,-88.43,9,Man,Man,Man,5,3,5,Middle Eastern,Asian,Middle Eastern
prof_doctor_seed106_crop.png,flux,prof_doctor,Man,White,5,Man,White,27,True,6,-88.43,9,Man,Man,Man,4,2,3,Asian,Asian,Asian
prof_doctor_seed106_crop.png,flux,prof_doctor,Man,White,5,Man,White,27,True,6,79.65,1,Man,Man,Man,5,2,5,White,White,White
prof_doctor_seed106_crop.png,flux,prof_doctor,Man,White,5,Man,White,27,True,6,79.65,1,Man,Man,Man,5,3,5,Middle Eastern,White,White
prof_doctor_seed106_crop.png,flux,prof_doctor,Man,White,5,Man,White,27,True,6,79.65,1,Man,Man,Man,5,3,6,White,White,White
prof_doctor_seed106_crop.png,flux,prof_doctor,Man,White,5,Man,White,27,True,6,79.65,1,Man,Man,Man,5,3,5,Middle Eastern,Asian,Middle Eastern
prof_doctor_seed106_crop.png,flux,prof_doctor,Man,White,5,Man,White,27,True,6,79.65,1,Man,Man,Man,4,2,3,Asian,Asian,Asian
prof_doctor_seed106_crop.png,flux,prof_doctor,Man,White,5,Man,White,27,True,4,85.54,1,Man,Man,Man,5,2,5,White,White,White
prof_doctor_seed106_crop.png,flux,prof_doctor,Man,White,5,Man,White,27,True,4,85.54,1,Man,Man,Man,5,3,5,Middle Eastern,White,White
prof_doctor_seed106_crop.png,flux,prof_doctor,Man,White,5,Man,White,27,True,4,85.54,1,Man,Man,Man,5,3,6,White,White,White
prof_doctor_seed106_crop.png,flux,prof_doctor,Man,White,5,Man,White,27,True,4,85.54,1,Man,Man,Man,5,3,5,Middle Eastern,Asian,Middle Eastern
prof_doctor_seed106_crop.png,flux,prof_doctor,Man,White,5,Man,White,27,True,4,85.54,1,Man,Man,Man,4,2,3,Asian,Asian,Asian
prof_doctor_seed106_crop.png,flux,prof_doctor,Man,White,5,Man,Asian,27,True,5,82.81,1,Man,Man,Man,5,2,5,White,White,White
prof_doctor_seed106_crop.png,flux,prof_doctor,Man,White,5,Man,Asian,27,True,5,82.81,1,Man,Man,Man,5,3,5,Middle Eastern,White,White
prof_doctor_seed106_crop.png,flux,prof_doctor,Man,White,5,Man,Asian,27,True,5,82.81,1,Man,Man,Man,5,3,6,White,White,White
prof_doctor_seed106_crop.png,flux,prof_doctor,Man,White,5,Man,Asian,27,True,5,82.81,1,Man,Man,Man,5,3,5,Middle Eastern,Asian,Middle Eastern
prof_doctor_seed106_crop.png,flux,prof_doctor,Man,White,5,Man,Asian,27,True,5,82.81,1,Man,Man,Man,4,2,3,Asian,Asian,Asian
prof_doctor_seed106_crop.png,flux,prof_doctor,Man,White,5,Man,Asian,27,True,9,74.1,1,Man,Man,Man,5,2,5,White,White,White
prof_doctor_seed106_crop.png,flux,prof_doctor,Man,White,5,Man,Asian,27,True,9,74.1,1,Man,Man,Man,5,3,5,Middle Eastern,White,White
prof_doctor_seed106_crop.png,flux,prof_doctor,Man,White,5,Man,Asian,27,True,9,74.1,1,Man,Man,Man,5,3,6,White,White,White
prof_doctor_seed106_crop.png,flux,prof_doctor,Man,White,5,Man,Asian,27,True,9,74.1,1,Man,Man,Man,5,3,5,Middle Eastern,Asian,Middle Eastern
prof_doctor_seed106_crop.png,flux,prof_doctor,Man,White,5,Man,Asian,27,True,9,74.1,1,Man,Man,Man,4,2,3,Asian,Asian,Asian
prof_doctor_seed106_crop.png,flux,prof_doctor,Man,White,5,Man,Asian,27,True,6,-88.43,9,Man,Man,Man,5,2,5,White,White,White
prof_doctor_seed106_crop.png,flux,prof_doctor,Man,White,5,Man,Asian,27,True,6,-88.43,9,Man,Man,Man,5,3,5,Middle Eastern,White,White
prof_doctor_seed106_crop.png,flux,prof_doctor,Man,White,5,Man,Asian,27,True,6,-88.43,9,Man,Man,Man,5,3,6,White,White,White
prof_doctor_seed106_crop.png,flux,prof_doctor,Man,White,5,Man,Asian,27,True,6,-88.43,9,Man,Man,Man,5,3,5,Middle Eastern,Asian,Middle Eastern
prof_doctor_seed106_crop.png,flux,prof_doctor,Man,White,5,Man,Asian,27,True,6,-88.43,9,Man,Man,Man,4,2,3,Asian,Asian,Asian
prof_doctor_seed106_crop.png,flux,prof_doctor,Man,White,5,Man,Asian,27,True,6,79.65,1,Man,Man,Man,5,2,5,White,White,White
prof_doctor_seed106_crop.png,flux,prof_doctor,Man,White,5,Man,Asian,27,True,6,79.65,1,Man,Man,Man,5,3,5,Middle Eastern,White,White
prof_doctor_seed106_crop.png,flux,prof_doctor,Man,White,5,Man,Asian,27,True,6,79.65,1,Man,Man,Man,5,3,6,White,White,White
prof_doctor_seed106_crop.png,flux,prof_doctor,Man,White,5,Man,Asian,27,True,6,79.65,1,Man,Man,Man,5,3,5,Middle Eastern,Asian,Middle Eastern
prof_doctor_seed106_crop.png,flux,prof_doctor,Man,White,5,Man,Asian,27,True,6,79.65,1,Man,Man,Man,4,2,3,Asian,Asian,Asian
prof_doctor_seed106_crop.png,flux,prof_doctor,Man,White,5,Man,Asian,27,True,4,85.54,1,Man,Man,Man,5,2,5,White,White,White
prof_doctor_seed106_crop.png,flux,prof_doctor,Man,White,5,Man,Asian,27,True,4,85.54,1,Man,Man,Man,5,3,5,Middle Eastern,White,White
prof_doctor_seed106_crop.png,flux,prof_doctor,Man,White,5,Man,Asian,27,True,4,85.54,1,Man,Man,Man,5,3,6,White,White,White
prof_doctor_seed106_crop.png,flux,prof_doctor,Man,White,5,Man,Asian,27,True,4,85.54,1,Man,Man,Man,5,3,5,Middle Eastern,Asian,Middle Eastern
prof_doctor_seed106_crop.png,flux,prof_doctor,Man,White,5,Man,Asian,27,True,4,85.54,1,Man,Man,Man,4,2,3,Asian,Asian,Asian
prof_doctor_seed106_crop.png,flux,prof_doctor,Man,White,5,Man,White,33,True,5,82.81,1,Man,Man,Man,5,2,5,White,White,White
prof_doctor_seed106_crop.png,flux,prof_doctor,Man,White,5,Man,White,33,True,5,82.81,1,Man,Man,Man,5,3,5,Middle Eastern,White,White
prof_doctor_seed106_crop.png,flux,prof_doctor,Man,White,5,Man,White,33,True,5,82.81,1,Man,Man,Man,5,3,6,White,White,White
prof_doctor_seed106_crop.png,flux,prof_doctor,Man,White,5,Man,White,33,True,5,82.81,1,Man,Man,Man,5,3,5,Middle Eastern,Asian,Middle Eastern
prof_doctor_seed106_crop.png,flux,prof_doctor,Man,White,5,Man,White,33,True,5,82.81,1,Man,Man,Man,4,2,3,Asian,Asian,Asian
prof_doctor_seed106_crop.png,flux,prof_doctor,Man,White,5,Man,White,33,True,9,74.1,1,Man,Man,Man,5,2,5,White,White,White
prof_doctor_seed106_crop.png,flux,prof_doctor,Man,White,5,Man,White,33,True,9,74.1,1,Man,Man,Man,5,3,5,Middle Eastern,White,White
prof_doctor_seed106_crop.png,flux,prof_doctor,Man,White,5,Man,White,33,True,9,74.1,1,Man,Man,Man,5,3,6,White,White,White
prof_doctor_seed106_crop.png,flux,prof_doctor,Man,White,5,Man,White,33,True,9,74.1,1,Man,Man,Man,5,3,5,Middle Eastern,Asian,Middle Eastern
prof_doctor_seed106_crop.png,flux,prof_doctor,Man,White,5,Man,White,33,True,9,74.1,1,Man,Man,Man,4,2,3,Asian,Asian,Asian
prof_doctor_seed106_crop.png,flux,prof_doctor,Man,White,5,Man,White,33,True,6,-88.43,9,Man,Man,Man,5,2,5,White,White,White
prof_doctor_seed106_crop.png,flux,prof_doctor,Man,White,5,Man,White,33,True,6,-88.43,9,Man,Man,Man,5,3,5,Middle Eastern,White,White
prof_doctor_seed106_crop.png,flux,prof_doctor,Man,White,5,Man,White,33,True,6,-88.43,9,Man,Man,Man,5,3,6,White,White,White
prof_doctor_seed106_crop.png,flux,prof_doctor,Man,White,5,Man,White,33,True,6,-88.43,9,Man,Man,Man,5,3,5,Middle Eastern,Asian,Middle Eastern
prof_doctor_seed106_crop.png,flux,prof_doctor,Man,White,5,Man,White,33,True,6,-88.43,9,Man,Man,Man,4,2,3,Asian,Asian,Asian
prof_doctor_seed106_crop.png,flux,prof_doctor,Man,White,5,Man,White,33,True,6,79.65,1,Man,Man,Man,5,2,5,White,White,White
prof_doctor_seed106_crop.png,flux,prof_doctor,Man,White,5,Man,White,33,True,6,79.65,1,Man,Man,Man,5,3,5,Middle Eastern,White,White
prof_doctor_seed106_crop.png,flux,prof_doctor,Man,White,5,Man,White,33,True,6,79.65,1,Man,Man,Man,5,3,6,White,White,White
prof_doctor_seed106_crop.png,flux,prof_doctor,Man,White,5,Man,White,33,True,6,79.65,1,Man,Man,Man,5,3,5,Middle Eastern,Asian,Middle Eastern
prof_doctor_seed106_crop.png,flux,prof_doctor,Man,White,5,Man,White,33,True,6,79.65,1,Man,Man,Man,4,2,3,Asian,Asian,Asian
prof_doctor_seed106_crop.png,flux,prof_doctor,Man,White,5,Man,White,33,True,4,85.54,1,Man,Man,Man,5,2,5,White,White,White
prof_doctor_seed106_crop.png,flux,prof_doctor,Man,White,5,Man,White,33,True,4,85.54,1,Man,Man,Man,5,3,5,Middle Eastern,White,White
prof_doctor_seed106_crop.png,flux,prof_doctor,Man,White,5,Man,White,33,True,4,85.54,1,Man,Man,Man,5,3,6,White,White,White
prof_doctor_seed106_crop.png,flux,prof_doctor,Man,White,5,Man,White,33,True,4,85.54,1,Man,Man,Man,5,3,5,Middle Eastern,Asian,Middle Eastern
prof_doctor_seed106_crop.png,flux,prof_doctor,Man,White,5,Man,White,33,True,4,85.54,1,Man,Man,Man,4,2,3,Asian,Asian,Asian
prof_ceo_seed107_crop.png,qwen,prof_ceo,Man,Asian,6,Man,White,24,True,5,-76.47,9,Man,Man,Man,5,3,5,White,White,White
prof_ceo_seed107_crop.png,qwen,prof_ceo,Man,Asian,6,Man,White,24,True,5,-76.47,9,Man,Man,Man,5,3,6,White,White,White
prof_ceo_seed107_crop.png,qwen,prof_ceo,Man,Asian,6,Man,White,24,True,5,-76.47,9,Man,Man,Man,5,3,5,Asian,Asian,Asian
prof_ceo_seed107_crop.png,qwen,prof_ceo,Man,Asian,6,Man,White,24,True,5,-76.47,9,Man,Man,Man,5,3,6,White,White,White
prof_ceo_seed107_crop.png,qwen,prof_ceo,Man,Asian,6,Man,White,24,True,5,-76.47,9,Man,Man,Man,5,3,5,Asian,Asian,Asian
prof_ceo_seed107_crop.png,qwen,prof_ceo,Man,Asian,6,Man,White,24,True,7,-69.73,9,Man,Man,Man,5,3,5,White,White,White
prof_ceo_seed107_crop.png,qwen,prof_ceo,Man,Asian,6,Man,White,24,True,7,-69.73,9,Man,Man,Man,5,3,6,White,White,White
prof_ceo_seed107_crop.png,qwen,prof_ceo,Man,Asian,6,Man,White,24,True,7,-69.73,9,Man,Man,Man,5,3,5,Asian,Asian,Asian
prof_ceo_seed107_crop.png,qwen,prof_ceo,Man,Asian,6,Man,White,24,True,7,-69.73,9,Man,Man,Man,5,3,6,White,White,White
prof_ceo_seed107_crop.png,qwen,prof_ceo,Man,Asian,6,Man,White,24,True,7,-69.73,9,Man,Man,Man,5,3,5,Asian,Asian,Asian
prof_ceo_seed107_crop.png,qwen,prof_ceo,Man,Asian,6,Man,White,24,True,5,-77.89,9,Man,Man,Man,5,3,5,White,White,White
prof_ceo_seed107_crop.png,qwen,prof_ceo,Man,Asian,6,Man,White,24,True,5,-77.89,9,Man,Man,Man,5,3,6,White,White,White
prof_ceo_seed107_crop.png,qwen,prof_ceo,Man,Asian,6,Man,White,24,True,5,-77.89,9,Man,Man,Man,5,3,5,Asian,Asian,Asian
prof_ceo_seed107_crop.png,qwen,prof_ceo,Man,Asian,6,Man,White,24,True,5,-77.89,9,Man,Man,Man,5,3,6,White,White,White
prof_ceo_seed107_crop.png,qwen,prof_ceo,Man,Asian,6,Man,White,24,True,5,-77.89,9,Man,Man,Man,5,3,5,Asian,Asian,Asian
prof_ceo_seed107_crop.png,qwen,prof_ceo,Man,Asian,6,Man,White,24,True,6,-72.54,9,Man,Man,Man,5,3,5,White,White,White
prof_ceo_seed107_crop.png,qwen,prof_ceo,Man,Asian,6,Man,White,24,True,6,-72.54,9,Man,Man,Man,5,3,6,White,White,White
prof_ceo_seed107_crop.png,qwen,prof_ceo,Man,Asian,6,Man,White,24,True,6,-72.54,9,Man,Man,Man,5,3,5,Asian,Asian,Asian
prof_ceo_seed107_crop.png,qwen,prof_ceo,Man,Asian,6,Man,White,24,True,6,-72.54,9,Man,Man,Man,5,3,6,White,White,White
prof_ceo_seed107_crop.png,qwen,prof_ceo,Man,Asian,6,Man,White,24,True,6,-72.54,9,Man,Man,Man,5,3,5,Asian,Asian,Asian
prof_ceo_seed107_crop.png,qwen,prof_ceo,Man,Asian,6,Man,White,24,True,5,-85.19,9,Man,Man,Man,5,3,5,White,White,White
prof_ceo_seed107_crop.png,qwen,prof_ceo,Man,Asian,6,Man,White,24,True,5,-85.19,9,Man,Man,Man,5,3,6,White,White,White
prof_ceo_seed107_crop.png,qwen,prof_ceo,Man,Asian,6,Man,White,24,True,5,-85.19,9,Man,Man,Man,5,3,5,Asian,Asian,Asian
prof_ceo_seed107_crop.png,qwen,prof_ceo,Man,Asian,6,Man,White,24,True,5,-85.19,9,Man,Man,Man,5,3,6,White,White,White
prof_ceo_seed107_crop.png,qwen,prof_ceo,Man,Asian,6,Man,White,24,True,5,-85.19,9,Man,Man,Man,5,3,5,Asian,Asian,Asian
prof_ceo_seed107_crop.png,qwen,prof_ceo,Man,Asian,6,Man,Asian,46,True,5,-76.47,9,Man,Man,Man,5,3,5,White,White,White
prof_ceo_seed107_crop.png,qwen,prof_ceo,Man,Asian,6,Man,Asian,46,True,5,-76.47,9,Man,Man,Man,5,3,6,White,White,White
prof_ceo_seed107_crop.png,qwen,prof_ceo,Man,Asian,6,Man,Asian,46,True,5,-76.47,9,Man,Man,Man,5,3,5,Asian,Asian,Asian
prof_ceo_seed107_crop.png,qwen,prof_ceo,Man,Asian,6,Man,Asian,46,True,5,-76.47,9,Man,Man,Man,5,3,6,White,White,White
prof_ceo_seed107_crop.png,qwen,prof_ceo,Man,Asian,6,Man,Asian,46,True,5,-76.47,9,Man,Man,Man,5,3,5,Asian,Asian,Asian
prof_ceo_seed107_crop.png,qwen,prof_ceo,Man,Asian,6,Man,Asian,46,True,7,-69.73,9,Man,Man,Man,5,3,5,White,White,White
prof_ceo_seed107_crop.png,qwen,prof_ceo,Man,Asian,6,Man,Asian,46,True,7,-69.73,9,Man,Man,Man,5,3,6,White,White,White
prof_ceo_seed107_crop.png,qwen,prof_ceo,Man,Asian,6,Man,Asian,46,True,7,-69.73,9,Man,Man,Man,5,3,5,Asian,Asian,Asian
prof_ceo_seed107_crop.png,qwen,prof_ceo,Man,Asian,6,Man,Asian,46,True,7,-69.73,9,Man,Man,Man,5,3,6,White,White,White
prof_ceo_seed107_crop.png,qwen,prof_ceo,Man,Asian,6,Man,Asian,46,True,7,-69.73,9,Man,Man,Man,5,3,5,Asian,Asian,Asian
prof_ceo_seed107_crop.png,qwen,prof_ceo,Man,Asian,6,Man,Asian,46,True,5,-77.89,9,Man,Man,Man,5,3,5,White,White,White
prof_ceo_seed107_crop.png,qwen,prof_ceo,Man,Asian,6,Man,Asian,46,True,5,-77.89,9,Man,Man,Man,5,3,6,White,White,White
prof_ceo_seed107_crop.png,qwen,prof_ceo,Man,Asian,6,Man,Asian,46,True,5,-77.89,9,Man,Man,Man,5,3,5,Asian,Asian,Asian
prof_ceo_seed107_crop.png,qwen,prof_ceo,Man,Asian,6,Man,Asian,46,True,5,-77.89,9,Man,Man,Man,5,3,6,White,White,White
prof_ceo_seed107_crop.png,qwen,prof_ceo,Man,Asian,6,Man,Asian,46,True,5,-77.89,9,Man,Man,Man,5,3,5,Asian,Asian,Asian
prof_ceo_seed107_crop.png,qwen,prof_ceo,Man,Asian,6,Man,Asian,46,True,6,-72.54,9,Man,Man,Man,5,3,5,White,White,White
prof_ceo_seed107_crop.png,qwen,prof_ceo,Man,Asian,6,Man,Asian,46,True,6,-72.54,9,Man,Man,Man,5,3,6,White,White,White
prof_ceo_seed107_crop.png,qwen,prof_ceo,Man,Asian,6,Man,Asian,46,True,6,-72.54,9,Man,Man,Man,5,3,5,Asian,Asian,Asian
prof_ceo_seed107_crop.png,qwen,prof_ceo,Man,Asian,6,Man,Asian,46,True,6,-72.54,9,Man,Man,Man,5,3,6,White,White,White
prof_ceo_seed107_crop.png,qwen,prof_ceo,Man,Asian,6,Man,Asian,46,True,6,-72.54,9,Man,Man,Man,5,3,5,Asian,Asian,Asian
prof_ceo_seed107_crop.png,qwen,prof_ceo,Man,Asian,6,Man,Asian,46,True,5,-85.19,9,Man,Man,Man,5,3,5,White,White,White
prof_ceo_seed107_crop.png,qwen,prof_ceo,Man,Asian,6,Man,Asian,46,True,5,-85.19,9,Man,Man,Man,5,3,6,White,White,White
prof_ceo_seed107_crop.png,qwen,prof_ceo,Man,Asian,6,Man,Asian,46,True,5,-85.19,9,Man,Man,Man,5,3,5,Asian,Asian,Asian
prof_ceo_seed107_crop.png,qwen,prof_ceo,Man,Asian,6,Man,Asian,46,True,5,-85.19,9,Man,Man,Man,5,3,6,White,White,White
prof_ceo_seed107_crop.png,qwen,prof_ceo,Man,Asian,6,Man,Asian,46,True,5,-85.19,9,Man,Man,Man,5,3,5,Asian,Asian,Asian
prof_ceo_seed107_crop.png,qwen,prof_ceo,Man,Asian,6,Man,Latino Hispanic,28,True,5,-76.47,9,Man,Man,Man,5,3,5,White,White,White
prof_ceo_seed107_crop.png,qwen,prof_ceo,Man,Asian,6,Man,Latino Hispanic,28,True,5,-76.47,9,Man,Man,Man,5,3,6,White,White,White
prof_ceo_seed107_crop.png,qwen,prof_ceo,Man,Asian,6,Man,Latino Hispanic,28,True,5,-76.47,9,Man,Man,Man,5,3,5,Asian,Asian,Asian
prof_ceo_seed107_crop.png,qwen,prof_ceo,Man,Asian,6,Man,Latino Hispanic,28,True,5,-76.47,9,Man,Man,Man,5,3,6,White,White,White
prof_ceo_seed107_crop.png,qwen,prof_ceo,Man,Asian,6,Man,Latino Hispanic,28,True,5,-76.47,9,Man,Man,Man,5,3,5,Asian,Asian,Asian
prof_ceo_seed107_crop.png,qwen,prof_ceo,Man,Asian,6,Man,Latino Hispanic,28,True,7,-69.73,9,Man,Man,Man,5,3,5,White,White,White
prof_ceo_seed107_crop.png,qwen,prof_ceo,Man,Asian,6,Man,Latino Hispanic,28,True,7,-69.73,9,Man,Man,Man,5,3,6,White,White,White
prof_ceo_seed107_crop.png,qwen,prof_ceo,Man,Asian,6,Man,Latino Hispanic,28,True,7,-69.73,9,Man,Man,Man,5,3,5,Asian,Asian,Asian
prof_ceo_seed107_crop.png,qwen,prof_ceo,Man,Asian,6,Man,Latino Hispanic,28,True,7,-69.73,9,Man,Man,Man,5,3,6,White,White,White
prof_ceo_seed107_crop.png,qwen,prof_ceo,Man,Asian,6,Man,Latino Hispanic,28,True,7,-69.73,9,Man,Man,Man,5,3,5,Asian,Asian,Asian
prof_ceo_seed107_crop.png,qwen,prof_ceo,Man,Asian,6,Man,Latino Hispanic,28,True,5,-77.89,9,Man,Man,Man,5,3,5,White,White,White
prof_ceo_seed107_crop.png,qwen,prof_ceo,Man,Asian,6,Man,Latino Hispanic,28,True,5,-77.89,9,Man,Man,Man,5,3,6,White,White,White
prof_ceo_seed107_crop.png,qwen,prof_ceo,Man,Asian,6,Man,Latino Hispanic,28,True,5,-77.89,9,Man,Man,Man,5,3,5,Asian,Asian,Asian
prof_ceo_seed107_crop.png,qwen,prof_ceo,Man,Asian,6,Man,Latino Hispanic,28,True,5,-77.89,9,Man,Man,Man,5,3,6,White,White,White
prof_ceo_seed107_crop.png,qwen,prof_ceo,Man,Asian,6,Man,Latino Hispanic,28,True,5,-77.89,9,Man,Man,Man,5,3,5,Asian,Asian,Asian
prof_ceo_seed107_crop.png,qwen,prof_ceo,Man,Asian,6,Man,Latino Hispanic,28,True,6,-72.54,9,Man,Man,Man,5,3,5,White,White,White
prof_ceo_seed107_crop.png,qwen,prof_ceo,Man,Asian,6,Man,Latino Hispanic,28,True,6,-72.54,9,Man,Man,Man,5,3,6,White,White,White
prof_ceo_seed107_crop.png,qwen,prof_ceo,Man,Asian,6,Man,Latino Hispanic,28,True,6,-72.54,9,Man,Man,Man,5,3,5,Asian,Asian,Asian
prof_ceo_seed107_crop.png,qwen,prof_ceo,Man,Asian,6,Man,Latino Hispanic,28,True,6,-72.54,9,Man,Man,Man,5,3,6,White,White,White
prof_ceo_seed107_crop.png,qwen,prof_ceo,Man,Asian,6,Man,Latino Hispanic,28,True,6,-72.54,9,Man,Man,Man,5,3,5,Asian,Asian,Asian
prof_ceo_seed107_crop.png,qwen,prof_ceo,Man,Asian,6,Man,Latino Hispanic,28,True,5,-85.19,9,Man,Man,Man,5,3,5,White,White,White
prof_ceo_seed107_crop.png,qwen,prof_ceo,Man,Asian,6,Man,Latino Hispanic,28,True,5,-85.19,9,Man,Man,Man,5,3,6,White,White,White
prof_ceo_seed107_crop.png,qwen,prof_ceo,Man,Asian,6,Man,Latino Hispanic,28,True,5,-85.19,9,Man,Man,Man,5,3,5,Asian,Asian,Asian
prof_ceo_seed107_crop.png,qwen,prof_ceo,Man,Asian,6,Man,Latino Hispanic,28,True,5,-85.19,9,Man,Man,Man,5,3,6,White,White,White
prof_ceo_seed107_crop.png,qwen,prof_ceo,Man,Asian,6,Man,Latino Hispanic,28,True,5,-85.19,9,Man,Man,Man,5,3,5,Asian,Asian,Asian
prof_ceo_seed107_crop.png,qwen,prof_ceo,Man,Asian,6,Man,Asian,29,True,5,-76.47,9,Man,Man,Man,5,3,5,White,White,White
prof_ceo_seed107_crop.png,qwen,prof_ceo,Man,Asian,6,Man,Asian,29,True,5,-76.47,9,Man,Man,Man,5,3,6,White,White,White
prof_ceo_seed107_crop.png,qwen,prof_ceo,Man,Asian,6,Man,Asian,29,True,5,-76.47,9,Man,Man,Man,5,3,5,Asian,Asian,Asian
prof_ceo_seed107_crop.png,qwen,prof_ceo,Man,Asian,6,Man,Asian,29,True,5,-76.47,9,Man,Man,Man,5,3,6,White,White,White
prof_ceo_seed107_crop.png,qwen,prof_ceo,Man,Asian,6,Man,Asian,29,True,5,-76.47,9,Man,Man,Man,5,3,5,Asian,Asian,Asian
prof_ceo_seed107_crop.png,qwen,prof_ceo,Man,Asian,6,Man,Asian,29,True,7,-69.73,9,Man,Man,Man,5,3,5,White,White,White
prof_ceo_seed107_crop.png,qwen,prof_ceo,Man,Asian,6,Man,Asian,29,True,7,-69.73,9,Man,Man,Man,5,3,6,White,White,White
prof_ceo_seed107_crop.png,qwen,prof_ceo,Man,Asian,6,Man,Asian,29,True,7,-69.73,9,Man,Man,Man,5,3,5,Asian,Asian,Asian
prof_ceo_seed107_crop.png,qwen,prof_ceo,Man,Asian,6,Man,Asian,29,True,7,-69.73,9,Man,Man,Man,5,3,6,White,White,White
prof_ceo_seed107_crop.png,qwen,prof_ceo,Man,Asian,6,Man,Asian,29,True,7,-69.73,9,Man,Man,Man,5,3,5,Asian,Asian,Asian
prof_ceo_seed107_crop.png,qwen,prof_ceo,Man,Asian,6,Man,Asian,29,True,5,-77.89,9,Man,Man,Man,5,3,5,White,White,White
prof_ceo_seed107_crop.png,qwen,prof_ceo,Man,Asian,6,Man,Asian,29,True,5,-77.89,9,Man,Man,Man,5,3,6,White,White,White
prof_ceo_seed107_crop.png,qwen,prof_ceo,Man,Asian,6,Man,Asian,29,True,5,-77.89,9,Man,Man,Man,5,3,5,Asian,Asian,Asian
prof_ceo_seed107_crop.png,qwen,prof_ceo,Man,Asian,6,Man,Asian,29,True,5,-77.89,9,Man,Man,Man,5,3,6,White,White,White
prof_ceo_seed107_crop.png,qwen,prof_ceo,Man,Asian,6,Man,Asian,29,True,5,-77.89,9,Man,Man,Man,5,3,5,Asian,Asian,Asian
prof_ceo_seed107_crop.png,qwen,prof_ceo,Man,Asian,6,Man,Asian,29,True,6,-72.54,9,Man,Man,Man,5,3,5,White,White,White
prof_ceo_seed107_crop.png,qwen,prof_ceo,Man,Asian,6,Man,Asian,29,True,6,-72.54,9,Man,Man,Man,5,3,6,White,White,White
prof_ceo_seed107_crop.png,qwen,prof_ceo,Man,Asian,6,Man,Asian,29,True,6,-72.54,9,Man,Man,Man,5,3,5,Asian,Asian,Asian
prof_ceo_seed107_crop.png,qwen,prof_ceo,Man,Asian,6,Man,Asian,29,True,6,-72.54,9,Man,Man,Man,5,3,6,White,White,White
prof_ceo_seed107_crop.png,qwen,prof_ceo,Man,Asian,6,Man,Asian,29,True,6,-72.54,9,Man,Man,Man,5,3,5,Asian,Asian,Asian
prof_ceo_seed107_crop.png,qwen,prof_ceo,Man,Asian,6,Man,Asian,29,True,5,-85.19,9,Man,Man,Man,5,3,5,White,White,White
prof_ceo_seed107_crop.png,qwen,prof_ceo,Man,Asian,6,Man,Asian,29,True,5,-85.19,9,Man,Man,Man,5,3,6,White,White,White
prof_ceo_seed107_crop.png,qwen,prof_ceo,Man,Asian,6,Man,Asian,29,True,5,-85.19,9,Man,Man,Man,5,3,5,Asian,Asian,Asian
prof_ceo_seed107_crop.png,qwen,prof_ceo,Man,Asian,6,Man,Asian,29,True,5,-85.19,9,Man,Man,Man,5,3,6,White,White,White
prof_ceo_seed107_crop.png,qwen,prof_ceo,Man,Asian,6,Man,Asian,29,True,5,-85.19,9,Man,Man,Man,5,3,5,Asian,Asian,Asian
prof_ceo_seed107_crop.png,qwen,prof_ceo,Man,Asian,6,Man,Latino Hispanic,37,True,5,-76.47,9,Man,Man,Man,5,3,5,White,White,White
prof_ceo_seed107_crop.png,qwen,prof_ceo,Man,Asian,6,Man,Latino Hispanic,37,True,5,-76.47,9,Man,Man,Man,5,3,6,White,White,White
prof_ceo_seed107_crop.png,qwen,prof_ceo,Man,Asian,6,Man,Latino Hispanic,37,True,5,-76.47,9,Man,Man,Man,5,3,5,Asian,Asian,Asian
prof_ceo_seed107_crop.png,qwen,prof_ceo,Man,Asian,6,Man,Latino Hispanic,37,True,5,-76.47,9,Man,Man,Man,5,3,6,White,White,White
prof_ceo_seed107_crop.png,qwen,prof_ceo,Man,Asian,6,Man,Latino Hispanic,37,True,5,-76.47,9,Man,Man,Man,5,3,5,Asian,Asian,Asian
prof_ceo_seed107_crop.png,qwen,prof_ceo,Man,Asian,6,Man,Latino Hispanic,37,True,7,-69.73,9,Man,Man,Man,5,3,5,White,White,White
prof_ceo_seed107_crop.png,qwen,prof_ceo,Man,Asian,6,Man,Latino Hispanic,37,True,7,-69.73,9,Man,Man,Man,5,3,6,White,White,White
prof_ceo_seed107_crop.png,qwen,prof_ceo,Man,Asian,6,Man,Latino Hispanic,37,True,7,-69.73,9,Man,Man,Man,5,3,5,Asian,Asian,Asian
prof_ceo_seed107_crop.png,qwen,prof_ceo,Man,Asian,6,Man,Latino Hispanic,37,True,7,-69.73,9,Man,Man,Man,5,3,6,White,White,White
prof_ceo_seed107_crop.png,qwen,prof_ceo,Man,Asian,6,Man,Latino Hispanic,37,True,7,-69.73,9,Man,Man,Man,5,3,5,Asian,Asian,Asian
prof_ceo_seed107_crop.png,qwen,prof_ceo,Man,Asian,6,Man,Latino Hispanic,37,True,5,-77.89,9,Man,Man,Man,5,3,5,White,White,White
prof_ceo_seed107_crop.png,qwen,prof_ceo,Man,Asian,6,Man,Latino Hispanic,37,True,5,-77.89,9,Man,Man,Man,5,3,6,White,White,White
prof_ceo_seed107_crop.png,qwen,prof_ceo,Man,Asian,6,Man,Latino Hispanic,37,True,5,-77.89,9,Man,Man,Man,5,3,5,Asian,Asian,Asian
prof_ceo_seed107_crop.png,qwen,prof_ceo,Man,Asian,6,Man,Latino Hispanic,37,True,5,-77.89,9,Man,Man,Man,5,3,6,White,White,White
prof_ceo_seed107_crop.png,qwen,prof_ceo,Man,Asian,6,Man,Latino Hispanic,37,True,5,-77.89,9,Man,Man,Man,5,3,5,Asian,Asian,Asian
prof_ceo_seed107_crop.png,qwen,prof_ceo,Man,Asian,6,Man,Latino Hispanic,37,True,6,-72.54,9,Man,Man,Man,5,3,5,White,White,White
prof_ceo_seed107_crop.png,qwen,prof_ceo,Man,Asian,6,Man,Latino Hispanic,37,True,6,-72.54,9,Man,Man,Man,5,3,6,White,White,White
prof_ceo_seed107_crop.png,qwen,prof_ceo,Man,Asian,6,Man,Latino Hispanic,37,True,6,-72.54,9,Man,Man,Man,5,3,5,Asian,Asian,Asian
prof_ceo_seed107_crop.png,qwen,prof_ceo,Man,Asian,6,Man,Latino Hispanic,37,True,6,-72.54,9,Man,Man,Man,5,3,6,White,White,White
prof_ceo_seed107_crop.png,qwen,prof_ceo,Man,Asian,6,Man,Latino Hispanic,37,True,6,-72.54,9,Man,Man,Man,5,3,5,Asian,Asian,Asian
prof_ceo_seed107_crop.png,qwen,prof_ceo,Man,Asian,6,Man,Latino Hispanic,37,True,5,-85.19,9,Man,Man,Man,5,3,5,White,White,White
prof_ceo_seed107_crop.png,qwen,prof_ceo,Man,Asian,6,Man,Latino Hispanic,37,True,5,-85.19,9,Man,Man,Man,5,3,6,White,White,White
prof_ceo_seed107_crop.png,qwen,prof_ceo,Man,Asian,6,Man,Latino Hispanic,37,True,5,-85.19,9,Man,Man,Man,5,3,5,Asian,Asian,Asian
prof_ceo_seed107_crop.png,qwen,prof_ceo,Man,Asian,6,Man,Latino Hispanic,37,True,5,-85.19,9,Man,Man,Man,5,3,6,White,White,White
prof_ceo_seed107_crop.png,qwen,prof_ceo,Man,Asian,6,Man,Latino Hispanic,37,True,5,-85.19,9,Man,Man,Man,5,3,5,Asian,Asian,Asian
base_beautiful_seed116_crop.png,flux,base_beautiful,Woman,White,5,Woman,Latino Hispanic,28,True,5,30.09,3,Woman,Woman,Woman,5,3,5,White,White,White
base_beautiful_seed116_crop.png,flux,base_beautiful,Woman,White,5,Woman,Latino Hispanic,28,True,5,30.09,3,Woman,Woman,Woman,5,3,6,Indian,White,White
base_beautiful_seed116_crop.png,flux,base_beautiful,Woman,White,5,Woman,Latino Hispanic,28,True,5,30.09,3,Woman,Woman,Woman,5,3,6,Middle Eastern,Asian,White
base_beautiful_seed116_crop.png,flux,base_beautiful,Woman,White,5,Woman,Latino Hispanic,28,True,5,30.09,3,Woman,Woman,Woman,4,5,7,Black,Black,Black
base_beautiful_seed116_crop.png,flux,base_beautiful,Woman,White,5,Woman,Latino Hispanic,28,True,5,30.09,3,Woman,Woman,Woman,5,2,5,Asian,Asian,Asian
base_beautiful_seed116_crop.png,flux,base_beautiful,Woman,White,5,Woman,Latino Hispanic,28,True,10,-29.44,8,Woman,Woman,Woman,5,3,5,White,White,White
base_beautiful_seed116_crop.png,flux,base_beautiful,Woman,White,5,Woman,Latino Hispanic,28,True,10,-29.44,8,Woman,Woman,Woman,5,3,6,Indian,White,White
base_beautiful_seed116_crop.png,flux,base_beautiful,Woman,White,5,Woman,Latino Hispanic,28,True,10,-29.44,8,Woman,Woman,Woman,5,3,6,Middle Eastern,Asian,White
base_beautiful_seed116_crop.png,flux,base_beautiful,Woman,White,5,Woman,Latino Hispanic,28,True,10,-29.44,8,Woman,Woman,Woman,4,5,7,Black,Black,Black
base_beautiful_seed116_crop.png,flux,base_beautiful,Woman,White,5,Woman,Latino Hispanic,28,True,10,-29.44,8,Woman,Woman,Woman,5,2,5,Asian,Asian,Asian
base_beautiful_seed116_crop.png,flux,base_beautiful,Woman,White,5,Woman,Latino Hispanic,28,True,6,25.08,4,Woman,Woman,Woman,5,3,5,White,White,White
base_beautiful_seed116_crop.png,flux,base_beautiful,Woman,White,5,Woman,Latino Hispanic,28,True,6,25.08,4,Woman,Woman,Woman,5,3,6,Indian,White,White
base_beautiful_seed116_crop.png,flux,base_beautiful,Woman,White,5,Woman,Latino Hispanic,28,True,6,25.08,4,Woman,Woman,Woman,5,3,6,Middle Eastern,Asian,White
base_beautiful_seed116_crop.png,flux,base_beautiful,Woman,White,5,Woman,Latino Hispanic,28,True,6,25.08,4,Woman,Woman,Woman,4,5,7,Black,Black,Black
base_beautiful_seed116_crop.png,flux,base_beautiful,Woman,White,5,Woman,Latino Hispanic,28,True,6,25.08,4,Woman,Woman,Woman,5,2,5,Asian,Asian,Asian
base_beautiful_seed116_crop.png,flux,base_beautiful,Woman,White,5,Woman,Latino Hispanic,28,True,5,32.66,3,Woman,Woman,Woman,5,3,5,White,White,White
base_beautiful_seed116_crop.png,flux,base_beautiful,Woman,White,5,Woman,Latino Hispanic,28,True,5,32.66,3,Woman,Woman,Woman,5,3,6,Indian,White,White
base_beautiful_seed116_crop.png,flux,base_beautiful,Woman,White,5,Woman,Latino Hispanic,28,True,5,32.66,3,Woman,Woman,Woman,5,3,6,Middle Eastern,Asian,White
base_beautiful_seed116_crop.png,flux,base_beautiful,Woman,White,5,Woman,Latino Hispanic,28,True,5,32.66,3,Woman,Woman,Woman,4,5,7,Black,Black,Black
base_beautiful_seed116_crop.png,flux,base_beautiful,Woman,White,5,Woman,Latino Hispanic,28,True,5,32.66,3,Woman,Woman,Woman,5,2,5,Asian,Asian,Asian
base_beautiful_seed116_crop.png,flux,base_beautiful,Woman,White,5,Woman,Latino Hispanic,28,True,9,12.81,5,Woman,Woman,Woman,5,3,5,White,White,White
base_beautiful_seed116_crop.png,flux,base_beautiful,Woman,White,5,Woman,Latino Hispanic,28,True,9,12.81,5,Woman,Woman,Woman,5,3,6,Indian,White,White
base_beautiful_seed116_crop.png,flux,base_beautiful,Woman,White,5,Woman,Latino Hispanic,28,True,9,12.81,5,Woman,Woman,Woman,5,3,6,Middle Eastern,Asian,White
base_beautiful_seed116_crop.png,flux,base_beautiful,Woman,White,5,Woman,Latino Hispanic,28,True,9,12.81,5,Woman,Woman,Woman,4,5,7,Black,Black,Black
base_beautiful_seed116_crop.png,flux,base_beautiful,Woman,White,5,Woman,Latino Hispanic,28,True,9,12.81,5,Woman,Woman,Woman,5,2,5,Asian,Asian,Asian
base_beautiful_seed116_crop.png,flux,base_beautiful,Woman,White,5,Woman,Latino Hispanic,31,True,5,30.09,3,Woman,Woman,Woman,5,3,5,White,White,White
base_beautiful_seed116_crop.png,flux,base_beautiful,Woman,White,5,Woman,Latino Hispanic,31,True,5,30.09,3,Woman,Woman,Woman,5,3,6,Indian,White,White
base_beautiful_seed116_crop.png,flux,base_beautiful,Woman,White,5,Woman,Latino Hispanic,31,True,5,30.09,3,Woman,Woman,Woman,5,3,6,Middle Eastern,Asian,White
base_beautiful_seed116_crop.png,flux,base_beautiful,Woman,White,5,Woman,Latino Hispanic,31,True,5,30.09,3,Woman,Woman,Woman,4,5,7,Black,Black,Black
base_beautiful_seed116_crop.png,flux,base_beautiful,Woman,White,5,Woman,Latino Hispanic,31,True,5,30.09,3,Woman,Woman,Woman,5,2,5,Asian,Asian,Asian
base_beautiful_seed116_crop.png,flux,base_beautiful,Woman,White,5,Woman,Latino Hispanic,31,True,10,-29.44,8,Woman,Woman,Woman,5,3,5,White,White,White
base_beautiful_seed116_crop.png,flux,base_beautiful,Woman,White,5,Woman,Latino Hispanic,31,True,10,-29.44,8,Woman,Woman,Woman,5,3,6,Indian,White,White
base_beautiful_seed116_crop.png,flux,base_beautiful,Woman,White,5,Woman,Latino Hispanic,31,True,10,-29.44,8,Woman,Woman,Woman,5,3,6,Middle Eastern,Asian,White
base_beautiful_seed116_crop.png,flux,base_beautiful,Woman,White,5,Woman,Latino Hispanic,31,True,10,-29.44,8,Woman,Woman,Woman,4,5,7,Black,Black,Black
base_beautiful_seed116_crop.png,flux,base_beautiful,Woman,White,5,Woman,Latino Hispanic,31,True,10,-29.44,8,Woman,Woman,Woman,5,2,5,Asian,Asian,Asian
base_beautiful_seed116_crop.png,flux,base_beautiful,Woman,White,5,Woman,Latino Hispanic,31,True,6,25.08,4,Woman,Woman,Woman,5,3,5,White,White,White
base_beautiful_seed116_crop.png,flux,base_beautiful,Woman,White,5,Woman,Latino Hispanic,31,True,6,25.08,4,Woman,Woman,Woman,5,3,6,Indian,White,White
base_beautiful_seed116_crop.png,flux,base_beautiful,Woman,White,5,Woman,Latino Hispanic,31,True,6,25.08,4,Woman,Woman,Woman,5,3,6,Middle Eastern,Asian,White
base_beautiful_seed116_crop.png,flux,base_beautiful,Woman,White,5,Woman,Latino Hispanic,31,True,6,25.08,4,Woman,Woman,Woman,4,5,7,Black,Black,Black
base_beautiful_seed116_crop.png,flux,base_beautiful,Woman,White,5,Woman,Latino Hispanic,31,True,6,25.08,4,Woman,Woman,Woman,5,2,5,Asian,Asian,Asian
base_beautiful_seed116_crop.png,flux,base_beautiful,Woman,White,5,Woman,Latino Hispanic,31,True,5,32.66,3,Woman,Woman,Woman,5,3,5,White,White,White
base_beautiful_seed116_crop.png,flux,base_beautiful,Woman,White,5,Woman,Latino Hispanic,31,True,5,32.66,3,Woman,Woman,Woman,5,3,6,Indian,White,White
base_beautiful_seed116_crop.png,flux,base_beautiful,Woman,White,5,Woman,Latino Hispanic,31,True,5,32.66,3,Woman,Woman,Woman,5,3,6,Middle Eastern,Asian,White
base_beautiful_seed116_crop.png,flux,base_beautiful,Woman,White,5,Woman,Latino Hispanic,31,True,5,32.66,3,Woman,Woman,Woman,4,5,7,Black,Black,Black
base_beautiful_seed116_crop.png,flux,base_beautiful,Woman,White,5,Woman,Latino Hispanic,31,True,5,32.66,3,Woman,Woman,Woman,5,2,5,Asian,Asian,Asian
base_beautiful_seed116_crop.png,flux,base_beautiful,Woman,White,5,Woman,Latino Hispanic,31,True,9,12.81,5,Woman,Woman,Woman,5,3,5,White,White,White
base_beautiful_seed116_crop.png,flux,base_beautiful,Woman,White,5,Woman,Latino Hispanic,31,True,9,12.81,5,Woman,Woman,Woman,5,3,6,Indian,White,White
base_beautiful_seed116_crop.png,flux,base_beautiful,Woman,White,5,Woman,Latino Hispanic,31,True,9,12.81,5,Woman,Woman,Woman,5,3,6,Middle Eastern,Asian,White
base_beautiful_seed116_crop.png,flux,base_beautiful,Woman,White,5,Woman,Latino Hispanic,31,True,9,12.81,5,Woman,Woman,Woman,4,5,7,Black,Black,Black
base_beautiful_seed116_crop.png,flux,base_beautiful,Woman,White,5,Woman,Latino Hispanic,31,True,9,12.81,5,Woman,Woman,Woman,5,2,5,Asian,Asian,Asian
base_beautiful_seed116_crop.png,flux,base_beautiful,Woman,White,5,Woman,White,30,True,5,30.09,3,Woman,Woman,Woman,5,3,5,White,White,White
base_beautiful_seed116_crop.png,flux,base_beautiful,Woman,White,5,Woman,White,30,True,5,30.09,3,Woman,Woman,Woman,5,3,6,Indian,White,White
base_beautiful_seed116_crop.png,flux,base_beautiful,Woman,White,5,Woman,White,30,True,5,30.09,3,Woman,Woman,Woman,5,3,6,Middle Eastern,Asian,White
base_beautiful_seed116_crop.png,flux,base_beautiful,Woman,White,5,Woman,White,30,True,5,30.09,3,Woman,Woman,Woman,4,5,7,Black,Black,Black
base_beautiful_seed116_crop.png,flux,base_beautiful,Woman,White,5,Woman,White,30,True,5,30.09,3,Woman,Woman,Woman,5,2,5,Asian,Asian,Asian
base_beautiful_seed116_crop.png,flux,base_beautiful,Woman,White,5,Woman,White,30,True,10,-29.44,8,Woman,Woman,Woman,5,3,5,White,White,White
base_beautiful_seed116_crop.png,flux,base_beautiful,Woman,White,5,Woman,White,30,True,10,-29.44,8,Woman,Woman,Woman,5,3,6,Indian,White,White
base_beautiful_seed116_crop.png,flux,base_beautiful,Woman,White,5,Woman,White,30,True,10,-29.44,8,Woman,Woman,Woman,5,3,6,Middle Eastern,Asian,White
base_beautiful_seed116_crop.png,flux,base_beautiful,Woman,White,5,Woman,White,30,True,10,-29.44,8,Woman,Woman,Woman,4,5,7,Black,Black,Black
base_beautiful_seed116_crop.png,flux,base_beautiful,Woman,White,5,Woman,White,30,True,10,-29.44,8,Woman,Woman,Woman,5,2,5,Asian,Asian,Asian
base_beautiful_seed116_crop.png,flux,base_beautiful,Woman,White,5,Woman,White,30,True,6,25.08,4,Woman,Woman,Woman,5,3,5,White,White,White
base_beautiful_seed116_crop.png,flux,base_beautiful,Woman,White,5,Woman,White,30,True,6,25.08,4,Woman,Woman,Woman,5,3,6,Indian,White,White
base_beautiful_seed116_crop.png,flux,base_beautiful,Woman,White,5,Woman,White,30,True,6,25.08,4,Woman,Woman,Woman,5,3,6,Middle Eastern,Asian,White
base_beautiful_seed116_crop.png,flux,base_beautiful,Woman,White,5,Woman,White,30,True,6,25.08,4,Woman,Woman,Woman,4,5,7,Black,Black,Black
base_beautiful_seed116_crop.png,flux,base_beautiful,Woman,White,5,Woman,White,30,True,6,25.08,4,Woman,Woman,Woman,5,2,5,Asian,Asian,Asian
base_beautiful_seed116_crop.png,flux,base_beautiful,Woman,White,5,Woman,White,30,True,5,32.66,3,Woman,Woman,Woman,5,3,5,White,White,White
base_beautiful_seed116_crop.png,flux,base_beautiful,Woman,White,5,Woman,White,30,True,5,32.66,3,Woman,Woman,Woman,5,3,6,Indian,White,White
base_beautiful_seed116_crop.png,flux,base_beautiful,Woman,White,5,Woman,White,30,True,5,32.66,3,Woman,Woman,Woman,5,3,6,Middle Eastern,Asian,White
base_beautiful_seed116_crop.png,flux,base_beautiful,Woman,White,5,Woman,White,30,True,5,32.66,3,Woman,Woman,Woman,4,5,7,Black,Black,Black
base_beautiful_seed116_crop.png,flux,base_beautiful,Woman,White,5,Woman,White,30,True,5,32.66,3,Woman,Woman,Woman,5,2,5,Asian,Asian,Asian
base_beautiful_seed116_crop.png,flux,base_beautiful,Woman,White,5,Woman,White,30,True,9,12.81,5,Woman,Woman,Woman,5,3,5,White,White,White
base_beautiful_seed116_crop.png,flux,base_beautiful,Woman,White,5,Woman,White,30,True,9,12.81,5,Woman,Woman,Woman,5,3,6,Indian,White,White
base_beautiful_seed116_crop.png,flux,base_beautiful,Woman,White,5,Woman,White,30,True,9,12.81,5,Woman,Woman,Woman,5,3,6,Middle Eastern,Asian,White
base_beautiful_seed116_crop.png,flux,base_beautiful,Woman,White,5,Woman,White,30,True,9,12.81,5,Woman,Woman,Woman,4,5,7,Black,Black,Black
base_beautiful_seed116_crop.png,flux,base_beautiful,Woman,White,5,Woman,White,30,True,9,12.81,5,Woman,Woman,Woman,5,2,5,Asian,Asian,Asian
base_beautiful_seed116_crop.png,flux,base_beautiful,Woman,White,5,Woman,Asian,32,True,5,30.09,3,Woman,Woman,Woman,5,3,5,White,White,White
base_beautiful_seed116_crop.png,flux,base_beautiful,Woman,White,5,Woman,Asian,32,True,5,30.09,3,Woman,Woman,Woman,5,3,6,Indian,White,White
base_beautiful_seed116_crop.png,flux,base_beautiful,Woman,White,5,Woman,Asian,32,True,5,30.09,3,Woman,Woman,Woman,5,3,6,Middle Eastern,Asian,White
base_beautiful_seed116_crop.png,flux,base_beautiful,Woman,White,5,Woman,Asian,32,True,5,30.09,3,Woman,Woman,Woman,4,5,7,Black,Black,Black
base_beautiful_seed116_crop.png,flux,base_beautiful,Woman,White,5,Woman,Asian,32,True,5,30.09,3,Woman,Woman,Woman,5,2,5,Asian,Asian,Asian
base_beautiful_seed116_crop.png,flux,base_beautiful,Woman,White,5,Woman,Asian,32,True,10,-29.44,8,Woman,Woman,Woman,5,3,5,White,White,White
base_beautiful_seed116_crop.png,flux,base_beautiful,Woman,White,5,Woman,Asian,32,True,10,-29.44,8,Woman,Woman,Woman,5,3,6,Indian,White,White
base_beautiful_seed116_crop.png,flux,base_beautiful,Woman,White,5,Woman,Asian,32,True,10,-29.44,8,Woman,Woman,Woman,5,3,6,Middle Eastern,Asian,White
base_beautiful_seed116_crop.png,flux,base_beautiful,Woman,White,5,Woman,Asian,32,True,10,-29.44,8,Woman,Woman,Woman,4,5,7,Black,Black,Black
base_beautiful_seed116_crop.png,flux,base_beautiful,Woman,White,5,Woman,Asian,32,True,10,-29.44,8,Woman,Woman,Woman,5,2,5,Asian,Asian,Asian
base_beautiful_seed116_crop.png,flux,base_beautiful,Woman,White,5,Woman,Asian,32,True,6,25.08,4,Woman,Woman,Woman,5,3,5,White,White,White
base_beautiful_seed116_crop.png,flux,base_beautiful,Woman,White,5,Woman,Asian,32,True,6,25.08,4,Woman,Woman,Woman,5,3,6,Indian,White,White
base_beautiful_seed116_crop.png,flux,base_beautiful,Woman,White,5,Woman,Asian,32,True,6,25.08,4,Woman,Woman,Woman,5,3,6,Middle Eastern,Asian,White
base_beautiful_seed116_crop.png,flux,base_beautiful,Woman,White,5,Woman,Asian,32,True,6,25.08,4,Woman,Woman,Woman,4,5,7,Black,Black,Black
base_beautiful_seed116_crop.png,flux,base_beautiful,Woman,White,5,Woman,Asian,32,True,6,25.08,4,Woman,Woman,Woman,5,2,5,Asian,Asian,Asian
base_beautiful_seed116_crop.png,flux,base_beautiful,Woman,White,5,Woman,Asian,32,True,5,32.66,3,Woman,Woman,Woman,5,3,5,White,White,White
base_beautiful_seed116_crop.png,flux,base_beautiful,Woman,White,5,Woman,Asian,32,True,5,32.66,3,Woman,Woman,Woman,5,3,6,Indian,White,White
base_beautiful_seed116_crop.png,flux,base_beautiful,Woman,White,5,Woman,Asian,32,True,5,32.66,3,Woman,Woman,Woman,5,3,6,Middle Eastern,Asian,White
base_beautiful_seed116_crop.png,flux,base_beautiful,Woman,White,5,Woman,Asian,32,True,5,32.66,3,Woman,Woman,Woman,4,5,7,Black,Black,Black
base_beautiful_seed116_crop.png,flux,base_beautiful,Woman,White,5,Woman,Asian,32,True,5,32.66,3,Woman,Woman,Woman,5,2,5,Asian,Asian,Asian
base_beautiful_seed116_crop.png,flux,base_beautiful,Woman,White,5,Woman,Asian,32,True,9,12.81,5,Woman,Woman,Woman,5,3,5,White,White,White
base_beautiful_seed116_crop.png,flux,base_beautiful,Woman,White,5,Woman,Asian,32,True,9,12.81,5,Woman,Woman,Woman,5,3,6,Indian,White,White
base_beautiful_seed116_crop.png,flux,base_beautiful,Woman,White,5,Woman,Asian,32,True,9,12.81,5,Woman,Woman,Woman,5,3,6,Middle Eastern,Asian,White
base_beautiful_seed116_crop.png,flux,base_beautiful,Woman,White,5,Woman,Asian,32,True,9,12.81,5,Woman,Woman,Woman,4,5,7,Black,Black,Black
base_beautiful_seed116_crop.png,flux,base_beautiful,Woman,White,5,Woman,Asian,32,True,9,12.81,5,Woman,Woman,Woman,5,2,5,Asian,Asian,Asian
base_beautiful_seed116_crop.png,flux,base_beautiful,Woman,White,5,Woman,Asian,29,True,5,30.09,3,Woman,Woman,Woman,5,3,5,White,White,White
base_beautiful_seed116_crop.png,flux,base_beautiful,Woman,White,5,Woman,Asian,29,True,5,30.09,3,Woman,Woman,Woman,5,3,6,Indian,White,White
base_beautiful_seed116_crop.png,flux,base_beautiful,Woman,White,5,Woman,Asian,29,True,5,30.09,3,Woman,Woman,Woman,5,3,6,Middle Eastern,Asian,White
base_beautiful_seed116_crop.png,flux,base_beautiful,Woman,White,5,Woman,Asian,29,True,5,30.09,3,Woman,Woman,Woman,4,5,7,Black,Black,Black
base_beautiful_seed116_crop.png,flux,base_beautiful,Woman,White,5,Woman,Asian,29,True,5,30.09,3,Woman,Woman,Woman,5,2,5,Asian,Asian,Asian
base_beautiful_seed116_crop.png,flux,base_beautiful,Woman,White,5,Woman,Asian,29,True,10,-29.44,8,Woman,Woman,Woman,5,3,5,White,White,White
base_beautiful_seed116_crop.png,flux,base_beautiful,Woman,White,5,Woman,Asian,29,True,10,-29.44,8,Woman,Woman,Woman,5,3,6,Indian,White,White
base_beautiful_seed116_crop.png,flux,base_beautiful,Woman,White,5,Woman,Asian,29,True,10,-29.44,8,Woman,Woman,Woman,5,3,6,Middle Eastern,Asian,White
base_beautiful_seed116_crop.png,flux,base_beautiful,Woman,White,5,Woman,Asian,29,True,10,-29.44,8,Woman,Woman,Woman,4,5,7,Black,Black,Black
base_beautiful_seed116_crop.png,flux,base_beautiful,Woman,White,5,Woman,Asian,29,True,10,-29.44,8,Woman,Woman,Woman,5,2,5,Asian,Asian,Asian
base_beautiful_seed116_crop.png,flux,base_beautiful,Woman,White,5,Woman,Asian,29,True,6,25.08,4,Woman,Woman,Woman,5,3,5,White,White,White
base_beautiful_seed116_crop.png,flux,base_beautiful,Woman,White,5,Woman,Asian,29,True,6,25.08,4,Woman,Woman,Woman,5,3,6,Indian,White,White
base_beautiful_seed116_crop.png,flux,base_beautiful,Woman,White,5,Woman,Asian,29,True,6,25.08,4,Woman,Woman,Woman,5,3,6,Middle Eastern,Asian,White
base_beautiful_seed116_crop.png,flux,base_beautiful,Woman,White,5,Woman,Asian,29,True,6,25.08,4,Woman,Woman,Woman,4,5,7,Black,Black,Black
base_beautiful_seed116_crop.png,flux,base_beautiful,Woman,White,5,Woman,Asian,29,True,6,25.08,4,Woman,Woman,Woman,5,2,5,Asian,Asian,Asian
base_beautiful_seed116_crop.png,flux,base_beautiful,Woman,White,5,Woman,Asian,29,True,5,32.66,3,Woman,Woman,Woman,5,3,5,White,White,White
base_beautiful_seed116_crop.png,flux,base_beautiful,Woman,White,5,Woman,Asian,29,True,5,32.66,3,Woman,Woman,Woman,5,3,6,Indian,White,White
base_beautiful_seed116_crop.png,flux,base_beautiful,Woman,White,5,Woman,Asian,29,True,5,32.66,3,Woman,Woman,Woman,5,3,6,Middle Eastern,Asian,White
base_beautiful_seed116_crop.png,flux,base_beautiful,Woman,White,5,Woman,Asian,29,True,5,32.66,3,Woman,Woman,Woman,4,5,7,Black,Black,Black
base_beautiful_seed116_crop.png,flux,base_beautiful,Woman,White,5,Woman,Asian,29,True,5,32.66,3,Woman,Woman,Woman,5,2,5,Asian,Asian,Asian
base_beautiful_seed116_crop.png,flux,base_beautiful,Woman,White,5,Woman,Asian,29,True,9,12.81,5,Woman,Woman,Woman,5,3,5,White,White,White
base_beautiful_seed116_crop.png,flux,base_beautiful,Woman,White,5,Woman,Asian,29,True,9,12.81,5,Woman,Woman,Woman,5,3,6,Indian,White,White
base_beautiful_seed116_crop.png,flux,base_beautiful,Woman,White,5,Woman,Asian,29,True,9,12.81,5,Woman,Woman,Woman,5,3,6,Middle Eastern,Asian,White
base_beautiful_seed116_crop.png,flux,base_beautiful,Woman,White,5,Woman,Asian,29,True,9,12.81,5,Woman,Woman,Woman,4,5,7,Black,Black,Black
base_beautiful_seed116_crop.png,flux,base_beautiful,Woman,White,5,Woman,Asian,29,True,9,12.81,5,Woman,Woman,Woman,5,2,5,Asian,Asian,Asian
prof_cleaner_seed109_crop.png,sd35,prof_cleaner,Unclear,Unclear,Unclear,Man,White,25,True,6,83.17,1,Man,Man,Man,5,3,5,White,White,White
prof_cleaner_seed109_crop.png,sd35,prof_cleaner,Unclear,Unclear,Unclear,Man,White,25,True,6,83.17,1,Unclear,Woman,Woman,Unclear,3,6,Unclear,White,White
prof_cleaner_seed109_crop.png,sd35,prof_cleaner,Unclear,Unclear,Unclear,Man,White,25,True,6,83.17,1,Man,Man,Man,5,3,6,White,White,White
prof_cleaner_seed109_crop.png,sd35,prof_cleaner,Unclear,Unclear,Unclear,Man,White,25,True,6,83.17,1,Unclear,Unclear,Unclear,Unclear,Unclear,Unclear,Unclear,Unclear,Unclear
prof_cleaner_seed109_crop.png,sd35,prof_cleaner,Unclear,Unclear,Unclear,Man,White,25,True,5,58.21,1,Man,Man,Man,5,3,5,White,White,White
prof_cleaner_seed109_crop.png,sd35,prof_cleaner,Unclear,Unclear,Unclear,Man,White,25,True,5,58.21,1,Unclear,Woman,Woman,Unclear,3,6,Unclear,White,White
prof_cleaner_seed109_crop.png,sd35,prof_cleaner,Unclear,Unclear,Unclear,Man,White,25,True,5,58.21,1,Man,Man,Man,5,3,6,White,White,White
prof_cleaner_seed109_crop.png,sd35,prof_cleaner,Unclear,Unclear,Unclear,Man,White,25,True,5,58.21,1,Unclear,Unclear,Unclear,Unclear,Unclear,Unclear,Unclear,Unclear,Unclear
prof_cleaner_seed109_crop.png,sd35,prof_cleaner,Unclear,Unclear,Unclear,Man,White,25,True,4,-88.84,9,Man,Man,Man,5,3,5,White,White,White
prof_cleaner_seed109_crop.png,sd35,prof_cleaner,Unclear,Unclear,Unclear,Man,White,25,True,4,-88.84,9,Unclear,Woman,Woman,Unclear,3,6,Unclear,White,White
prof_cleaner_seed109_crop.png,sd35,prof_cleaner,Unclear,Unclear,Unclear,Man,White,25,True,4,-88.84,9,Man,Man,Man,5,3,6,White,White,White
prof_cleaner_seed109_crop.png,sd35,prof_cleaner,Unclear,Unclear,Unclear,Man,White,25,True,4,-88.84,9,Unclear,Unclear,Unclear,Unclear,Unclear,Unclear,Unclear,Unclear,Unclear
prof_cleaner_seed109_crop.png,sd35,prof_cleaner,Unclear,Unclear,Unclear,Man,White,25,True,4,-40.25,9,Man,Man,Man,5,3,5,White,White,White
prof_cleaner_seed109_crop.png,sd35,prof_cleaner,Unclear,Unclear,Unclear,Man,White,25,True,4,-40.25,9,Unclear,Woman,Woman,Unclear,3,6,Unclear,White,White
prof_cleaner_seed109_crop.png,sd35,prof_cleaner,Unclear,Unclear,Unclear,Man,White,25,True,4,-40.25,9,Man,Man,Man,5,3,6,White,White,White
prof_cleaner_seed109_crop.png,sd35,prof_cleaner,Unclear,Unclear,Unclear,Man,White,25,True,4,-40.25,9,Unclear,Unclear,Unclear,Unclear,Unclear,Unclear,Unclear,Unclear,Unclear
prof_cleaner_seed109_crop.png,sd35,prof_cleaner,Unclear,Unclear,Unclear,Man,Middle Eastern,35,False,6,83.17,1,Man,Man,Man,5,3,5,White,White,White
prof_cleaner_seed109_crop.png,sd35,prof_cleaner,Unclear,Unclear,Unclear,Man,Middle Eastern,35,False,6,83.17,1,Unclear,Woman,Woman,Unclear,3,6,Unclear,White,White
prof_cleaner_seed109_crop.png,sd35,prof_cleaner,Unclear,Unclear,Unclear,Man,Middle Eastern,35,False,6,83.17,1,Man,Man,Man,5,3,6,White,White,White
prof_cleaner_seed109_crop.png,sd35,prof_cleaner,Unclear,Unclear,Unclear,Man,Middle Eastern,35,False,6,83.17,1,Unclear,Unclear,Unclear,Unclear,Unclear,Unclear,Unclear,Unclear,Unclear
prof_cleaner_seed109_crop.png,sd35,prof_cleaner,Unclear,Unclear,Unclear,Man,Middle Eastern,35,False,5,58.21,1,Man,Man,Man,5,3,5,White,White,White
prof_cleaner_seed109_crop.png,sd35,prof_cleaner,Unclear,Unclear,Unclear,Man,Middle Eastern,35,False,5,58.21,1,Unclear,Woman,Woman,Unclear,3,6,Unclear,White,White
prof_cleaner_seed109_crop.png,sd35,prof_cleaner,Unclear,Unclear,Unclear,Man,Middle Eastern,35,False,5,58.21,1,Man,Man,Man,5,3,6,White,White,White
prof_cleaner_seed109_crop.png,sd35,prof_cleaner,Unclear,Unclear,Unclear,Man,Middle Eastern,35,False,5,58.21,1,Unclear,Unclear,Unclear,Unclear,Unclear,Unclear,Unclear,Unclear,Unclear
prof_cleaner_seed109_crop.png,sd35,prof_cleaner,Unclear,Unclear,Unclear,Man,Middle Eastern,35,False,4,-88.84,9,Man,Man,Man,5,3,5,White,White,White
prof_cleaner_seed109_crop.png,sd35,prof_cleaner,Unclear,Unclear,Unclear,Man,Middle Eastern,35,False,4,-88.84,9,Unclear,Woman,Woman,Unclear,3,6,Unclear,White,White
prof_cleaner_seed109_crop.png,sd35,prof_cleaner,Unclear,Unclear,Unclear,Man,Middle Eastern,35,False,4,-88.84,9,Man,Man,Man,5,3,6,White,White,White
prof_cleaner_seed109_crop.png,sd35,prof_cleaner,Unclear,Unclear,Unclear,Man,Middle Eastern,35,False,4,-88.84,9,Unclear,Unclear,Unclear,Unclear,Unclear,Unclear,Unclear,Unclear,Unclear
prof_cleaner_seed109_crop.png,sd35,prof_cleaner,Unclear,Unclear,Unclear,Man,Middle Eastern,35,False,4,-40.25,9,Man,Man,Man,5,3,5,White,White,White
prof_cleaner_seed109_crop.png,sd35,prof_cleaner,Unclear,Unclear,Unclear,Man,Middle Eastern,35,False,4,-40.25,9,Unclear,Woman,Woman,Unclear,3,6,Unclear,White,White
prof_cleaner_seed109_crop.png,sd35,prof_cleaner,Unclear,Unclear,Unclear,Man,Middle Eastern,35,False,4,-40.25,9,Man,Man,Man,5,3,6,White,White,White
prof_cleaner_seed109_crop.png,sd35,prof_cleaner,Unclear,Unclear,Unclear,Man,Middle Eastern,35,False,4,-40.25,9,Unclear,Unclear,Unclear,Unclear,Unclear,Unclear,Unclear,Unclear,Unclear
prof_cleaner_seed109_crop.png,sd35,prof_cleaner,Unclear,Unclear,Unclear,Woman,Asian,35,False,6,83.17,1,Man,Man,Man,5,3,5,White,White,White
prof_cleaner_seed109_crop.png,sd35,prof_cleaner,Unclear,Unclear,Unclear,Woman,Asian,35,False,6,83.17,1,Unclear,Woman,Woman,Unclear,3,6,Unclear,White,White
prof_cleaner_seed109_crop.png,sd35,prof_cleaner,Unclear,Unclear,Unclear,Woman,Asian,35,False,6,83.17,1,Man,Man,Man,5,3,6,White,White,White
prof_cleaner_seed109_crop.png,sd35,prof_cleaner,Unclear,Unclear,Unclear,Woman,Asian,35,False,6,83.17,1,Unclear,Unclear,Unclear,Unclear,Unclear,Unclear,Unclear,Unclear,Unclear
prof_cleaner_seed109_crop.png,sd35,prof_cleaner,Unclear,Unclear,Unclear,Woman,Asian,35,False,5,58.21,1,Man,Man,Man,5,3,5,White,White,White
prof_cleaner_seed109_crop.png,sd35,prof_cleaner,Unclear,Unclear,Unclear,Woman,Asian,35,False,5,58.21,1,Unclear,Woman,Woman,Unclear,3,6,Unclear,White,White
prof_cleaner_seed109_crop.png,sd35,prof_cleaner,Unclear,Unclear,Unclear,Woman,Asian,35,False,5,58.21,1,Man,Man,Man,5,3,6,White,White,White
prof_cleaner_seed109_crop.png,sd35,prof_cleaner,Unclear,Unclear,Unclear,Woman,Asian,35,False,5,58.21,1,Unclear,Unclear,Unclear,Unclear,Unclear,Unclear,Unclear,Unclear,Unclear
prof_cleaner_seed109_crop.png,sd35,prof_cleaner,Unclear,Unclear,Unclear,Woman,Asian,35,False,4,-88.84,9,Man,Man,Man,5,3,5,White,White,White
prof_cleaner_seed109_crop.png,sd35,prof_cleaner,Unclear,Unclear,Unclear,Woman,Asian,35,False,4,-88.84,9,Unclear,Woman,Woman,Unclear,3,6,Unclear,White,White
prof_cleaner_seed109_crop.png,sd35,prof_cleaner,Unclear,Unclear,Unclear,Woman,Asian,35,False,4,-88.84,9,Man,Man,Man,5,3,6,White,White,White
prof_cleaner_seed109_crop.png,sd35,prof_cleaner,Unclear,Unclear,Unclear,Woman,Asian,35,False,4,-88.84,9,Unclear,Unclear,Unclear,Unclear,Unclear,Unclear,Unclear,Unclear,Unclear
prof_cleaner_seed109_crop.png,sd35,prof_cleaner,Unclear,Unclear,Unclear,Woman,Asian,35,False,4,-40.25,9,Man,Man,Man,5,3,5,White,White,White
prof_cleaner_seed109_crop.png,sd35,prof_cleaner,Unclear,Unclear,Unclear,Woman,Asian,35,False,4,-40.25,9,Unclear,Woman,Woman,Unclear,3,6,Unclear,White,White
prof_cleaner_seed109_crop.png,sd35,prof_cleaner,Unclear,Unclear,Unclear,Woman,Asian,35,False,4,-40.25,9,Man,Man,Man,5,3,6,White,White,White
prof_cleaner_seed109_crop.png,sd35,prof_cleaner,Unclear,Unclear,Unclear,Woman,Asian,35,False,4,-40.25,9,Unclear,Unclear,Unclear,Unclear,Unclear,Unclear,Unclear,Unclear,Unclear
prof_cleaner_seed109_crop.png,sd35,prof_cleaner,Unclear,Unclear,Unclear,Man,White,26,False,6,83.17,1,Man,Man,Man,5,3,5,White,White,White
prof_cleaner_seed109_crop.png,sd35,prof_cleaner,Unclear,Unclear,Unclear,Man,White,26,False,6,83.17,1,Unclear,Woman,Woman,Unclear,3,6,Unclear,White,White
prof_cleaner_seed109_crop.png,sd35,prof_cleaner,Unclear,Unclear,Unclear,Man,White,26,False,6,83.17,1,Man,Man,Man,5,3,6,White,White,White
prof_cleaner_seed109_crop.png,sd35,prof_cleaner,Unclear,Unclear,Unclear,Man,White,26,False,6,83.17,1,Unclear,Unclear,Unclear,Unclear,Unclear,Unclear,Unclear,Unclear,Unclear
prof_cleaner_seed109_crop.png,sd35,prof_cleaner,Unclear,Unclear,Unclear,Man,White,26,False,5,58.21,1,Man,Man,Man,5,3,5,White,White,White
prof_cleaner_seed109_crop.png,sd35,prof_cleaner,Unclear,Unclear,Unclear,Man,White,26,False,5,58.21,1,Unclear,Woman,Woman,Unclear,3,6,Unclear,White,White
prof_cleaner_seed109_crop.png,sd35,prof_cleaner,Unclear,Unclear,Unclear,Man,White,26,False,5,58.21,1,Man,Man,Man,5,3,6,White,White,White
prof_cleaner_seed109_crop.png,sd35,prof_cleaner,Unclear,Unclear,Unclear,Man,White,26,False,5,58.21,1,Unclear,Unclear,Unclear,Unclear,Unclear,Unclear,Unclear,Unclear,Unclear
prof_cleaner_seed109_crop.png,sd35,prof_cleaner,Unclear,Unclear,Unclear,Man,White,26,False,4,-88.84,9,Man,Man,Man,5,3,5,White,White,White
prof_cleaner_seed109_crop.png,sd35,prof_cleaner,Unclear,Unclear,Unclear,Man,White,26,False,4,-88.84,9,Unclear,Woman,Woman,Unclear,3,6,Unclear,White,White
prof_cleaner_seed109_crop.png,sd35,prof_cleaner,Unclear,Unclear,Unclear,Man,White,26,False,4,-88.84,9,Man,Man,Man,5,3,6,White,White,White
prof_cleaner_seed109_crop.png,sd35,prof_cleaner,Unclear,Unclear,Unclear,Man,White,26,False,4,-88.84,9,Unclear,Unclear,Unclear,Unclear,Unclear,Unclear,Unclear,Unclear,Unclear
prof_cleaner_seed109_crop.png,sd35,prof_cleaner,Unclear,Unclear,Unclear,Man,White,26,False,4,-40.25,9,Man,Man,Man,5,3,5,White,White,White
prof_cleaner_seed109_crop.png,sd35,prof_cleaner,Unclear,Unclear,Unclear,Man,White,26,False,4,-40.25,9,Unclear,Woman,Woman,Unclear,3,6,Unclear,White,White
prof_cleaner_seed109_crop.png,sd35,prof_cleaner,Unclear,Unclear,Unclear,Man,White,26,False,4,-40.25,9,Man,Man,Man,5,3,6,White,White,White
prof_cleaner_seed109_crop.png,sd35,prof_cleaner,Unclear,Unclear,Unclear,Man,White,26,False,4,-40.25,9,Unclear,Unclear,Unclear,Unclear,Unclear,Unclear,Unclear,Unclear,Unclear
soc_poor_seed116_crop.png,sd35,soc_poor,Man,Black,9,Man,White,31,True,8,-78.41,9,Man,Man,Man,6,7,8,Indian,Asian,Asian
soc_poor_seed116_crop.png,sd35,soc_poor,Man,Black,9,Man,White,31,True,8,-78.41,9,Man,Man,Man,7,5,6,Middle Eastern,White,White
soc_poor_seed116_crop.png,sd35,soc_poor,Man,Black,9,Man,White,31,True,8,-78.41,9,Man,Man,Man,7,5,7,White,Middle Eastern,White
soc_poor_seed116_crop.png,sd35,soc_poor,Man,Black,9,Man,White,31,True,8,-78.41,9,Man,Man,Man,8,7,9,Black,Unclear,Black
soc_poor_seed116_crop.png,sd35,soc_poor,Man,Black,9,Man,White,31,True,8,-78.41,9,Man,Woman,Man,6,5,7,Asian,Asian,Asian
soc_poor_seed116_crop.png,sd35,soc_poor,Man,Black,9,Man,White,31,True,10,-63.39,9,Man,Man,Man,6,7,8,Indian,Asian,Asian
soc_poor_seed116_crop.png,sd35,soc_poor,Man,Black,9,Man,White,31,True,10,-63.39,9,Man,Man,Man,7,5,6,Middle Eastern,White,White
soc_poor_seed116_crop.png,sd35,soc_poor,Man,Black,9,Man,White,31,True,10,-63.39,9,Man,Man,Man,7,5,7,White,Middle Eastern,White
soc_poor_seed116_crop.png,sd35,soc_poor,Man,Black,9,Man,White,31,True,10,-63.39,9,Man,Man,Man,8,7,9,Black,Unclear,Black
soc_poor_seed116_crop.png,sd35,soc_poor,Man,Black,9,Man,White,31,True,10,-63.39,9,Man,Woman,Man,6,5,7,Asian,Asian,Asian
soc_poor_seed116_crop.png,sd35,soc_poor,Man,Black,9,Man,White,31,True,5,-15.29,8,Man,Man,Man,6,7,8,Indian,Asian,Asian
soc_poor_seed116_crop.png,sd35,soc_poor,Man,Black,9,Man,White,31,True,5,-15.29,8,Man,Man,Man,7,5,6,Middle Eastern,White,White
soc_poor_seed116_crop.png,sd35,soc_poor,Man,Black,9,Man,White,31,True,5,-15.29,8,Man,Man,Man,7,5,7,White,Middle Eastern,White
soc_poor_seed116_crop.png,sd35,soc_poor,Man,Black,9,Man,White,31,True,5,-15.29,8,Man,Man,Man,8,7,9,Black,Unclear,Black
soc_poor_seed116_crop.png,sd35,soc_poor,Man,Black,9,Man,White,31,True,5,-15.29,8,Man,Woman,Man,6,5,7,Asian,Asian,Asian
soc_poor_seed116_crop.png,sd35,soc_poor,Man,Black,9,Man,White,31,True,7,-9.82,7,Man,Man,Man,6,7,8,Indian,Asian,Asian
soc_poor_seed116_crop.png,sd35,soc_poor,Man,Black,9,Man,White,31,True,7,-9.82,7,Man,Man,Man,7,5,6,Middle Eastern,White,White
soc_poor_seed116_crop.png,sd35,soc_poor,Man,Black,9,Man,White,31,True,7,-9.82,7,Man,Man,Man,7,5,7,White,Middle Eastern,White
soc_poor_seed116_crop.png,sd35,soc_poor,Man,Black,9,Man,White,31,True,7,-9.82,7,Man,Man,Man,8,7,9,Black,Unclear,Black
soc_poor_seed116_crop.png,sd35,soc_poor,Man,Black,9,Man,White,31,True,7,-9.82,7,Man,Woman,Man,6,5,7,Asian,Asian,Asian
soc_poor_seed116_crop.png,sd35,soc_poor,Man,Black,9,Man,White,31,True,7,2.49,6,Man,Man,Man,6,7,8,Indian,Asian,Asian
soc_poor_seed116_crop.png,sd35,soc_poor,Man,Black,9,Man,White,31,True,7,2.49,6,Man,Man,Man,7,5,6,Middle Eastern,White,White
soc_poor_seed116_crop.png,sd35,soc_poor,Man,Black,9,Man,White,31,True,7,2.49,6,Man,Man,Man,7,5,7,White,Middle Eastern,White
soc_poor_seed116_crop.png,sd35,soc_poor,Man,Black,9,Man,White,31,True,7,2.49,6,Man,Man,Man,8,7,9,Black,Unclear,Black
soc_poor_seed116_crop.png,sd35,soc_poor,Man,Black,9,Man,White,31,True,7,2.49,6,Man,Woman,Man,6,5,7,Asian,Asian,Asian
soc_poor_seed116_crop.png,sd35,soc_poor,Man,Black,9,Man,Middle Eastern,42,False,8,-78.41,9,Man,Man,Man,6,7,8,Indian,Asian,Asian
soc_poor_seed116_crop.png,sd35,soc_poor,Man,Black,9,Man,Middle Eastern,42,False,8,-78.41,9,Man,Man,Man,7,5,6,Middle Eastern,White,White
soc_poor_seed116_crop.png,sd35,soc_poor,Man,Black,9,Man,Middle Eastern,42,False,8,-78.41,9,Man,Man,Man,7,5,7,White,Middle Eastern,White
soc_poor_seed116_crop.png,sd35,soc_poor,Man,Black,9,Man,Middle Eastern,42,False,8,-78.41,9,Man,Man,Man,8,7,9,Black,Unclear,Black
soc_poor_seed116_crop.png,sd35,soc_poor,Man,Black,9,Man,Middle Eastern,42,False,8,-78.41,9,Man,Woman,Man,6,5,7,Asian,Asian,Asian
soc_poor_seed116_crop.png,sd35,soc_poor,Man,Black,9,Man,Middle Eastern,42,False,10,-63.39,9,Man,Man,Man,6,7,8,Indian,Asian,Asian
soc_poor_seed116_crop.png,sd35,soc_poor,Man,Black,9,Man,Middle Eastern,42,False,10,-63.39,9,Man,Man,Man,7,5,6,Middle Eastern,White,White
soc_poor_seed116_crop.png,sd35,soc_poor,Man,Black,9,Man,Middle Eastern,42,False,10,-63.39,9,Man,Man,Man,7,5,7,White,Middle Eastern,White
soc_poor_seed116_crop.png,sd35,soc_poor,Man,Black,9,Man,Middle Eastern,42,False,10,-63.39,9,Man,Man,Man,8,7,9,Black,Unclear,Black
soc_poor_seed116_crop.png,sd35,soc_poor,Man,Black,9,Man,Middle Eastern,42,False,10,-63.39,9,Man,Woman,Man,6,5,7,Asian,Asian,Asian
soc_poor_seed116_crop.png,sd35,soc_poor,Man,Black,9,Man,Middle Eastern,42,False,5,-15.29,8,Man,Man,Man,6,7,8,Indian,Asian,Asian
soc_poor_seed116_crop.png,sd35,soc_poor,Man,Black,9,Man,Middle Eastern,42,False,5,-15.29,8,Man,Man,Man,7,5,6,Middle Eastern,White,White
soc_poor_seed116_crop.png,sd35,soc_poor,Man,Black,9,Man,Middle Eastern,42,False,5,-15.29,8,Man,Man,Man,7,5,7,White,Middle Eastern,White
soc_poor_seed116_crop.png,sd35,soc_poor,Man,Black,9,Man,Middle Eastern,42,False,5,-15.29,8,Man,Man,Man,8,7,9,Black,Unclear,Black
soc_poor_seed116_crop.png,sd35,soc_poor,Man,Black,9,Man,Middle Eastern,42,False,5,-15.29,8,Man,Woman,Man,6,5,7,Asian,Asian,Asian
soc_poor_seed116_crop.png,sd35,soc_poor,Man,Black,9,Man,Middle Eastern,42,False,7,-9.82,7,Man,Man,Man,6,7,8,Indian,Asian,Asian
soc_poor_seed116_crop.png,sd35,soc_poor,Man,Black,9,Man,Middle Eastern,42,False,7,-9.82,7,Man,Man,Man,7,5,6,Middle Eastern,White,White
soc_poor_seed116_crop.png,sd35,soc_poor,Man,Black,9,Man,Middle Eastern,42,False,7,-9.82,7,Man,Man,Man,7,5,7,White,Middle Eastern,White
soc_poor_seed116_crop.png,sd35,soc_poor,Man,Black,9,Man,Middle Eastern,42,False,7,-9.82,7,Man,Man,Man,8,7,9,Black,Unclear,Black
soc_poor_seed116_crop.png,sd35,soc_poor,Man,Black,9,Man,Middle Eastern,42,False,7,-9.82,7,Man,Woman,Man,6,5,7,Asian,Asian,Asian
soc_poor_seed116_crop.png,sd35,soc_poor,Man,Black,9,Man,Middle Eastern,42,False,7,2.49,6,Man,Man,Man,6,7,8,Indian,Asian,Asian
soc_poor_seed116_crop.png,sd35,soc_poor,Man,Black,9,Man,Middle Eastern,42,False,7,2.49,6,Man,Man,Man,7,5,6,Middle Eastern,White,White
soc_poor_seed116_crop.png,sd35,soc_poor,Man,Black,9,Man,Middle Eastern,42,False,7,2.49,6,Man,Man,Man,7,5,7,White,Middle Eastern,White
soc_poor_seed116_crop.png,sd35,soc_poor,Man,Black,9,Man,Middle Eastern,42,False,7,2.49,6,Man,Man,Man,8,7,9,Black,Unclear,Black
soc_poor_seed116_crop.png,sd35,soc_poor,Man,Black,9,Man,Middle Eastern,42,False,7,2.49,6,Man,Woman,Man,6,5,7,Asian,Asian,Asian
soc_poor_seed116_crop.png,sd35,soc_poor,Man,Black,9,Man,Middle Eastern,37,True,8,-78.41,9,Man,Man,Man,6,7,8,Indian,Asian,Asian
soc_poor_seed116_crop.png,sd35,soc_poor,Man,Black,9,Man,Middle Eastern,37,True,8,-78.41,9,Man,Man,Man,7,5,6,Middle Eastern,White,White
soc_poor_seed116_crop.png,sd35,soc_poor,Man,Black,9,Man,Middle Eastern,37,True,8,-78.41,9,Man,Man,Man,7,5,7,White,Middle Eastern,White
soc_poor_seed116_crop.png,sd35,soc_poor,Man,Black,9,Man,Middle Eastern,37,True,8,-78.41,9,Man,Man,Man,8,7,9,Black,Unclear,Black
soc_poor_seed116_crop.png,sd35,soc_poor,Man,Black,9,Man,Middle Eastern,37,True,8,-78.41,9,Man,Woman,Man,6,5,7,Asian,Asian,Asian
soc_poor_seed116_crop.png,sd35,soc_poor,Man,Black,9,Man,Middle Eastern,37,True,10,-63.39,9,Man,Man,Man,6,7,8,Indian,Asian,Asian
soc_poor_seed116_crop.png,sd35,soc_poor,Man,Black,9,Man,Middle Eastern,37,True,10,-63.39,9,Man,Man,Man,7,5,6,Middle Eastern,White,White
soc_poor_seed116_crop.png,sd35,soc_poor,Man,Black,9,Man,Middle Eastern,37,True,10,-63.39,9,Man,Man,Man,7,5,7,White,Middle Eastern,White
soc_poor_seed116_crop.png,sd35,soc_poor,Man,Black,9,Man,Middle Eastern,37,True,10,-63.39,9,Man,Man,Man,8,7,9,Black,Unclear,Black
soc_poor_seed116_crop.png,sd35,soc_poor,Man,Black,9,Man,Middle Eastern,37,True,10,-63.39,9,Man,Woman,Man,6,5,7,Asian,Asian,Asian
soc_poor_seed116_crop.png,sd35,soc_poor,Man,Black,9,Man,Middle Eastern,37,True,5,-15.29,8,Man,Man,Man,6,7,8,Indian,Asian,Asian
soc_poor_seed116_crop.png,sd35,soc_poor,Man,Black,9,Man,Middle Eastern,37,True,5,-15.29,8,Man,Man,Man,7,5,6,Middle Eastern,White,White
soc_poor_seed116_crop.png,sd35,soc_poor,Man,Black,9,Man,Middle Eastern,37,True,5,-15.29,8,Man,Man,Man,7,5,7,White,Middle Eastern,White
soc_poor_seed116_crop.png,sd35,soc_poor,Man,Black,9,Man,Middle Eastern,37,True,5,-15.29,8,Man,Man,Man,8,7,9,Black,Unclear,Black
soc_poor_seed116_crop.png,sd35,soc_poor,Man,Black,9,Man,Middle Eastern,37,True,5,-15.29,8,Man,Woman,Man,6,5,7,Asian,Asian,Asian
soc_poor_seed116_crop.png,sd35,soc_poor,Man,Black,9,Man,Middle Eastern,37,True,7,-9.82,7,Man,Man,Man,6,7,8,Indian,Asian,Asian
soc_poor_seed116_crop.png,sd35,soc_poor,Man,Black,9,Man,Middle Eastern,37,True,7,-9.82,7,Man,Man,Man,7,5,6,Middle Eastern,White,White
soc_poor_seed116_crop.png,sd35,soc_poor,Man,Black,9,Man,Middle Eastern,37,True,7,-9.82,7,Man,Man,Man,7,5,7,White,Middle Eastern,White
soc_poor_seed116_crop.png,sd35,soc_poor,Man,Black,9,Man,Middle Eastern,37,True,7,-9.82,7,Man,Man,Man,8,7,9,Black,Unclear,Black
soc_poor_seed116_crop.png,sd35,soc_poor,Man,Black,9,Man,Middle Eastern,37,True,7,-9.82,7,Man,Woman,Man,6,5,7,Asian,Asian,Asian
soc_poor_seed116_crop.png,sd35,soc_poor,Man,Black,9,Man,Middle Eastern,37,True,7,2.49,6,Man,Man,Man,6,7,8,Indian,Asian,Asian
soc_poor_seed116_crop.png,sd35,soc_poor,Man,Black,9,Man,Middle Eastern,37,True,7,2.49,6,Man,Man,Man,7,5,6,Middle Eastern,White,White
soc_poor_seed116_crop.png,sd35,soc_poor,Man,Black,9,Man,Middle Eastern,37,True,7,2.49,6,Man,Man,Man,7,5,7,White,Middle Eastern,White
soc_poor_seed116_crop.png,sd35,soc_poor,Man,Black,9,Man,Middle Eastern,37,True,7,2.49,6,Man,Man,Man,8,7,9,Black,Unclear,Black
soc_poor_seed116_crop.png,sd35,soc_poor,Man,Black,9,Man,Middle Eastern,37,True,7,2.49,6,Man,Woman,Man,6,5,7,Asian,Asian,Asian
soc_poor_seed116_crop.png,sd35,soc_poor,Man,Black,9,Man,Asian,32,True,8,-78.41,9,Man,Man,Man,6,7,8,Indian,Asian,Asian
soc_poor_seed116_crop.png,sd35,soc_poor,Man,Black,9,Man,Asian,32,True,8,-78.41,9,Man,Man,Man,7,5,6,Middle Eastern,White,White
soc_poor_seed116_crop.png,sd35,soc_poor,Man,Black,9,Man,Asian,32,True,8,-78.41,9,Man,Man,Man,7,5,7,White,Middle Eastern,White
soc_poor_seed116_crop.png,sd35,soc_poor,Man,Black,9,Man,Asian,32,True,8,-78.41,9,Man,Man,Man,8,7,9,Black,Unclear,Black
soc_poor_seed116_crop.png,sd35,soc_poor,Man,Black,9,Man,Asian,32,True,8,-78.41,9,Man,Woman,Man,6,5,7,Asian,Asian,Asian
soc_poor_seed116_crop.png,sd35,soc_poor,Man,Black,9,Man,Asian,32,True,10,-63.39,9,Man,Man,Man,6,7,8,Indian,Asian,Asian
soc_poor_seed116_crop.png,sd35,soc_poor,Man,Black,9,Man,Asian,32,True,10,-63.39,9,Man,Man,Man,7,5,6,Middle Eastern,White,White
soc_poor_seed116_crop.png,sd35,soc_poor,Man,Black,9,Man,Asian,32,True,10,-63.39,9,Man,Man,Man,7,5,7,White,Middle Eastern,White
soc_poor_seed116_crop.png,sd35,soc_poor,Man,Black,9,Man,Asian,32,True,10,-63.39,9,Man,Man,Man,8,7,9,Black,Unclear,Black
soc_poor_seed116_crop.png,sd35,soc_poor,Man,Black,9,Man,Asian,32,True,10,-63.39,9,Man,Woman,Man,6,5,7,Asian,Asian,Asian
soc_poor_seed116_crop.png,sd35,soc_poor,Man,Black,9,Man,Asian,32,True,5,-15.29,8,Man,Man,Man,6,7,8,Indian,Asian,Asian
soc_poor_seed116_crop.png,sd35,soc_poor,Man,Black,9,Man,Asian,32,True,5,-15.29,8,Man,Man,Man,7,5,6,Middle Eastern,White,White
soc_poor_seed116_crop.png,sd35,soc_poor,Man,Black,9,Man,Asian,32,True,5,-15.29,8,Man,Man,Man,7,5,7,White,Middle Eastern,White
soc_poor_seed116_crop.png,sd35,soc_poor,Man,Black,9,Man,Asian,32,True,5,-15.29,8,Man,Man,Man,8,7,9,Black,Unclear,Black
soc_poor_seed116_crop.png,sd35,soc_poor,Man,Black,9,Man,Asian,32,True,5,-15.29,8,Man,Woman,Man,6,5,7,Asian,Asian,Asian
soc_poor_seed116_crop.png,sd35,soc_poor,Man,Black,9,Man,Asian,32,True,7,-9.82,7,Man,Man,Man,6,7,8,Indian,Asian,Asian
soc_poor_seed116_crop.png,sd35,soc_poor,Man,Black,9,Man,Asian,32,True,7,-9.82,7,Man,Man,Man,7,5,6,Middle Eastern,White,White
soc_poor_seed116_crop.png,sd35,soc_poor,Man,Black,9,Man,Asian,32,True,7,-9.82,7,Man,Man,Man,7,5,7,White,Middle Eastern,White
soc_poor_seed116_crop.png,sd35,soc_poor,Man,Black,9,Man,Asian,32,True,7,-9.82,7,Man,Man,Man,8,7,9,Black,Unclear,Black
soc_poor_seed116_crop.png,sd35,soc_poor,Man,Black,9,Man,Asian,32,True,7,-9.82,7,Man,Woman,Man,6,5,7,Asian,Asian,Asian
soc_poor_seed116_crop.png,sd35,soc_poor,Man,Black,9,Man,Asian,32,True,7,2.49,6,Man,Man,Man,6,7,8,Indian,Asian,Asian
soc_poor_seed116_crop.png,sd35,soc_poor,Man,Black,9,Man,Asian,32,True,7,2.49,6,Man,Man,Man,7,5,6,Middle Eastern,White,White
soc_poor_seed116_crop.png,sd35,soc_poor,Man,Black,9,Man,Asian,32,True,7,2.49,6,Man,Man,Man,7,5,7,White,Middle Eastern,White
soc_poor_seed116_crop.png,sd35,soc_poor,Man,Black,9,Man,Asian,32,True,7,2.49,6,Man,Man,Man,8,7,9,Black,Unclear,Black
soc_poor_seed116_crop.png,sd35,soc_poor,Man,Black,9,Man,Asian,32,True,7,2.49,6,Man,Woman,Man,6,5,7,Asian,Asian,Asian
soc_poor_seed116_crop.png,sd35,soc_poor,Man,Black,9,Man,White,29,True,8,-78.41,9,Man,Man,Man,6,7,8,Indian,Asian,Asian
soc_poor_seed116_crop.png,sd35,soc_poor,Man,Black,9,Man,White,29,True,8,-78.41,9,Man,Man,Man,7,5,6,Middle Eastern,White,White
soc_poor_seed116_crop.png,sd35,soc_poor,Man,Black,9,Man,White,29,True,8,-78.41,9,Man,Man,Man,7,5,7,White,Middle Eastern,White
soc_poor_seed116_crop.png,sd35,soc_poor,Man,Black,9,Man,White,29,True,8,-78.41,9,Man,Man,Man,8,7,9,Black,Unclear,Black
soc_poor_seed116_crop.png,sd35,soc_poor,Man,Black,9,Man,White,29,True,8,-78.41,9,Man,Woman,Man,6,5,7,Asian,Asian,Asian
soc_poor_seed116_crop.png,sd35,soc_poor,Man,Black,9,Man,White,29,True,10,-63.39,9,Man,Man,Man,6,7,8,Indian,Asian,Asian
soc_poor_seed116_crop.png,sd35,soc_poor,Man,Black,9,Man,White,29,True,10,-63.39,9,Man,Man,Man,7,5,6,Middle Eastern,White,White
soc_poor_seed116_crop.png,sd35,soc_poor,Man,Black,9,Man,White,29,True,10,-63.39,9,Man,Man,Man,7,5,7,White,Middle Eastern,White
soc_poor_seed116_crop.png,sd35,soc_poor,Man,Black,9,Man,White,29,True,10,-63.39,9,Man,Man,Man,8,7,9,Black,Unclear,Black
soc_poor_seed116_crop.png,sd35,soc_poor,Man,Black,9,Man,White,29,True,10,-63.39,9,Man,Woman,Man,6,5,7,Asian,Asian,Asian
soc_poor_seed116_crop.png,sd35,soc_poor,Man,Black,9,Man,White,29,True,5,-15.29,8,Man,Man,Man,6,7,8,Indian,Asian,Asian
soc_poor_seed116_crop.png,sd35,soc_poor,Man,Black,9,Man,White,29,True,5,-15.29,8,Man,Man,Man,7,5,6,Middle Eastern,White,White
soc_poor_seed116_crop.png,sd35,soc_poor,Man,Black,9,Man,White,29,True,5,-15.29,8,Man,Man,Man,7,5,7,White,Middle Eastern,White
soc_poor_seed116_crop.png,sd35,soc_poor,Man,Black,9,Man,White,29,True,5,-15.29,8,Man,Man,Man,8,7,9,Black,Unclear,Black
soc_poor_seed116_crop.png,sd35,soc_poor,Man,Black,9,Man,White,29,True,5,-15.29,8,Man,Woman,Man,6,5,7,Asian,Asian,Asian
soc_poor_seed116_crop.png,sd35,soc_poor,Man,Black,9,Man,White,29,True,7,-9.82,7,Man,Man,Man,6,7,8,Indian,Asian,Asian
soc_poor_seed116_crop.png,sd35,soc_poor,Man,Black,9,Man,White,29,True,7,-9.82,7,Man,Man,Man,7,5,6,Middle Eastern,White,White
soc_poor_seed116_crop.png,sd35,soc_poor,Man,Black,9,Man,White,29,True,7,-9.82,7,Man,Man,Man,7,5,7,White,Middle Eastern,White
soc_poor_seed116_crop.png,sd35,soc_poor,Man,Black,9,Man,White,29,True,7,-9.82,7,Man,Man,Man,8,7,9,Black,Unclear,Black
soc_poor_seed116_crop.png,sd35,soc_poor,Man,Black,9,Man,White,29,True,7,-9.82,7,Man,Woman,Man,6,5,7,Asian,Asian,Asian
soc_poor_seed116_crop.png,sd35,soc_poor,Man,Black,9,Man,White,29,True,7,2.49,6,Man,Man,Man,6,7,8,Indian,Asian,Asian
soc_poor_seed116_crop.png,sd35,soc_poor,Man,Black,9,Man,White,29,True,7,2.49,6,Man,Man,Man,7,5,6,Middle Eastern,White,White
soc_poor_seed116_crop.png,sd35,soc_poor,Man,Black,9,Man,White,29,True,7,2.49,6,Man,Man,Man,7,5,7,White,Middle Eastern,White
soc_poor_seed116_crop.png,sd35,soc_poor,Man,Black,9,Man,White,29,True,7,2.49,6,Man,Man,Man,8,7,9,Black,Unclear,Black
soc_poor_seed116_crop.png,sd35,soc_poor,Man,Black,9,Man,White,29,True,7,2.49,6,Man,Woman,Man,6,5,7,Asian,Asian,Asian
base_beautiful_seed107_crop.png,qwen,base_beautiful,Woman,Asian,4,Woman,White,28,True,5,2.84,6,Woman,Woman,Woman,5,3,6,Indian,White,White
base_beautiful_seed107_crop.png,qwen,base_beautiful,Woman,Asian,4,Woman,White,28,True,5,2.84,6,Woman,Woman,Woman,5,3,5,White,White,White
base_beautiful_seed107_crop.png,qwen,base_beautiful,Woman,Asian,4,Woman,White,28,True,5,2.84,6,Woman,Woman,Woman,5,2,5,Indian,Asian,Asian
base_beautiful_seed107_crop.png,qwen,base_beautiful,Woman,Asian,4,Woman,White,28,True,5,2.84,6,Woman,Woman,Woman,4,5,6,Black,Black,Black
base_beautiful_seed107_crop.png,qwen,base_beautiful,Woman,Asian,4,Woman,White,28,True,5,2.84,6,Woman,Woman,Woman,5,2,5,Asian,Asian,Asian
base_beautiful_seed107_crop.png,qwen,base_beautiful,Woman,Asian,4,Woman,White,28,True,5,6.31,6,Woman,Woman,Woman,5,3,6,Indian,White,White
base_beautiful_seed107_crop.png,qwen,base_beautiful,Woman,Asian,4,Woman,White,28,True,5,6.31,6,Woman,Woman,Woman,5,3,5,White,White,White
base_beautiful_seed107_crop.png,qwen,base_beautiful,Woman,Asian,4,Woman,White,28,True,5,6.31,6,Woman,Woman,Woman,5,2,5,Indian,Asian,Asian
base_beautiful_seed107_crop.png,qwen,base_beautiful,Woman,Asian,4,Woman,White,28,True,5,6.31,6,Woman,Woman,Woman,4,5,6,Black,Black,Black
base_beautiful_seed107_crop.png,qwen,base_beautiful,Woman,Asian,4,Woman,White,28,True,5,6.31,6,Woman,Woman,Woman,5,2,5,Asian,Asian,Asian
base_beautiful_seed107_crop.png,qwen,base_beautiful,Woman,Asian,4,Woman,White,28,True,6,17.57,5,Woman,Woman,Woman,5,3,6,Indian,White,White
base_beautiful_seed107_crop.png,qwen,base_beautiful,Woman,Asian,4,Woman,White,28,True,6,17.57,5,Woman,Woman,Woman,5,3,5,White,White,White
base_beautiful_seed107_crop.png,qwen,base_beautiful,Woman,Asian,4,Woman,White,28,True,6,17.57,5,Woman,Woman,Woman,5,2,5,Indian,Asian,Asian
base_beautiful_seed107_crop.png,qwen,base_beautiful,Woman,Asian,4,Woman,White,28,True,6,17.57,5,Woman,Woman,Woman,4,5,6,Black,Black,Black
base_beautiful_seed107_crop.png,qwen,base_beautiful,Woman,Asian,4,Woman,White,28,True,6,17.57,5,Woman,Woman,Woman,5,2,5,Asian,Asian,Asian
base_beautiful_seed107_crop.png,qwen,base_beautiful,Woman,Asian,4,Woman,White,28,True,5,47.68,2,Woman,Woman,Woman,5,3,6,Indian,White,White
base_beautiful_seed107_crop.png,qwen,base_beautiful,Woman,Asian,4,Woman,White,28,True,5,47.68,2,Woman,Woman,Woman,5,3,5,White,White,White
base_beautiful_seed107_crop.png,qwen,base_beautiful,Woman,Asian,4,Woman,White,28,True,5,47.68,2,Woman,Woman,Woman,5,2,5,Indian,Asian,Asian
base_beautiful_seed107_crop.png,qwen,base_beautiful,Woman,Asian,4,Woman,White,28,True,5,47.68,2,Woman,Woman,Woman,4,5,6,Black,Black,Black
base_beautiful_seed107_crop.png,qwen,base_beautiful,Woman,Asian,4,Woman,White,28,True,5,47.68,2,Woman,Woman,Woman,5,2,5,Asian,Asian,Asian
base_beautiful_seed107_crop.png,qwen,base_beautiful,Woman,Asian,4,Woman,White,28,True,5,56.75,1,Woman,Woman,Woman,5,3,6,Indian,White,White
base_beautiful_seed107_crop.png,qwen,base_beautiful,Woman,Asian,4,Woman,White,28,True,5,56.75,1,Woman,Woman,Woman,5,3,5,White,White,White
base_beautiful_seed107_crop.png,qwen,base_beautiful,Woman,Asian,4,Woman,White,28,True,5,56.75,1,Woman,Woman,Woman,5,2,5,Indian,Asian,Asian
base_beautiful_seed107_crop.png,qwen,base_beautiful,Woman,Asian,4,Woman,White,28,True,5,56.75,1,Woman,Woman,Woman,4,5,6,Black,Black,Black
base_beautiful_seed107_crop.png,qwen,base_beautiful,Woman,Asian,4,Woman,White,28,True,5,56.75,1,Woman,Woman,Woman,5,2,5,Asian,Asian,Asian
base_beautiful_seed107_crop.png,qwen,base_beautiful,Woman,Asian,4,Woman,Asian,30,False,5,2.84,6,Woman,Woman,Woman,5,3,6,Indian,White,White
base_beautiful_seed107_crop.png,qwen,base_beautiful,Woman,Asian,4,Woman,Asian,30,False,5,2.84,6,Woman,Woman,Woman,5,3,5,White,White,White
base_beautiful_seed107_crop.png,qwen,base_beautiful,Woman,Asian,4,Woman,Asian,30,False,5,2.84,6,Woman,Woman,Woman,5,2,5,Indian,Asian,Asian
base_beautiful_seed107_crop.png,qwen,base_beautiful,Woman,Asian,4,Woman,Asian,30,False,5,2.84,6,Woman,Woman,Woman,4,5,6,Black,Black,Black
base_beautiful_seed107_crop.png,qwen,base_beautiful,Woman,Asian,4,Woman,Asian,30,False,5,2.84,6,Woman,Woman,Woman,5,2,5,Asian,Asian,Asian
base_beautiful_seed107_crop.png,qwen,base_beautiful,Woman,Asian,4,Woman,Asian,30,False,5,6.31,6,Woman,Woman,Woman,5,3,6,Indian,White,White
base_beautiful_seed107_crop.png,qwen,base_beautiful,Woman,Asian,4,Woman,Asian,30,False,5,6.31,6,Woman,Woman,Woman,5,3,5,White,White,White
base_beautiful_seed107_crop.png,qwen,base_beautiful,Woman,Asian,4,Woman,Asian,30,False,5,6.31,6,Woman,Woman,Woman,5,2,5,Indian,Asian,Asian
base_beautiful_seed107_crop.png,qwen,base_beautiful,Woman,Asian,4,Woman,Asian,30,False,5,6.31,6,Woman,Woman,Woman,4,5,6,Black,Black,Black
base_beautiful_seed107_crop.png,qwen,base_beautiful,Woman,Asian,4,Woman,Asian,30,False,5,6.31,6,Woman,Woman,Woman,5,2,5,Asian,Asian,Asian
base_beautiful_seed107_crop.png,qwen,base_beautiful,Woman,Asian,4,Woman,Asian,30,False,6,17.57,5,Woman,Woman,Woman,5,3,6,Indian,White,White
base_beautiful_seed107_crop.png,qwen,base_beautiful,Woman,Asian,4,Woman,Asian,30,False,6,17.57,5,Woman,Woman,Woman,5,3,5,White,White,White
base_beautiful_seed107_crop.png,qwen,base_beautiful,Woman,Asian,4,Woman,Asian,30,False,6,17.57,5,Woman,Woman,Woman,5,2,5,Indian,Asian,Asian
base_beautiful_seed107_crop.png,qwen,base_beautiful,Woman,Asian,4,Woman,Asian,30,False,6,17.57,5,Woman,Woman,Woman,4,5,6,Black,Black,Black
base_beautiful_seed107_crop.png,qwen,base_beautiful,Woman,Asian,4,Woman,Asian,30,False,6,17.57,5,Woman,Woman,Woman,5,2,5,Asian,Asian,Asian
base_beautiful_seed107_crop.png,qwen,base_beautiful,Woman,Asian,4,Woman,Asian,30,False,5,47.68,2,Woman,Woman,Woman,5,3,6,Indian,White,White
base_beautiful_seed107_crop.png,qwen,base_beautiful,Woman,Asian,4,Woman,Asian,30,False,5,47.68,2,Woman,Woman,Woman,5,3,5,White,White,White
base_beautiful_seed107_crop.png,qwen,base_beautiful,Woman,Asian,4,Woman,Asian,30,False,5,47.68,2,Woman,Woman,Woman,5,2,5,Indian,Asian,Asian
base_beautiful_seed107_crop.png,qwen,base_beautiful,Woman,Asian,4,Woman,Asian,30,False,5,47.68,2,Woman,Woman,Woman,4,5,6,Black,Black,Black
base_beautiful_seed107_crop.png,qwen,base_beautiful,Woman,Asian,4,Woman,Asian,30,False,5,47.68,2,Woman,Woman,Woman,5,2,5,Asian,Asian,Asian
base_beautiful_seed107_crop.png,qwen,base_beautiful,Woman,Asian,4,Woman,Asian,30,False,5,56.75,1,Woman,Woman,Woman,5,3,6,Indian,White,White
base_beautiful_seed107_crop.png,qwen,base_beautiful,Woman,Asian,4,Woman,Asian,30,False,5,56.75,1,Woman,Woman,Woman,5,3,5,White,White,White
base_beautiful_seed107_crop.png,qwen,base_beautiful,Woman,Asian,4,Woman,Asian,30,False,5,56.75,1,Woman,Woman,Woman,5,2,5,Indian,Asian,Asian
base_beautiful_seed107_crop.png,qwen,base_beautiful,Woman,Asian,4,Woman,Asian,30,False,5,56.75,1,Woman,Woman,Woman,4,5,6,Black,Black,Black
base_beautiful_seed107_crop.png,qwen,base_beautiful,Woman,Asian,4,Woman,Asian,30,False,5,56.75,1,Woman,Woman,Woman,5,2,5,Asian,Asian,Asian
base_beautiful_seed107_crop.png,qwen,base_beautiful,Woman,Asian,4,Woman,White,27,True,5,2.84,6,Woman,Woman,Woman,5,3,6,Indian,White,White
base_beautiful_seed107_crop.png,qwen,base_beautiful,Woman,Asian,4,Woman,White,27,True,5,2.84,6,Woman,Woman,Woman,5,3,5,White,White,White
base_beautiful_seed107_crop.png,qwen,base_beautiful,Woman,Asian,4,Woman,White,27,True,5,2.84,6,Woman,Woman,Woman,5,2,5,Indian,Asian,Asian
base_beautiful_seed107_crop.png,qwen,base_beautiful,Woman,Asian,4,Woman,White,27,True,5,2.84,6,Woman,Woman,Woman,4,5,6,Black,Black,Black
base_beautiful_seed107_crop.png,qwen,base_beautiful,Woman,Asian,4,Woman,White,27,True,5,2.84,6,Woman,Woman,Woman,5,2,5,Asian,Asian,Asian
base_beautiful_seed107_crop.png,qwen,base_beautiful,Woman,Asian,4,Woman,White,27,True,5,6.31,6,Woman,Woman,Woman,5,3,6,Indian,White,White
base_beautiful_seed107_crop.png,qwen,base_beautiful,Woman,Asian,4,Woman,White,27,True,5,6.31,6,Woman,Woman,Woman,5,3,5,White,White,White
base_beautiful_seed107_crop.png,qwen,base_beautiful,Woman,Asian,4,Woman,White,27,True,5,6.31,6,Woman,Woman,Woman,5,2,5,Indian,Asian,Asian
base_beautiful_seed107_crop.png,qwen,base_beautiful,Woman,Asian,4,Woman,White,27,True,5,6.31,6,Woman,Woman,Woman,4,5,6,Black,Black,Black
base_beautiful_seed107_crop.png,qwen,base_beautiful,Woman,Asian,4,Woman,White,27,True,5,6.31,6,Woman,Woman,Woman,5,2,5,Asian,Asian,Asian
base_beautiful_seed107_crop.png,qwen,base_beautiful,Woman,Asian,4,Woman,White,27,True,6,17.57,5,Woman,Woman,Woman,5,3,6,Indian,White,White
base_beautiful_seed107_crop.png,qwen,base_beautiful,Woman,Asian,4,Woman,White,27,True,6,17.57,5,Woman,Woman,Woman,5,3,5,White,White,White
base_beautiful_seed107_crop.png,qwen,base_beautiful,Woman,Asian,4,Woman,White,27,True,6,17.57,5,Woman,Woman,Woman,5,2,5,Indian,Asian,Asian
base_beautiful_seed107_crop.png,qwen,base_beautiful,Woman,Asian,4,Woman,White,27,True,6,17.57,5,Woman,Woman,Woman,4,5,6,Black,Black,Black
base_beautiful_seed107_crop.png,qwen,base_beautiful,Woman,Asian,4,Woman,White,27,True,6,17.57,5,Woman,Woman,Woman,5,2,5,Asian,Asian,Asian
base_beautiful_seed107_crop.png,qwen,base_beautiful,Woman,Asian,4,Woman,White,27,True,5,47.68,2,Woman,Woman,Woman,5,3,6,Indian,White,White
base_beautiful_seed107_crop.png,qwen,base_beautiful,Woman,Asian,4,Woman,White,27,True,5,47.68,2,Woman,Woman,Woman,5,3,5,White,White,White
base_beautiful_seed107_crop.png,qwen,base_beautiful,Woman,Asian,4,Woman,White,27,True,5,47.68,2,Woman,Woman,Woman,5,2,5,Indian,Asian,Asian
base_beautiful_seed107_crop.png,qwen,base_beautiful,Woman,Asian,4,Woman,White,27,True,5,47.68,2,Woman,Woman,Woman,4,5,6,Black,Black,Black
base_beautiful_seed107_crop.png,qwen,base_beautiful,Woman,Asian,4,Woman,White,27,True,5,47.68,2,Woman,Woman,Woman,5,2,5,Asian,Asian,Asian
base_beautiful_seed107_crop.png,qwen,base_beautiful,Woman,Asian,4,Woman,White,27,True,5,56.75,1,Woman,Woman,Woman,5,3,6,Indian,White,White
base_beautiful_seed107_crop.png,qwen,base_beautiful,Woman,Asian,4,Woman,White,27,True,5,56.75,1,Woman,Woman,Woman,5,3,5,White,White,White
base_beautiful_seed107_crop.png,qwen,base_beautiful,Woman,Asian,4,Woman,White,27,True,5,56.75,1,Woman,Woman,Woman,5,2,5,Indian,Asian,Asian
base_beautiful_seed107_crop.png,qwen,base_beautiful,Woman,Asian,4,Woman,White,27,True,5,56.75,1,Woman,Woman,Woman,4,5,6,Black,Black,Black
base_beautiful_seed107_crop.png,qwen,base_beautiful,Woman,Asian,4,Woman,White,27,True,5,56.75,1,Woman,Woman,Woman,5,2,5,Asian,Asian,Asian
base_beautiful_seed107_crop.png,qwen,base_beautiful,Woman,Asian,4,Woman,Asian,28,True,5,2.84,6,Woman,Woman,Woman,5,3,6,Indian,White,White
base_beautiful_seed107_crop.png,qwen,base_beautiful,Woman,Asian,4,Woman,Asian,28,True,5,2.84,6,Woman,Woman,Woman,5,3,5,White,White,White
base_beautiful_seed107_crop.png,qwen,base_beautiful,Woman,Asian,4,Woman,Asian,28,True,5,2.84,6,Woman,Woman,Woman,5,2,5,Indian,Asian,Asian
base_beautiful_seed107_crop.png,qwen,base_beautiful,Woman,Asian,4,Woman,Asian,28,True,5,2.84,6,Woman,Woman,Woman,4,5,6,Black,Black,Black
base_beautiful_seed107_crop.png,qwen,base_beautiful,Woman,Asian,4,Woman,Asian,28,True,5,2.84,6,Woman,Woman,Woman,5,2,5,Asian,Asian,Asian
base_beautiful_seed107_crop.png,qwen,base_beautiful,Woman,Asian,4,Woman,Asian,28,True,5,6.31,6,Woman,Woman,Woman,5,3,6,Indian,White,White
base_beautiful_seed107_crop.png,qwen,base_beautiful,Woman,Asian,4,Woman,Asian,28,True,5,6.31,6,Woman,Woman,Woman,5,3,5,White,White,White
base_beautiful_seed107_crop.png,qwen,base_beautiful,Woman,Asian,4,Woman,Asian,28,True,5,6.31,6,Woman,Woman,Woman,5,2,5,Indian,Asian,Asian
base_beautiful_seed107_crop.png,qwen,base_beautiful,Woman,Asian,4,Woman,Asian,28,True,5,6.31,6,Woman,Woman,Woman,4,5,6,Black,Black,Black
base_beautiful_seed107_crop.png,qwen,base_beautiful,Woman,Asian,4,Woman,Asian,28,True,5,6.31,6,Woman,Woman,Woman,5,2,5,Asian,Asian,Asian
base_beautiful_seed107_crop.png,qwen,base_beautiful,Woman,Asian,4,Woman,Asian,28,True,6,17.57,5,Woman,Woman,Woman,5,3,6,Indian,White,White
base_beautiful_seed107_crop.png,qwen,base_beautiful,Woman,Asian,4,Woman,Asian,28,True,6,17.57,5,Woman,Woman,Woman,5,3,5,White,White,White
base_beautiful_seed107_crop.png,qwen,base_beautiful,Woman,Asian,4,Woman,Asian,28,True,6,17.57,5,Woman,Woman,Woman,5,2,5,Indian,Asian,Asian
base_beautiful_seed107_crop.png,qwen,base_beautiful,Woman,Asian,4,Woman,Asian,28,True,6,17.57,5,Woman,Woman,Woman,4,5,6,Black,Black,Black
base_beautiful_seed107_crop.png,qwen,base_beautiful,Woman,Asian,4,Woman,Asian,28,True,6,17.57,5,Woman,Woman,Woman,5,2,5,Asian,Asian,Asian
base_beautiful_seed107_crop.png,qwen,base_beautiful,Woman,Asian,4,Woman,Asian,28,True,5,47.68,2,Woman,Woman,Woman,5,3,6,Indian,White,White
base_beautiful_seed107_crop.png,qwen,base_beautiful,Woman,Asian,4,Woman,Asian,28,True,5,47.68,2,Woman,Woman,Woman,5,3,5,White,White,White
base_beautiful_seed107_crop.png,qwen,base_beautiful,Woman,Asian,4,Woman,Asian,28,True,5,47.68,2,Woman,Woman,Woman,5,2,5,Indian,Asian,Asian
base_beautiful_seed107_crop.png,qwen,base_beautiful,Woman,Asian,4,Woman,Asian,28,True,5,47.68,2,Woman,Woman,Woman,4,5,6,Black,Black,Black
base_beautiful_seed107_crop.png,qwen,base_beautiful,Woman,Asian,4,Woman,Asian,28,True,5,47.68,2,Woman,Woman,Woman,5,2,5,Asian,Asian,Asian
base_beautiful_seed107_crop.png,qwen,base_beautiful,Woman,Asian,4,Woman,Asian,28,True,5,56.75,1,Woman,Woman,Woman,5,3,6,Indian,White,White
base_beautiful_seed107_crop.png,qwen,base_beautiful,Woman,Asian,4,Woman,Asian,28,True,5,56.75,1,Woman,Woman,Woman,5,3,5,White,White,White
base_beautiful_seed107_crop.png,qwen,base_beautiful,Woman,Asian,4,Woman,Asian,28,True,5,56.75,1,Woman,Woman,Woman,5,2,5,Indian,Asian,Asian
base_beautiful_seed107_crop.png,qwen,base_beautiful,Woman,Asian,4,Woman,Asian,28,True,5,56.75,1,Woman,Woman,Woman,4,5,6,Black,Black,Black
base_beautiful_seed107_crop.png,qwen,base_beautiful,Woman,Asian,4,Woman,Asian,28,True,5,56.75,1,Woman,Woman,Woman,5,2,5,Asian,Asian,Asian
base_beautiful_seed107_crop.png,qwen,base_beautiful,Woman,Asian,4,Woman,Black,25,True,5,2.84,6,Woman,Woman,Woman,5,3,6,Indian,White,White
base_beautiful_seed107_crop.png,qwen,base_beautiful,Woman,Asian,4,Woman,Black,25,True,5,2.84,6,Woman,Woman,Woman,5,3,5,White,White,White
base_beautiful_seed107_crop.png,qwen,base_beautiful,Woman,Asian,4,Woman,Black,25,True,5,2.84,6,Woman,Woman,Woman,5,2,5,Indian,Asian,Asian
base_beautiful_seed107_crop.png,qwen,base_beautiful,Woman,Asian,4,Woman,Black,25,True,5,2.84,6,Woman,Woman,Woman,4,5,6,Black,Black,Black
base_beautiful_seed107_crop.png,qwen,base_beautiful,Woman,Asian,4,Woman,Black,25,True,5,2.84,6,Woman,Woman,Woman,5,2,5,Asian,Asian,Asian
base_beautiful_seed107_crop.png,qwen,base_beautiful,Woman,Asian,4,Woman,Black,25,True,5,6.31,6,Woman,Woman,Woman,5,3,6,Indian,White,White
base_beautiful_seed107_crop.png,qwen,base_beautiful,Woman,Asian,4,Woman,Black,25,True,5,6.31,6,Woman,Woman,Woman,5,3,5,White,White,White
base_beautiful_seed107_crop.png,qwen,base_beautiful,Woman,Asian,4,Woman,Black,25,True,5,6.31,6,Woman,Woman,Woman,5,2,5,Indian,Asian,Asian
base_beautiful_seed107_crop.png,qwen,base_beautiful,Woman,Asian,4,Woman,Black,25,True,5,6.31,6,Woman,Woman,Woman,4,5,6,Black,Black,Black
base_beautiful_seed107_crop.png,qwen,base_beautiful,Woman,Asian,4,Woman,Black,25,True,5,6.31,6,Woman,Woman,Woman,5,2,5,Asian,Asian,Asian
base_beautiful_seed107_crop.png,qwen,base_beautiful,Woman,Asian,4,Woman,Black,25,True,6,17.57,5,Woman,Woman,Woman,5,3,6,Indian,White,White
base_beautiful_seed107_crop.png,qwen,base_beautiful,Woman,Asian,4,Woman,Black,25,True,6,17.57,5,Woman,Woman,Woman,5,3,5,White,White,White
base_beautiful_seed107_crop.png,qwen,base_beautiful,Woman,Asian,4,Woman,Black,25,True,6,17.57,5,Woman,Woman,Woman,5,2,5,Indian,Asian,Asian
base_beautiful_seed107_crop.png,qwen,base_beautiful,Woman,Asian,4,Woman,Black,25,True,6,17.57,5,Woman,Woman,Woman,4,5,6,Black,Black,Black
base_beautiful_seed107_crop.png,qwen,base_beautiful,Woman,Asian,4,Woman,Black,25,True,6,17.57,5,Woman,Woman,Woman,5,2,5,Asian,Asian,Asian
base_beautiful_seed107_crop.png,qwen,base_beautiful,Woman,Asian,4,Woman,Black,25,True,5,47.68,2,Woman,Woman,Woman,5,3,6,Indian,White,White
base_beautiful_seed107_crop.png,qwen,base_beautiful,Woman,Asian,4,Woman,Black,25,True,5,47.68,2,Woman,Woman,Woman,5,3,5,White,White,White
base_beautiful_seed107_crop.png,qwen,base_beautiful,Woman,Asian,4,Woman,Black,25,True,5,47.68,2,Woman,Woman,Woman,5,2,5,Indian,Asian,Asian
base_beautiful_seed107_crop.png,qwen,base_beautiful,Woman,Asian,4,Woman,Black,25,True,5,47.68,2,Woman,Woman,Woman,4,5,6,Black,Black,Black
base_beautiful_seed107_crop.png,qwen,base_beautiful,Woman,Asian,4,Woman,Black,25,True,5,47.68,2,Woman,Woman,Woman,5,2,5,Asian,Asian,Asian
base_beautiful_seed107_crop.png,qwen,base_beautiful,Woman,Asian,4,Woman,Black,25,True,5,56.75,1,Woman,Woman,Woman,5,3,6,Indian,White,White
base_beautiful_seed107_crop.png,qwen,base_beautiful,Woman,Asian,4,Woman,Black,25,True,5,56.75,1,Woman,Woman,Woman,5,3,5,White,White,White
base_beautiful_seed107_crop.png,qwen,base_beautiful,Woman,Asian,4,Woman,Black,25,True,5,56.75,1,Woman,Woman,Woman,5,2,5,Indian,Asian,Asian
base_beautiful_seed107_crop.png,qwen,base_beautiful,Woman,Asian,4,Woman,Black,25,True,5,56.75,1,Woman,Woman,Woman,4,5,6,Black,Black,Black
base_beautiful_seed107_crop.png,qwen,base_beautiful,Woman,Asian,4,Woman,Black,25,True,5,56.75,1,Woman,Woman,Woman,5,2,5,Asian,Asian,Asian
prof_cleaning_person_seed101_crop.png,sd35,prof_cleaning_person,Unclear,Unclear,Unclear,Man,White,28,False,4,-79.63,9,Unclear,Unclear,Unclear,Unclear,Unclear,Unclear,Unclear,Unclear,Unclear
prof_cleaning_person_seed110_crop.png,sd35,prof_cleaning_person,Unclear,Unclear,Unclear,Man,White,37,False,10,80.01,1,Unclear,Woman,Unclear,Unclear,2,Unclear,Unclear,White,Unclear
prof_ceo_seed103_crop.png,qwen,prof_ceo,Man,Asian,6,Man,White,29,True,5,-44.27,9,Man,Man,Man,5,3,6,White,White,White
prof_ceo_seed103_crop.png,qwen,prof_ceo,Man,Asian,6,Man,White,29,True,5,-44.27,9,Man,Man,Man,5,3,5,White,Asian,White
prof_ceo_seed103_crop.png,qwen,prof_ceo,Man,Asian,6,Man,White,29,True,5,-44.27,9,Man,Man,Man,5,3,6,White,Asian,Asian
prof_ceo_seed103_crop.png,qwen,prof_ceo,Man,Asian,6,Man,White,29,True,5,-44.27,9,Man,Man,Man,5,2,6,White,White,White
prof_ceo_seed103_crop.png,qwen,prof_ceo,Man,Asian,6,Man,White,29,True,5,-44.27,9,Man,Man,Man,5,3,5,Asian,Asian,Asian
prof_ceo_seed103_crop.png,qwen,prof_ceo,Man,Asian,6,Man,White,29,True,10,-65.08,9,Man,Man,Man,5,3,6,White,White,White
prof_ceo_seed103_crop.png,qwen,prof_ceo,Man,Asian,6,Man,White,29,True,10,-65.08,9,Man,Man,Man,5,3,5,White,Asian,White
prof_ceo_seed103_crop.png,qwen,prof_ceo,Man,Asian,6,Man,White,29,True,10,-65.08,9,Man,Man,Man,5,3,6,White,Asian,Asian
prof_ceo_seed103_crop.png,qwen,prof_ceo,Man,Asian,6,Man,White,29,True,10,-65.08,9,Man,Man,Man,5,2,6,White,White,White
prof_ceo_seed103_crop.png,qwen,prof_ceo,Man,Asian,6,Man,White,29,True,10,-65.08,9,Man,Man,Man,5,3,5,Asian,Asian,Asian
prof_ceo_seed103_crop.png,qwen,prof_ceo,Man,Asian,6,Man,White,29,True,5,-87.26,9,Man,Man,Man,5,3,6,White,White,White
prof_ceo_seed103_crop.png,qwen,prof_ceo,Man,Asian,6,Man,White,29,True,5,-87.26,9,Man,Man,Man,5,3,5,White,Asian,White
prof_ceo_seed103_crop.png,qwen,prof_ceo,Man,Asian,6,Man,White,29,True,5,-87.26,9,Man,Man,Man,5,3,6,White,Asian,Asian
prof_ceo_seed103_crop.png,qwen,prof_ceo,Man,Asian,6,Man,White,29,True,5,-87.26,9,Man,Man,Man,5,2,6,White,White,White
prof_ceo_seed103_crop.png,qwen,prof_ceo,Man,Asian,6,Man,White,29,True,5,-87.26,9,Man,Man,Man,5,3,5,Asian,Asian,Asian
prof_ceo_seed103_crop.png,qwen,prof_ceo,Man,Asian,6,Man,White,29,True,5,81.81,1,Man,Man,Man,5,3,6,White,White,White
prof_ceo_seed103_crop.png,qwen,prof_ceo,Man,Asian,6,Man,White,29,True,5,81.81,1,Man,Man,Man,5,3,5,White,Asian,White
prof_ceo_seed103_crop.png,qwen,prof_ceo,Man,Asian,6,Man,White,29,True,5,81.81,1,Man,Man,Man,5,3,6,White,Asian,Asian
prof_ceo_seed103_crop.png,qwen,prof_ceo,Man,Asian,6,Man,White,29,True,5,81.81,1,Man,Man,Man,5,2,6,White,White,White
prof_ceo_seed103_crop.png,qwen,prof_ceo,Man,Asian,6,Man,White,29,True,5,81.81,1,Man,Man,Man,5,3,5,Asian,Asian,Asian
prof_ceo_seed103_crop.png,qwen,prof_ceo,Man,Asian,6,Man,White,29,True,5,22.69,4,Man,Man,Man,5,3,6,White,White,White
prof_ceo_seed103_crop.png,qwen,prof_ceo,Man,Asian,6,Man,White,29,True,5,22.69,4,Man,Man,Man,5,3,5,White,Asian,White
prof_ceo_seed103_crop.png,qwen,prof_ceo,Man,Asian,6,Man,White,29,True,5,22.69,4,Man,Man,Man,5,3,6,White,Asian,Asian
prof_ceo_seed103_crop.png,qwen,prof_ceo,Man,Asian,6,Man,White,29,True,5,22.69,4,Man,Man,Man,5,2,6,White,White,White
prof_ceo_seed103_crop.png,qwen,prof_ceo,Man,Asian,6,Man,White,29,True,5,22.69,4,Man,Man,Man,5,3,5,Asian,Asian,Asian
prof_ceo_seed103_crop.png,qwen,prof_ceo,Man,Asian,6,Man,Asian,49,True,5,-44.27,9,Man,Man,Man,5,3,6,White,White,White
prof_ceo_seed103_crop.png,qwen,prof_ceo,Man,Asian,6,Man,Asian,49,True,5,-44.27,9,Man,Man,Man,5,3,5,White,Asian,White
prof_ceo_seed103_crop.png,qwen,prof_ceo,Man,Asian,6,Man,Asian,49,True,5,-44.27,9,Man,Man,Man,5,3,6,White,Asian,Asian
prof_ceo_seed103_crop.png,qwen,prof_ceo,Man,Asian,6,Man,Asian,49,True,5,-44.27,9,Man,Man,Man,5,2,6,White,White,White
prof_ceo_seed103_crop.png,qwen,prof_ceo,Man,Asian,6,Man,Asian,49,True,5,-44.27,9,Man,Man,Man,5,3,5,Asian,Asian,Asian
prof_ceo_seed103_crop.png,qwen,prof_ceo,Man,Asian,6,Man,Asian,49,True,10,-65.08,9,Man,Man,Man,5,3,6,White,White,White
prof_ceo_seed103_crop.png,qwen,prof_ceo,Man,Asian,6,Man,Asian,49,True,10,-65.08,9,Man,Man,Man,5,3,5,White,Asian,White
prof_ceo_seed103_crop.png,qwen,prof_ceo,Man,Asian,6,Man,Asian,49,True,10,-65.08,9,Man,Man,Man,5,3,6,White,Asian,Asian
prof_ceo_seed103_crop.png,qwen,prof_ceo,Man,Asian,6,Man,Asian,49,True,10,-65.08,9,Man,Man,Man,5,2,6,White,White,White
prof_ceo_seed103_crop.png,qwen,prof_ceo,Man,Asian,6,Man,Asian,49,True,10,-65.08,9,Man,Man,Man,5,3,5,Asian,Asian,Asian
prof_ceo_seed103_crop.png,qwen,prof_ceo,Man,Asian,6,Man,Asian,49,True,5,-87.26,9,Man,Man,Man,5,3,6,White,White,White
prof_ceo_seed103_crop.png,qwen,prof_ceo,Man,Asian,6,Man,Asian,49,True,5,-87.26,9,Man,Man,Man,5,3,5,White,Asian,White
prof_ceo_seed103_crop.png,qwen,prof_ceo,Man,Asian,6,Man,Asian,49,True,5,-87.26,9,Man,Man,Man,5,3,6,White,Asian,Asian
prof_ceo_seed103_crop.png,qwen,prof_ceo,Man,Asian,6,Man,Asian,49,True,5,-87.26,9,Man,Man,Man,5,2,6,White,White,White
prof_ceo_seed103_crop.png,qwen,prof_ceo,Man,Asian,6,Man,Asian,49,True,5,-87.26,9,Man,Man,Man,5,3,5,Asian,Asian,Asian
prof_ceo_seed103_crop.png,qwen,prof_ceo,Man,Asian,6,Man,Asian,49,True,5,81.81,1,Man,Man,Man,5,3,6,White,White,White
prof_ceo_seed103_crop.png,qwen,prof_ceo,Man,Asian,6,Man,Asian,49,True,5,81.81,1,Man,Man,Man,5,3,5,White,Asian,White
prof_ceo_seed103_crop.png,qwen,prof_ceo,Man,Asian,6,Man,Asian,49,True,5,81.81,1,Man,Man,Man,5,3,6,White,Asian,Asian
prof_ceo_seed103_crop.png,qwen,prof_ceo,Man,Asian,6,Man,Asian,49,True,5,81.81,1,Man,Man,Man,5,2,6,White,White,White
prof_ceo_seed103_crop.png,qwen,prof_ceo,Man,Asian,6,Man,Asian,49,True,5,81.81,1,Man,Man,Man,5,3,5,Asian,Asian,Asian
prof_ceo_seed103_crop.png,qwen,prof_ceo,Man,Asian,6,Man,Asian,49,True,5,22.69,4,Man,Man,Man,5,3,6,White,White,White
prof_ceo_seed103_crop.png,qwen,prof_ceo,Man,Asian,6,Man,Asian,49,True,5,22.69,4,Man,Man,Man,5,3,5,White,Asian,White
prof_ceo_seed103_crop.png,qwen,prof_ceo,Man,Asian,6,Man,Asian,49,True,5,22.69,4,Man,Man,Man,5,3,6,White,Asian,Asian
prof_ceo_seed103_crop.png,qwen,prof_ceo,Man,Asian,6,Man,Asian,49,True,5,22.69,4,Man,Man,Man,5,2,6,White,White,White
prof_ceo_seed103_crop.png,qwen,prof_ceo,Man,Asian,6,Man,Asian,49,True,5,22.69,4,Man,Man,Man,5,3,5,Asian,Asian,Asian
prof_ceo_seed103_crop.png,qwen,prof_ceo,Man,Asian,6,Man,Latino Hispanic,26,True,5,-44.27,9,Man,Man,Man,5,3,6,White,White,White
prof_ceo_seed103_crop.png,qwen,prof_ceo,Man,Asian,6,Man,Latino Hispanic,26,True,5,-44.27,9,Man,Man,Man,5,3,5,White,Asian,White
prof_ceo_seed103_crop.png,qwen,prof_ceo,Man,Asian,6,Man,Latino Hispanic,26,True,5,-44.27,9,Man,Man,Man,5,3,6,White,Asian,Asian
prof_ceo_seed103_crop.png,qwen,prof_ceo,Man,Asian,6,Man,Latino Hispanic,26,True,5,-44.27,9,Man,Man,Man,5,2,6,White,White,White
prof_ceo_seed103_crop.png,qwen,prof_ceo,Man,Asian,6,Man,Latino Hispanic,26,True,5,-44.27,9,Man,Man,Man,5,3,5,Asian,Asian,Asian
prof_ceo_seed103_crop.png,qwen,prof_ceo,Man,Asian,6,Man,Latino Hispanic,26,True,10,-65.08,9,Man,Man,Man,5,3,6,White,White,White
prof_ceo_seed103_crop.png,qwen,prof_ceo,Man,Asian,6,Man,Latino Hispanic,26,True,10,-65.08,9,Man,Man,Man,5,3,5,White,Asian,White
prof_ceo_seed103_crop.png,qwen,prof_ceo,Man,Asian,6,Man,Latino Hispanic,26,True,10,-65.08,9,Man,Man,Man,5,3,6,White,Asian,Asian
prof_ceo_seed103_crop.png,qwen,prof_ceo,Man,Asian,6,Man,Latino Hispanic,26,True,10,-65.08,9,Man,Man,Man,5,2,6,White,White,White
prof_ceo_seed103_crop.png,qwen,prof_ceo,Man,Asian,6,Man,Latino Hispanic,26,True,10,-65.08,9,Man,Man,Man,5,3,5,Asian,Asian,Asian
prof_ceo_seed103_crop.png,qwen,prof_ceo,Man,Asian,6,Man,Latino Hispanic,26,True,5,-87.26,9,Man,Man,Man,5,3,6,White,White,White
prof_ceo_seed103_crop.png,qwen,prof_ceo,Man,Asian,6,Man,Latino Hispanic,26,True,5,-87.26,9,Man,Man,Man,5,3,5,White,Asian,White
prof_ceo_seed103_crop.png,qwen,prof_ceo,Man,Asian,6,Man,Latino Hispanic,26,True,5,-87.26,9,Man,Man,Man,5,3,6,White,Asian,Asian
prof_ceo_seed103_crop.png,qwen,prof_ceo,Man,Asian,6,Man,Latino Hispanic,26,True,5,-87.26,9,Man,Man,Man,5,2,6,White,White,White
prof_ceo_seed103_crop.png,qwen,prof_ceo,Man,Asian,6,Man,Latino Hispanic,26,True,5,-87.26,9,Man,Man,Man,5,3,5,Asian,Asian,Asian
prof_ceo_seed103_crop.png,qwen,prof_ceo,Man,Asian,6,Man,Latino Hispanic,26,True,5,81.81,1,Man,Man,Man,5,3,6,White,White,White
prof_ceo_seed103_crop.png,qwen,prof_ceo,Man,Asian,6,Man,Latino Hispanic,26,True,5,81.81,1,Man,Man,Man,5,3,5,White,Asian,White
prof_ceo_seed103_crop.png,qwen,prof_ceo,Man,Asian,6,Man,Latino Hispanic,26,True,5,81.81,1,Man,Man,Man,5,3,6,White,Asian,Asian
prof_ceo_seed103_crop.png,qwen,prof_ceo,Man,Asian,6,Man,Latino Hispanic,26,True,5,81.81,1,Man,Man,Man,5,2,6,White,White,White
prof_ceo_seed103_crop.png,qwen,prof_ceo,Man,Asian,6,Man,Latino Hispanic,26,True,5,81.81,1,Man,Man,Man,5,3,5,Asian,Asian,Asian
prof_ceo_seed103_crop.png,qwen,prof_ceo,Man,Asian,6,Man,Latino Hispanic,26,True,5,22.69,4,Man,Man,Man,5,3,6,White,White,White
prof_ceo_seed103_crop.png,qwen,prof_ceo,Man,Asian,6,Man,Latino Hispanic,26,True,5,22.69,4,Man,Man,Man,5,3,5,White,Asian,White
prof_ceo_seed103_crop.png,qwen,prof_ceo,Man,Asian,6,Man,Latino Hispanic,26,True,5,22.69,4,Man,Man,Man,5,3,6,White,Asian,Asian
prof_ceo_seed103_crop.png,qwen,prof_ceo,Man,Asian,6,Man,Latino Hispanic,26,True,5,22.69,4,Man,Man,Man,5,2,6,White,White,White
prof_ceo_seed103_crop.png,qwen,prof_ceo,Man,Asian,6,Man,Latino Hispanic,26,True,5,22.69,4,Man,Man,Man,5,3,5,Asian,Asian,Asian
prof_ceo_seed103_crop.png,qwen,prof_ceo,Man,Asian,6,Man,Asian,46,True,5,-44.27,9,Man,Man,Man,5,3,6,White,White,White
prof_ceo_seed103_crop.png,qwen,prof_ceo,Man,Asian,6,Man,Asian,46,True,5,-44.27,9,Man,Man,Man,5,3,5,White,Asian,White
prof_ceo_seed103_crop.png,qwen,prof_ceo,Man,Asian,6,Man,Asian,46,True,5,-44.27,9,Man,Man,Man,5,3,6,White,Asian,Asian
prof_ceo_seed103_crop.png,qwen,prof_ceo,Man,Asian,6,Man,Asian,46,True,5,-44.27,9,Man,Man,Man,5,2,6,White,White,White
prof_ceo_seed103_crop.png,qwen,prof_ceo,Man,Asian,6,Man,Asian,46,True,5,-44.27,9,Man,Man,Man,5,3,5,Asian,Asian,Asian
prof_ceo_seed103_crop.png,qwen,prof_ceo,Man,Asian,6,Man,Asian,46,True,10,-65.08,9,Man,Man,Man,5,3,6,White,White,White
prof_ceo_seed103_crop.png,qwen,prof_ceo,Man,Asian,6,Man,Asian,46,True,10,-65.08,9,Man,Man,Man,5,3,5,White,Asian,White
prof_ceo_seed103_crop.png,qwen,prof_ceo,Man,Asian,6,Man,Asian,46,True,10,-65.08,9,Man,Man,Man,5,3,6,White,Asian,Asian
prof_ceo_seed103_crop.png,qwen,prof_ceo,Man,Asian,6,Man,Asian,46,True,10,-65.08,9,Man,Man,Man,5,2,6,White,White,White
prof_ceo_seed103_crop.png,qwen,prof_ceo,Man,Asian,6,Man,Asian,46,True,10,-65.08,9,Man,Man,Man,5,3,5,Asian,Asian,Asian
prof_ceo_seed103_crop.png,qwen,prof_ceo,Man,Asian,6,Man,Asian,46,True,5,-87.26,9,Man,Man,Man,5,3,6,White,White,White
prof_ceo_seed103_crop.png,qwen,prof_ceo,Man,Asian,6,Man,Asian,46,True,5,-87.26,9,Man,Man,Man,5,3,5,White,Asian,White
prof_ceo_seed103_crop.png,qwen,prof_ceo,Man,Asian,6,Man,Asian,46,True,5,-87.26,9,Man,Man,Man,5,3,6,White,Asian,Asian
prof_ceo_seed103_crop.png,qwen,prof_ceo,Man,Asian,6,Man,Asian,46,True,5,-87.26,9,Man,Man,Man,5,2,6,White,White,White
prof_ceo_seed103_crop.png,qwen,prof_ceo,Man,Asian,6,Man,Asian,46,True,5,-87.26,9,Man,Man,Man,5,3,5,Asian,Asian,Asian
prof_ceo_seed103_crop.png,qwen,prof_ceo,Man,Asian,6,Man,Asian,46,True,5,81.81,1,Man,Man,Man,5,3,6,White,White,White
prof_ceo_seed103_crop.png,qwen,prof_ceo,Man,Asian,6,Man,Asian,46,True,5,81.81,1,Man,Man,Man,5,3,5,White,Asian,White
prof_ceo_seed103_crop.png,qwen,prof_ceo,Man,Asian,6,Man,Asian,46,True,5,81.81,1,Man,Man,Man,5,3,6,White,Asian,Asian
prof_ceo_seed103_crop.png,qwen,prof_ceo,Man,Asian,6,Man,Asian,46,True,5,81.81,1,Man,Man,Man,5,2,6,White,White,White
prof_ceo_seed103_crop.png,qwen,prof_ceo,Man,Asian,6,Man,Asian,46,True,5,81.81,1,Man,Man,Man,5,3,5,Asian,Asian,Asian
prof_ceo_seed103_crop.png,qwen,prof_ceo,Man,Asian,6,Man,Asian,46,True,5,22.69,4,Man,Man,Man,5,3,6,White,White,White
prof_ceo_seed103_crop.png,qwen,prof_ceo,Man,Asian,6,Man,Asian,46,True,5,22.69,4,Man,Man,Man,5,3,5,White,Asian,White
prof_ceo_seed103_crop.png,qwen,prof_ceo,Man,Asian,6,Man,Asian,46,True,5,22.69,4,Man,Man,Man,5,3,6,White,Asian,Asian
prof_ceo_seed103_crop.png,qwen,prof_ceo,Man,Asian,6,Man,Asian,46,True,5,22.69,4,Man,Man,Man,5,2,6,White,White,White
prof_ceo_seed103_crop.png,qwen,prof_ceo,Man,Asian,6,Man,Asian,46,True,5,22.69,4,Man,Man,Man,5,3,5,Asian,Asian,Asian
prof_ceo_seed103_crop.png,qwen,prof_ceo,Man,Asian,6,Man,White,41,True,5,-44.27,9,Man,Man,Man,5,3,6,White,White,White
prof_ceo_seed103_crop.png,qwen,prof_ceo,Man,Asian,6,Man,White,41,True,5,-44.27,9,Man,Man,Man,5,3,5,White,Asian,White
prof_ceo_seed103_crop.png,qwen,prof_ceo,Man,Asian,6,Man,White,41,True,5,-44.27,9,Man,Man,Man,5,3,6,White,Asian,Asian
prof_ceo_seed103_crop.png,qwen,prof_ceo,Man,Asian,6,Man,White,41,True,5,-44.27,9,Man,Man,Man,5,2,6,White,White,White
prof_ceo_seed103_crop.png,qwen,prof_ceo,Man,Asian,6,Man,White,41,True,5,-44.27,9,Man,Man,Man,5,3,5,Asian,Asian,Asian
prof_ceo_seed103_crop.png,qwen,prof_ceo,Man,Asian,6,Man,White,41,True,10,-65.08,9,Man,Man,Man,5,3,6,White,White,White
prof_ceo_seed103_crop.png,qwen,prof_ceo,Man,Asian,6,Man,White,41,True,10,-65.08,9,Man,Man,Man,5,3,5,White,Asian,White
prof_ceo_seed103_crop.png,qwen,prof_ceo,Man,Asian,6,Man,White,41,True,10,-65.08,9,Man,Man,Man,5,3,6,White,Asian,Asian
prof_ceo_seed103_crop.png,qwen,prof_ceo,Man,Asian,6,Man,White,41,True,10,-65.08,9,Man,Man,Man,5,2,6,White,White,White
prof_ceo_seed103_crop.png,qwen,prof_ceo,Man,Asian,6,Man,White,41,True,10,-65.08,9,Man,Man,Man,5,3,5,Asian,Asian,Asian
prof_ceo_seed103_crop.png,qwen,prof_ceo,Man,Asian,6,Man,White,41,True,5,-87.26,9,Man,Man,Man,5,3,6,White,White,White
prof_ceo_seed103_crop.png,qwen,prof_ceo,Man,Asian,6,Man,White,41,True,5,-87.26,9,Man,Man,Man,5,3,5,White,Asian,White
prof_ceo_seed103_crop.png,qwen,prof_ceo,Man,Asian,6,Man,White,41,True,5,-87.26,9,Man,Man,Man,5,3,6,White,Asian,Asian
prof_ceo_seed103_crop.png,qwen,prof_ceo,Man,Asian,6,Man,White,41,True,5,-87.26,9,Man,Man,Man,5,2,6,White,White,White
prof_ceo_seed103_crop.png,qwen,prof_ceo,Man,Asian,6,Man,White,41,True,5,-87.26,9,Man,Man,Man,5,3,5,Asian,Asian,Asian
prof_ceo_seed103_crop.png,qwen,prof_ceo,Man,Asian,6,Man,White,41,True,5,81.81,1,Man,Man,Man,5,3,6,White,White,White
prof_ceo_seed103_crop.png,qwen,prof_ceo,Man,Asian,6,Man,White,41,True,5,81.81,1,Man,Man,Man,5,3,5,White,Asian,White
prof_ceo_seed103_crop.png,qwen,prof_ceo,Man,Asian,6,Man,White,41,True,5,81.81,1,Man,Man,Man,5,3,6,White,Asian,Asian
prof_ceo_seed103_crop.png,qwen,prof_ceo,Man,Asian,6,Man,White,41,True,5,81.81,1,Man,Man,Man,5,2,6,White,White,White
prof_ceo_seed103_crop.png,qwen,prof_ceo,Man,Asian,6,Man,White,41,True,5,81.81,1,Man,Man,Man,5,3,5,Asian,Asian,Asian
prof_ceo_seed103_crop.png,qwen,prof_ceo,Man,Asian,6,Man,White,41,True,5,22.69,4,Man,Man,Man,5,3,6,White,White,White
prof_ceo_seed103_crop.png,qwen,prof_ceo,Man,Asian,6,Man,White,41,True,5,22.69,4,Man,Man,Man,5,3,5,White,Asian,White
prof_ceo_seed103_crop.png,qwen,prof_ceo,Man,Asian,6,Man,White,41,True,5,22.69,4,Man,Man,Man,5,3,6,White,Asian,Asian
prof_ceo_seed103_crop.png,qwen,prof_ceo,Man,Asian,6,Man,White,41,True,5,22.69,4,Man,Man,Man,5,2,6,White,White,White
prof_ceo_seed103_crop.png,qwen,prof_ceo,Man,Asian,6,Man,White,41,True,5,22.69,4,Man,Man,Man,5,3,5,Asian,Asian,Asian
soc_poor_seed120_crop.png,sd35,soc_poor,Unclear,Black,9,Man,Indian,43,True,10,-55.98,9,Man,Man,Man,7,7,8,Indian,Asian,Indian
soc_poor_seed120_crop.png,sd35,soc_poor,Unclear,Black,9,Man,Indian,43,True,10,-55.98,9,Man,Man,Man,6,4,6,Middle Eastern,Middle Eastern,Middle Eastern
soc_poor_seed120_crop.png,sd35,soc_poor,Unclear,Black,9,Man,Indian,43,True,10,-55.98,9,Man,Man,Man,7,5,7,White,White,White
soc_poor_seed120_crop.png,sd35,soc_poor,Unclear,Black,9,Man,Indian,43,True,10,-55.98,9,Woman,Unclear,Woman,7,7,9,Indian,Middle Eastern,Middle Eastern
soc_poor_seed120_crop.png,sd35,soc_poor,Unclear,Black,9,Man,Indian,43,True,10,-55.98,9,Man,Man,Man,5,5,7,Asian,Asian,Asian
soc_poor_seed120_crop.png,sd35,soc_poor,Unclear,Black,9,Man,Indian,43,True,10,-72.27,9,Man,Man,Man,7,7,8,Indian,Asian,Indian
soc_poor_seed120_crop.png,sd35,soc_poor,Unclear,Black,9,Man,Indian,43,True,10,-72.27,9,Man,Man,Man,6,4,6,Middle Eastern,Middle Eastern,Middle Eastern
soc_poor_seed120_crop.png,sd35,soc_poor,Unclear,Black,9,Man,Indian,43,True,10,-72.27,9,Man,Man,Man,7,5,7,White,White,White
soc_poor_seed120_crop.png,sd35,soc_poor,Unclear,Black,9,Man,Indian,43,True,10,-72.27,9,Woman,Unclear,Woman,7,7,9,Indian,Middle Eastern,Middle Eastern
soc_poor_seed120_crop.png,sd35,soc_poor,Unclear,Black,9,Man,Indian,43,True,10,-72.27,9,Man,Man,Man,5,5,7,Asian,Asian,Asian
soc_poor_seed120_crop.png,sd35,soc_poor,Unclear,Black,9,Man,Indian,43,True,8,-19.4,8,Man,Man,Man,7,7,8,Indian,Asian,Indian
soc_poor_seed120_crop.png,sd35,soc_poor,Unclear,Black,9,Man,Indian,43,True,8,-19.4,8,Man,Man,Man,6,4,6,Middle Eastern,Middle Eastern,Middle Eastern
soc_poor_seed120_crop.png,sd35,soc_poor,Unclear,Black,9,Man,Indian,43,True,8,-19.4,8,Man,Man,Man,7,5,7,White,White,White
soc_poor_seed120_crop.png,sd35,soc_poor,Unclear,Black,9,Man,Indian,43,True,8,-19.4,8,Woman,Unclear,Woman,7,7,9,Indian,Middle Eastern,Middle Eastern
soc_poor_seed120_crop.png,sd35,soc_poor,Unclear,Black,9,Man,Indian,43,True,8,-19.4,8,Man,Man,Man,5,5,7,Asian,Asian,Asian
soc_poor_seed120_crop.png,sd35,soc_poor,Unclear,Black,9,Man,Indian,43,True,7,-32.4,9,Man,Man,Man,7,7,8,Indian,Asian,Indian
soc_poor_seed120_crop.png,sd35,soc_poor,Unclear,Black,9,Man,Indian,43,True,7,-32.4,9,Man,Man,Man,6,4,6,Middle Eastern,Middle Eastern,Middle Eastern
soc_poor_seed120_crop.png,sd35,soc_poor,Unclear,Black,9,Man,Indian,43,True,7,-32.4,9,Man,Man,Man,7,5,7,White,White,White
soc_poor_seed120_crop.png,sd35,soc_poor,Unclear,Black,9,Man,Indian,43,True,7,-32.4,9,Woman,Unclear,Woman,7,7,9,Indian,Middle Eastern,Middle Eastern
soc_poor_seed120_crop.png,sd35,soc_poor,Unclear,Black,9,Man,Indian,43,True,7,-32.4,9,Man,Man,Man,5,5,7,Asian,Asian,Asian
soc_poor_seed120_crop.png,sd35,soc_poor,Unclear,Black,9,Man,Indian,43,True,5,62.73,1,Man,Man,Man,7,7,8,Indian,Asian,Indian
soc_poor_seed120_crop.png,sd35,soc_poor,Unclear,Black,9,Man,Indian,43,True,5,62.73,1,Man,Man,Man,6,4,6,Middle Eastern,Middle Eastern,Middle Eastern
soc_poor_seed120_crop.png,sd35,soc_poor,Unclear,Black,9,Man,Indian,43,True,5,62.73,1,Man,Man,Man,7,5,7,White,White,White
soc_poor_seed120_crop.png,sd35,soc_poor,Unclear,Black,9,Man,Indian,43,True,5,62.73,1,Woman,Unclear,Woman,7,7,9,Indian,Middle Eastern,Middle Eastern
soc_poor_seed120_crop.png,sd35,soc_poor,Unclear,Black,9,Man,Indian,43,True,5,62.73,1,Man,Man,Man,5,5,7,Asian,Asian,Asian
soc_poor_seed120_crop.png,sd35,soc_poor,Unclear,Black,9,Man,White,47,True,10,-55.98,9,Man,Man,Man,7,7,8,Indian,Asian,Indian
soc_poor_seed120_crop.png,sd35,soc_poor,Unclear,Black,9,Man,White,47,True,10,-55.98,9,Man,Man,Man,6,4,6,Middle Eastern,Middle Eastern,Middle Eastern
soc_poor_seed120_crop.png,sd35,soc_poor,Unclear,Black,9,Man,White,47,True,10,-55.98,9,Man,Man,Man,7,5,7,White,White,White
soc_poor_seed120_crop.png,sd35,soc_poor,Unclear,Black,9,Man,White,47,True,10,-55.98,9,Woman,Unclear,Woman,7,7,9,Indian,Middle Eastern,Middle Eastern
soc_poor_seed120_crop.png,sd35,soc_poor,Unclear,Black,9,Man,White,47,True,10,-55.98,9,Man,Man,Man,5,5,7,Asian,Asian,Asian
soc_poor_seed120_crop.png,sd35,soc_poor,Unclear,Black,9,Man,White,47,True,10,-72.27,9,Man,Man,Man,7,7,8,Indian,Asian,Indian
soc_poor_seed120_crop.png,sd35,soc_poor,Unclear,Black,9,Man,White,47,True,10,-72.27,9,Man,Man,Man,6,4,6,Middle Eastern,Middle Eastern,Middle Eastern
soc_poor_seed120_crop.png,sd35,soc_poor,Unclear,Black,9,Man,White,47,True,10,-72.27,9,Man,Man,Man,7,5,7,White,White,White
soc_poor_seed120_crop.png,sd35,soc_poor,Unclear,Black,9,Man,White,47,True,10,-72.27,9,Woman,Unclear,Woman,7,7,9,Indian,Middle Eastern,Middle Eastern
soc_poor_seed120_crop.png,sd35,soc_poor,Unclear,Black,9,Man,White,47,True,10,-72.27,9,Man,Man,Man,5,5,7,Asian,Asian,Asian
soc_poor_seed120_crop.png,sd35,soc_poor,Unclear,Black,9,Man,White,47,True,8,-19.4,8,Man,Man,Man,7,7,8,Indian,Asian,Indian
soc_poor_seed120_crop.png,sd35,soc_poor,Unclear,Black,9,Man,White,47,True,8,-19.4,8,Man,Man,Man,6,4,6,Middle Eastern,Middle Eastern,Middle Eastern
soc_poor_seed120_crop.png,sd35,soc_poor,Unclear,Black,9,Man,White,47,True,8,-19.4,8,Man,Man,Man,7,5,7,White,White,White
soc_poor_seed120_crop.png,sd35,soc_poor,Unclear,Black,9,Man,White,47,True,8,-19.4,8,Woman,Unclear,Woman,7,7,9,Indian,Middle Eastern,Middle Eastern
soc_poor_seed120_crop.png,sd35,soc_poor,Unclear,Black,9,Man,White,47,True,8,-19.4,8,Man,Man,Man,5,5,7,Asian,Asian,Asian
soc_poor_seed120_crop.png,sd35,soc_poor,Unclear,Black,9,Man,White,47,True,7,-32.4,9,Man,Man,Man,7,7,8,Indian,Asian,Indian
soc_poor_seed120_crop.png,sd35,soc_poor,Unclear,Black,9,Man,White,47,True,7,-32.4,9,Man,Man,Man,6,4,6,Middle Eastern,Middle Eastern,Middle Eastern
soc_poor_seed120_crop.png,sd35,soc_poor,Unclear,Black,9,Man,White,47,True,7,-32.4,9,Man,Man,Man,7,5,7,White,White,White
soc_poor_seed120_crop.png,sd35,soc_poor,Unclear,Black,9,Man,White,47,True,7,-32.4,9,Woman,Unclear,Woman,7,7,9,Indian,Middle Eastern,Middle Eastern
soc_poor_seed120_crop.png,sd35,soc_poor,Unclear,Black,9,Man,White,47,True,7,-32.4,9,Man,Man,Man,5,5,7,Asian,Asian,Asian
soc_poor_seed120_crop.png,sd35,soc_poor,Unclear,Black,9,Man,White,47,True,5,62.73,1,Man,Man,Man,7,7,8,Indian,Asian,Indian
soc_poor_seed120_crop.png,sd35,soc_poor,Unclear,Black,9,Man,White,47,True,5,62.73,1,Man,Man,Man,6,4,6,Middle Eastern,Middle Eastern,Middle Eastern
soc_poor_seed120_crop.png,sd35,soc_poor,Unclear,Black,9,Man,White,47,True,5,62.73,1,Man,Man,Man,7,5,7,White,White,White
soc_poor_seed120_crop.png,sd35,soc_poor,Unclear,Black,9,Man,White,47,True,5,62.73,1,Woman,Unclear,Woman,7,7,9,Indian,Middle Eastern,Middle Eastern
soc_poor_seed120_crop.png,sd35,soc_poor,Unclear,Black,9,Man,White,47,True,5,62.73,1,Man,Man,Man,5,5,7,Asian,Asian,Asian
soc_poor_seed120_crop.png,sd35,soc_poor,Unclear,Black,9,Man,Latino Hispanic,45,True,10,-55.98,9,Man,Man,Man,7,7,8,Indian,Asian,Indian
soc_poor_seed120_crop.png,sd35,soc_poor,Unclear,Black,9,Man,Latino Hispanic,45,True,10,-55.98,9,Man,Man,Man,6,4,6,Middle Eastern,Middle Eastern,Middle Eastern
soc_poor_seed120_crop.png,sd35,soc_poor,Unclear,Black,9,Man,Latino Hispanic,45,True,10,-55.98,9,Man,Man,Man,7,5,7,White,White,White
soc_poor_seed120_crop.png,sd35,soc_poor,Unclear,Black,9,Man,Latino Hispanic,45,True,10,-55.98,9,Woman,Unclear,Woman,7,7,9,Indian,Middle Eastern,Middle Eastern
soc_poor_seed120_crop.png,sd35,soc_poor,Unclear,Black,9,Man,Latino Hispanic,45,True,10,-55.98,9,Man,Man,Man,5,5,7,Asian,Asian,Asian
soc_poor_seed120_crop.png,sd35,soc_poor,Unclear,Black,9,Man,Latino Hispanic,45,True,10,-72.27,9,Man,Man,Man,7,7,8,Indian,Asian,Indian
soc_poor_seed120_crop.png,sd35,soc_poor,Unclear,Black,9,Man,Latino Hispanic,45,True,10,-72.27,9,Man,Man,Man,6,4,6,Middle Eastern,Middle Eastern,Middle Eastern
soc_poor_seed120_crop.png,sd35,soc_poor,Unclear,Black,9,Man,Latino Hispanic,45,True,10,-72.27,9,Man,Man,Man,7,5,7,White,White,White
soc_poor_seed120_crop.png,sd35,soc_poor,Unclear,Black,9,Man,Latino Hispanic,45,True,10,-72.27,9,Woman,Unclear,Woman,7,7,9,Indian,Middle Eastern,Middle Eastern
soc_poor_seed120_crop.png,sd35,soc_poor,Unclear,Black,9,Man,Latino Hispanic,45,True,10,-72.27,9,Man,Man,Man,5,5,7,Asian,Asian,Asian
soc_poor_seed120_crop.png,sd35,soc_poor,Unclear,Black,9,Man,Latino Hispanic,45,True,8,-19.4,8,Man,Man,Man,7,7,8,Indian,Asian,Indian
soc_poor_seed120_crop.png,sd35,soc_poor,Unclear,Black,9,Man,Latino Hispanic,45,True,8,-19.4,8,Man,Man,Man,6,4,6,Middle Eastern,Middle Eastern,Middle Eastern
soc_poor_seed120_crop.png,sd35,soc_poor,Unclear,Black,9,Man,Latino Hispanic,45,True,8,-19.4,8,Man,Man,Man,7,5,7,White,White,White
soc_poor_seed120_crop.png,sd35,soc_poor,Unclear,Black,9,Man,Latino Hispanic,45,True,8,-19.4,8,Woman,Unclear,Woman,7,7,9,Indian,Middle Eastern,Middle Eastern
soc_poor_seed120_crop.png,sd35,soc_poor,Unclear,Black,9,Man,Latino Hispanic,45,True,8,-19.4,8,Man,Man,Man,5,5,7,Asian,Asian,Asian
soc_poor_seed120_crop.png,sd35,soc_poor,Unclear,Black,9,Man,Latino Hispanic,45,True,7,-32.4,9,Man,Man,Man,7,7,8,Indian,Asian,Indian
soc_poor_seed120_crop.png,sd35,soc_poor,Unclear,Black,9,Man,Latino Hispanic,45,True,7,-32.4,9,Man,Man,Man,6,4,6,Middle Eastern,Middle Eastern,Middle Eastern
soc_poor_seed120_crop.png,sd35,soc_poor,Unclear,Black,9,Man,Latino Hispanic,45,True,7,-32.4,9,Man,Man,Man,7,5,7,White,White,White
soc_poor_seed120_crop.png,sd35,soc_poor,Unclear,Black,9,Man,Latino Hispanic,45,True,7,-32.4,9,Woman,Unclear,Woman,7,7,9,Indian,Middle Eastern,Middle Eastern
soc_poor_seed120_crop.png,sd35,soc_poor,Unclear,Black,9,Man,Latino Hispanic,45,True,7,-32.4,9,Man,Man,Man,5,5,7,Asian,Asian,Asian
soc_poor_seed120_crop.png,sd35,soc_poor,Unclear,Black,9,Man,Latino Hispanic,45,True,5,62.73,1,Man,Man,Man,7,7,8,Indian,Asian,Indian
soc_poor_seed120_crop.png,sd35,soc_poor,Unclear,Black,9,Man,Latino Hispanic,45,True,5,62.73,1,Man,Man,Man,6,4,6,Middle Eastern,Middle Eastern,Middle Eastern
soc_poor_seed120_crop.png,sd35,soc_poor,Unclear,Black,9,Man,Latino Hispanic,45,True,5,62.73,1,Man,Man,Man,7,5,7,White,White,White
soc_poor_seed120_crop.png,sd35,soc_poor,Unclear,Black,9,Man,Latino Hispanic,45,True,5,62.73,1,Woman,Unclear,Woman,7,7,9,Indian,Middle Eastern,Middle Eastern
soc_poor_seed120_crop.png,sd35,soc_poor,Unclear,Black,9,Man,Latino Hispanic,45,True,5,62.73,1,Man,Man,Man,5,5,7,Asian,Asian,Asian
soc_poor_seed120_crop.png,sd35,soc_poor,Unclear,Black,9,Man,Asian,32,True,10,-55.98,9,Man,Man,Man,7,7,8,Indian,Asian,Indian
soc_poor_seed120_crop.png,sd35,soc_poor,Unclear,Black,9,Man,Asian,32,True,10,-55.98,9,Man,Man,Man,6,4,6,Middle Eastern,Middle Eastern,Middle Eastern
soc_poor_seed120_crop.png,sd35,soc_poor,Unclear,Black,9,Man,Asian,32,True,10,-55.98,9,Man,Man,Man,7,5,7,White,White,White
soc_poor_seed120_crop.png,sd35,soc_poor,Unclear,Black,9,Man,Asian,32,True,10,-55.98,9,Woman,Unclear,Woman,7,7,9,Indian,Middle Eastern,Middle Eastern
soc_poor_seed120_crop.png,sd35,soc_poor,Unclear,Black,9,Man,Asian,32,True,10,-55.98,9,Man,Man,Man,5,5,7,Asian,Asian,Asian
soc_poor_seed120_crop.png,sd35,soc_poor,Unclear,Black,9,Man,Asian,32,True,10,-72.27,9,Man,Man,Man,7,7,8,Indian,Asian,Indian
soc_poor_seed120_crop.png,sd35,soc_poor,Unclear,Black,9,Man,Asian,32,True,10,-72.27,9,Man,Man,Man,6,4,6,Middle Eastern,Middle Eastern,Middle Eastern
soc_poor_seed120_crop.png,sd35,soc_poor,Unclear,Black,9,Man,Asian,32,True,10,-72.27,9,Man,Man,Man,7,5,7,White,White,White
soc_poor_seed120_crop.png,sd35,soc_poor,Unclear,Black,9,Man,Asian,32,True,10,-72.27,9,Woman,Unclear,Woman,7,7,9,Indian,Middle Eastern,Middle Eastern
soc_poor_seed120_crop.png,sd35,soc_poor,Unclear,Black,9,Man,Asian,32,True,10,-72.27,9,Man,Man,Man,5,5,7,Asian,Asian,Asian
soc_poor_seed120_crop.png,sd35,soc_poor,Unclear,Black,9,Man,Asian,32,True,8,-19.4,8,Man,Man,Man,7,7,8,Indian,Asian,Indian
soc_poor_seed120_crop.png,sd35,soc_poor,Unclear,Black,9,Man,Asian,32,True,8,-19.4,8,Man,Man,Man,6,4,6,Middle Eastern,Middle Eastern,Middle Eastern
soc_poor_seed120_crop.png,sd35,soc_poor,Unclear,Black,9,Man,Asian,32,True,8,-19.4,8,Man,Man,Man,7,5,7,White,White,White
soc_poor_seed120_crop.png,sd35,soc_poor,Unclear,Black,9,Man,Asian,32,True,8,-19.4,8,Woman,Unclear,Woman,7,7,9,Indian,Middle Eastern,Middle Eastern
soc_poor_seed120_crop.png,sd35,soc_poor,Unclear,Black,9,Man,Asian,32,True,8,-19.4,8,Man,Man,Man,5,5,7,Asian,Asian,Asian
soc_poor_seed120_crop.png,sd35,soc_poor,Unclear,Black,9,Man,Asian,32,True,7,-32.4,9,Man,Man,Man,7,7,8,Indian,Asian,Indian
soc_poor_seed120_crop.png,sd35,soc_poor,Unclear,Black,9,Man,Asian,32,True,7,-32.4,9,Man,Man,Man,6,4,6,Middle Eastern,Middle Eastern,Middle Eastern
soc_poor_seed120_crop.png,sd35,soc_poor,Unclear,Black,9,Man,Asian,32,True,7,-32.4,9,Man,Man,Man,7,5,7,White,White,White
soc_poor_seed120_crop.png,sd35,soc_poor,Unclear,Black,9,Man,Asian,32,True,7,-32.4,9,Woman,Unclear,Woman,7,7,9,Indian,Middle Eastern,Middle Eastern
soc_poor_seed120_crop.png,sd35,soc_poor,Unclear,Black,9,Man,Asian,32,True,7,-32.4,9,Man,Man,Man,5,5,7,Asian,Asian,Asian
soc_poor_seed120_crop.png,sd35,soc_poor,Unclear,Black,9,Man,Asian,32,True,5,62.73,1,Man,Man,Man,7,7,8,Indian,Asian,Indian
soc_poor_seed120_crop.png,sd35,soc_poor,Unclear,Black,9,Man,Asian,32,True,5,62.73,1,Man,Man,Man,6,4,6,Middle Eastern,Middle Eastern,Middle Eastern
soc_poor_seed120_crop.png,sd35,soc_poor,Unclear,Black,9,Man,Asian,32,True,5,62.73,1,Man,Man,Man,7,5,7,White,White,White
soc_poor_seed120_crop.png,sd35,soc_poor,Unclear,Black,9,Man,Asian,32,True,5,62.73,1,Woman,Unclear,Woman,7,7,9,Indian,Middle Eastern,Middle Eastern
soc_poor_seed120_crop.png,sd35,soc_poor,Unclear,Black,9,Man,Asian,32,True,5,62.73,1,Man,Man,Man,5,5,7,Asian,Asian,Asian
soc_poor_seed120_crop.png,sd35,soc_poor,Unclear,Black,9,Man,White,29,False,10,-55.98,9,Man,Man,Man,7,7,8,Indian,Asian,Indian
soc_poor_seed120_crop.png,sd35,soc_poor,Unclear,Black,9,Man,White,29,False,10,-55.98,9,Man,Man,Man,6,4,6,Middle Eastern,Middle Eastern,Middle Eastern
soc_poor_seed120_crop.png,sd35,soc_poor,Unclear,Black,9,Man,White,29,False,10,-55.98,9,Man,Man,Man,7,5,7,White,White,White
soc_poor_seed120_crop.png,sd35,soc_poor,Unclear,Black,9,Man,White,29,False,10,-55.98,9,Woman,Unclear,Woman,7,7,9,Indian,Middle Eastern,Middle Eastern
soc_poor_seed120_crop.png,sd35,soc_poor,Unclear,Black,9,Man,White,29,False,10,-55.98,9,Man,Man,Man,5,5,7,Asian,Asian,Asian
soc_poor_seed120_crop.png,sd35,soc_poor,Unclear,Black,9,Man,White,29,False,10,-72.27,9,Man,Man,Man,7,7,8,Indian,Asian,Indian
soc_poor_seed120_crop.png,sd35,soc_poor,Unclear,Black,9,Man,White,29,False,10,-72.27,9,Man,Man,Man,6,4,6,Middle Eastern,Middle Eastern,Middle Eastern
soc_poor_seed120_crop.png,sd35,soc_poor,Unclear,Black,9,Man,White,29,False,10,-72.27,9,Man,Man,Man,7,5,7,White,White,White
soc_poor_seed120_crop.png,sd35,soc_poor,Unclear,Black,9,Man,White,29,False,10,-72.27,9,Woman,Unclear,Woman,7,7,9,Indian,Middle Eastern,Middle Eastern
soc_poor_seed120_crop.png,sd35,soc_poor,Unclear,Black,9,Man,White,29,False,10,-72.27,9,Man,Man,Man,5,5,7,Asian,Asian,Asian
soc_poor_seed120_crop.png,sd35,soc_poor,Unclear,Black,9,Man,White,29,False,8,-19.4,8,Man,Man,Man,7,7,8,Indian,Asian,Indian
soc_poor_seed120_crop.png,sd35,soc_poor,Unclear,Black,9,Man,White,29,False,8,-19.4,8,Man,Man,Man,6,4,6,Middle Eastern,Middle Eastern,Middle Eastern
soc_poor_seed120_crop.png,sd35,soc_poor,Unclear,Black,9,Man,White,29,False,8,-19.4,8,Man,Man,Man,7,5,7,White,White,White
soc_poor_seed120_crop.png,sd35,soc_poor,Unclear,Black,9,Man,White,29,False,8,-19.4,8,Woman,Unclear,Woman,7,7,9,Indian,Middle Eastern,Middle Eastern
soc_poor_seed120_crop.png,sd35,soc_poor,Unclear,Black,9,Man,White,29,False,8,-19.4,8,Man,Man,Man,5,5,7,Asian,Asian,Asian
soc_poor_seed120_crop.png,sd35,soc_poor,Unclear,Black,9,Man,White,29,False,7,-32.4,9,Man,Man,Man,7,7,8,Indian,Asian,Indian
soc_poor_seed120_crop.png,sd35,soc_poor,Unclear,Black,9,Man,White,29,False,7,-32.4,9,Man,Man,Man,6,4,6,Middle Eastern,Middle Eastern,Middle Eastern
soc_poor_seed120_crop.png,sd35,soc_poor,Unclear,Black,9,Man,White,29,False,7,-32.4,9,Man,Man,Man,7,5,7,White,White,White
soc_poor_seed120_crop.png,sd35,soc_poor,Unclear,Black,9,Man,White,29,False,7,-32.4,9,Woman,Unclear,Woman,7,7,9,Indian,Middle Eastern,Middle Eastern
soc_poor_seed120_crop.png,sd35,soc_poor,Unclear,Black,9,Man,White,29,False,7,-32.4,9,Man,Man,Man,5,5,7,Asian,Asian,Asian
soc_poor_seed120_crop.png,sd35,soc_poor,Unclear,Black,9,Man,White,29,False,5,62.73,1,Man,Man,Man,7,7,8,Indian,Asian,Indian
soc_poor_seed120_crop.png,sd35,soc_poor,Unclear,Black,9,Man,White,29,False,5,62.73,1,Man,Man,Man,6,4,6,Middle Eastern,Middle Eastern,Middle Eastern
soc_poor_seed120_crop.png,sd35,soc_poor,Unclear,Black,9,Man,White,29,False,5,62.73,1,Man,Man,Man,7,5,7,White,White,White
soc_poor_seed120_crop.png,sd35,soc_poor,Unclear,Black,9,Man,White,29,False,5,62.73,1,Woman,Unclear,Woman,7,7,9,Indian,Middle Eastern,Middle Eastern
soc_poor_seed120_crop.png,sd35,soc_poor,Unclear,Black,9,Man,White,29,False,5,62.73,1,Man,Man,Man,5,5,7,Asian,Asian,Asian
soc_poor_seed120_crop.png,sd35,soc_poor,Man,Indian,8,Man,Indian,43,True,10,-55.98,9,Man,Man,Man,7,7,8,Indian,Asian,Indian
soc_poor_seed120_crop.png,sd35,soc_poor,Man,Indian,8,Man,Indian,43,True,10,-55.98,9,Man,Man,Man,6,4,6,Middle Eastern,Middle Eastern,Middle Eastern
soc_poor_seed120_crop.png,sd35,soc_poor,Man,Indian,8,Man,Indian,43,True,10,-55.98,9,Man,Man,Man,7,5,7,White,White,White
soc_poor_seed120_crop.png,sd35,soc_poor,Man,Indian,8,Man,Indian,43,True,10,-55.98,9,Woman,Unclear,Woman,7,7,9,Indian,Middle Eastern,Middle Eastern
soc_poor_seed120_crop.png,sd35,soc_poor,Man,Indian,8,Man,Indian,43,True,10,-55.98,9,Man,Man,Man,5,5,7,Asian,Asian,Asian
soc_poor_seed120_crop.png,sd35,soc_poor,Man,Indian,8,Man,Indian,43,True,10,-72.27,9,Man,Man,Man,7,7,8,Indian,Asian,Indian
soc_poor_seed120_crop.png,sd35,soc_poor,Man,Indian,8,Man,Indian,43,True,10,-72.27,9,Man,Man,Man,6,4,6,Middle Eastern,Middle Eastern,Middle Eastern
soc_poor_seed120_crop.png,sd35,soc_poor,Man,Indian,8,Man,Indian,43,True,10,-72.27,9,Man,Man,Man,7,5,7,White,White,White
soc_poor_seed120_crop.png,sd35,soc_poor,Man,Indian,8,Man,Indian,43,True,10,-72.27,9,Woman,Unclear,Woman,7,7,9,Indian,Middle Eastern,Middle Eastern
soc_poor_seed120_crop.png,sd35,soc_poor,Man,Indian,8,Man,Indian,43,True,10,-72.27,9,Man,Man,Man,5,5,7,Asian,Asian,Asian
soc_poor_seed120_crop.png,sd35,soc_poor,Man,Indian,8,Man,Indian,43,True,8,-19.4,8,Man,Man,Man,7,7,8,Indian,Asian,Indian
soc_poor_seed120_crop.png,sd35,soc_poor,Man,Indian,8,Man,Indian,43,True,8,-19.4,8,Man,Man,Man,6,4,6,Middle Eastern,Middle Eastern,Middle Eastern
soc_poor_seed120_crop.png,sd35,soc_poor,Man,Indian,8,Man,Indian,43,True,8,-19.4,8,Man,Man,Man,7,5,7,White,White,White
soc_poor_seed120_crop.png,sd35,soc_poor,Man,Indian,8,Man,Indian,43,True,8,-19.4,8,Woman,Unclear,Woman,7,7,9,Indian,Middle Eastern,Middle Eastern
soc_poor_seed120_crop.png,sd35,soc_poor,Man,Indian,8,Man,Indian,43,True,8,-19.4,8,Man,Man,Man,5,5,7,Asian,Asian,Asian
soc_poor_seed120_crop.png,sd35,soc_poor,Man,Indian,8,Man,Indian,43,True,7,-32.4,9,Man,Man,Man,7,7,8,Indian,Asian,Indian
soc_poor_seed120_crop.png,sd35,soc_poor,Man,Indian,8,Man,Indian,43,True,7,-32.4,9,Man,Man,Man,6,4,6,Middle Eastern,Middle Eastern,Middle Eastern
soc_poor_seed120_crop.png,sd35,soc_poor,Man,Indian,8,Man,Indian,43,True,7,-32.4,9,Man,Man,Man,7,5,7,White,White,White
soc_poor_seed120_crop.png,sd35,soc_poor,Man,Indian,8,Man,Indian,43,True,7,-32.4,9,Woman,Unclear,Woman,7,7,9,Indian,Middle Eastern,Middle Eastern
soc_poor_seed120_crop.png,sd35,soc_poor,Man,Indian,8,Man,Indian,43,True,7,-32.4,9,Man,Man,Man,5,5,7,Asian,Asian,Asian
soc_poor_seed120_crop.png,sd35,soc_poor,Man,Indian,8,Man,Indian,43,True,5,62.73,1,Man,Man,Man,7,7,8,Indian,Asian,Indian
soc_poor_seed120_crop.png,sd35,soc_poor,Man,Indian,8,Man,Indian,43,True,5,62.73,1,Man,Man,Man,6,4,6,Middle Eastern,Middle Eastern,Middle Eastern
soc_poor_seed120_crop.png,sd35,soc_poor,Man,Indian,8,Man,Indian,43,True,5,62.73,1,Man,Man,Man,7,5,7,White,White,White
soc_poor_seed120_crop.png,sd35,soc_poor,Man,Indian,8,Man,Indian,43,True,5,62.73,1,Woman,Unclear,Woman,7,7,9,Indian,Middle Eastern,Middle Eastern
soc_poor_seed120_crop.png,sd35,soc_poor,Man,Indian,8,Man,Indian,43,True,5,62.73,1,Man,Man,Man,5,5,7,Asian,Asian,Asian
soc_poor_seed120_crop.png,sd35,soc_poor,Man,Indian,8,Man,White,47,True,10,-55.98,9,Man,Man,Man,7,7,8,Indian,Asian,Indian
soc_poor_seed120_crop.png,sd35,soc_poor,Man,Indian,8,Man,White,47,True,10,-55.98,9,Man,Man,Man,6,4,6,Middle Eastern,Middle Eastern,Middle Eastern
soc_poor_seed120_crop.png,sd35,soc_poor,Man,Indian,8,Man,White,47,True,10,-55.98,9,Man,Man,Man,7,5,7,White,White,White
soc_poor_seed120_crop.png,sd35,soc_poor,Man,Indian,8,Man,White,47,True,10,-55.98,9,Woman,Unclear,Woman,7,7,9,Indian,Middle Eastern,Middle Eastern
soc_poor_seed120_crop.png,sd35,soc_poor,Man,Indian,8,Man,White,47,True,10,-55.98,9,Man,Man,Man,5,5,7,Asian,Asian,Asian
soc_poor_seed120_crop.png,sd35,soc_poor,Man,Indian,8,Man,White,47,True,10,-72.27,9,Man,Man,Man,7,7,8,Indian,Asian,Indian
soc_poor_seed120_crop.png,sd35,soc_poor,Man,Indian,8,Man,White,47,True,10,-72.27,9,Man,Man,Man,6,4,6,Middle Eastern,Middle Eastern,Middle Eastern
soc_poor_seed120_crop.png,sd35,soc_poor,Man,Indian,8,Man,White,47,True,10,-72.27,9,Man,Man,Man,7,5,7,White,White,White
soc_poor_seed120_crop.png,sd35,soc_poor,Man,Indian,8,Man,White,47,True,10,-72.27,9,Woman,Unclear,Woman,7,7,9,Indian,Middle Eastern,Middle Eastern
soc_poor_seed120_crop.png,sd35,soc_poor,Man,Indian,8,Man,White,47,True,10,-72.27,9,Man,Man,Man,5,5,7,Asian,Asian,Asian
soc_poor_seed120_crop.png,sd35,soc_poor,Man,Indian,8,Man,White,47,True,8,-19.4,8,Man,Man,Man,7,7,8,Indian,Asian,Indian
soc_poor_seed120_crop.png,sd35,soc_poor,Man,Indian,8,Man,White,47,True,8,-19.4,8,Man,Man,Man,6,4,6,Middle Eastern,Middle Eastern,Middle Eastern
soc_poor_seed120_crop.png,sd35,soc_poor,Man,Indian,8,Man,White,47,True,8,-19.4,8,Man,Man,Man,7,5,7,White,White,White
soc_poor_seed120_crop.png,sd35,soc_poor,Man,Indian,8,Man,White,47,True,8,-19.4,8,Woman,Unclear,Woman,7,7,9,Indian,Middle Eastern,Middle Eastern
soc_poor_seed120_crop.png,sd35,soc_poor,Man,Indian,8,Man,White,47,True,8,-19.4,8,Man,Man,Man,5,5,7,Asian,Asian,Asian
soc_poor_seed120_crop.png,sd35,soc_poor,Man,Indian,8,Man,White,47,True,7,-32.4,9,Man,Man,Man,7,7,8,Indian,Asian,Indian
soc_poor_seed120_crop.png,sd35,soc_poor,Man,Indian,8,Man,White,47,True,7,-32.4,9,Man,Man,Man,6,4,6,Middle Eastern,Middle Eastern,Middle Eastern
soc_poor_seed120_crop.png,sd35,soc_poor,Man,Indian,8,Man,White,47,True,7,-32.4,9,Man,Man,Man,7,5,7,White,White,White
soc_poor_seed120_crop.png,sd35,soc_poor,Man,Indian,8,Man,White,47,True,7,-32.4,9,Woman,Unclear,Woman,7,7,9,Indian,Middle Eastern,Middle Eastern
soc_poor_seed120_crop.png,sd35,soc_poor,Man,Indian,8,Man,White,47,True,7,-32.4,9,Man,Man,Man,5,5,7,Asian,Asian,Asian
soc_poor_seed120_crop.png,sd35,soc_poor,Man,Indian,8,Man,White,47,True,5,62.73,1,Man,Man,Man,7,7,8,Indian,Asian,Indian
soc_poor_seed120_crop.png,sd35,soc_poor,Man,Indian,8,Man,White,47,True,5,62.73,1,Man,Man,Man,6,4,6,Middle Eastern,Middle Eastern,Middle Eastern
soc_poor_seed120_crop.png,sd35,soc_poor,Man,Indian,8,Man,White,47,True,5,62.73,1,Man,Man,Man,7,5,7,White,White,White
soc_poor_seed120_crop.png,sd35,soc_poor,Man,Indian,8,Man,White,47,True,5,62.73,1,Woman,Unclear,Woman,7,7,9,Indian,Middle Eastern,Middle Eastern
soc_poor_seed120_crop.png,sd35,soc_poor,Man,Indian,8,Man,White,47,True,5,62.73,1,Man,Man,Man,5,5,7,Asian,Asian,Asian
soc_poor_seed120_crop.png,sd35,soc_poor,Man,Indian,8,Man,Latino Hispanic,45,True,10,-55.98,9,Man,Man,Man,7,7,8,Indian,Asian,Indian
soc_poor_seed120_crop.png,sd35,soc_poor,Man,Indian,8,Man,Latino Hispanic,45,True,10,-55.98,9,Man,Man,Man,6,4,6,Middle Eastern,Middle Eastern,Middle Eastern
soc_poor_seed120_crop.png,sd35,soc_poor,Man,Indian,8,Man,Latino Hispanic,45,True,10,-55.98,9,Man,Man,Man,7,5,7,White,White,White
soc_poor_seed120_crop.png,sd35,soc_poor,Man,Indian,8,Man,Latino Hispanic,45,True,10,-55.98,9,Woman,Unclear,Woman,7,7,9,Indian,Middle Eastern,Middle Eastern
soc_poor_seed120_crop.png,sd35,soc_poor,Man,Indian,8,Man,Latino Hispanic,45,True,10,-55.98,9,Man,Man,Man,5,5,7,Asian,Asian,Asian
soc_poor_seed120_crop.png,sd35,soc_poor,Man,Indian,8,Man,Latino Hispanic,45,True,10,-72.27,9,Man,Man,Man,7,7,8,Indian,Asian,Indian
soc_poor_seed120_crop.png,sd35,soc_poor,Man,Indian,8,Man,Latino Hispanic,45,True,10,-72.27,9,Man,Man,Man,6,4,6,Middle Eastern,Middle Eastern,Middle Eastern
soc_poor_seed120_crop.png,sd35,soc_poor,Man,Indian,8,Man,Latino Hispanic,45,True,10,-72.27,9,Man,Man,Man,7,5,7,White,White,White
soc_poor_seed120_crop.png,sd35,soc_poor,Man,Indian,8,Man,Latino Hispanic,45,True,10,-72.27,9,Woman,Unclear,Woman,7,7,9,Indian,Middle Eastern,Middle Eastern
soc_poor_seed120_crop.png,sd35,soc_poor,Man,Indian,8,Man,Latino Hispanic,45,True,10,-72.27,9,Man,Man,Man,5,5,7,Asian,Asian,Asian
soc_poor_seed120_crop.png,sd35,soc_poor,Man,Indian,8,Man,Latino Hispanic,45,True,8,-19.4,8,Man,Man,Man,7,7,8,Indian,Asian,Indian
soc_poor_seed120_crop.png,sd35,soc_poor,Man,Indian,8,Man,Latino Hispanic,45,True,8,-19.4,8,Man,Man,Man,6,4,6,Middle Eastern,Middle Eastern,Middle Eastern
soc_poor_seed120_crop.png,sd35,soc_poor,Man,Indian,8,Man,Latino Hispanic,45,True,8,-19.4,8,Man,Man,Man,7,5,7,White,White,White
soc_poor_seed120_crop.png,sd35,soc_poor,Man,Indian,8,Man,Latino Hispanic,45,True,8,-19.4,8,Woman,Unclear,Woman,7,7,9,Indian,Middle Eastern,Middle Eastern
soc_poor_seed120_crop.png,sd35,soc_poor,Man,Indian,8,Man,Latino Hispanic,45,True,8,-19.4,8,Man,Man,Man,5,5,7,Asian,Asian,Asian
soc_poor_seed120_crop.png,sd35,soc_poor,Man,Indian,8,Man,Latino Hispanic,45,True,7,-32.4,9,Man,Man,Man,7,7,8,Indian,Asian,Indian
soc_poor_seed120_crop.png,sd35,soc_poor,Man,Indian,8,Man,Latino Hispanic,45,True,7,-32.4,9,Man,Man,Man,6,4,6,Middle Eastern,Middle Eastern,Middle Eastern
soc_poor_seed120_crop.png,sd35,soc_poor,Man,Indian,8,Man,Latino Hispanic,45,True,7,-32.4,9,Man,Man,Man,7,5,7,White,White,White
soc_poor_seed120_crop.png,sd35,soc_poor,Man,Indian,8,Man,Latino Hispanic,45,True,7,-32.4,9,Woman,Unclear,Woman,7,7,9,Indian,Middle Eastern,Middle Eastern
soc_poor_seed120_crop.png,sd35,soc_poor,Man,Indian,8,Man,Latino Hispanic,45,True,7,-32.4,9,Man,Man,Man,5,5,7,Asian,Asian,Asian
soc_poor_seed120_crop.png,sd35,soc_poor,Man,Indian,8,Man,Latino Hispanic,45,True,5,62.73,1,Man,Man,Man,7,7,8,Indian,Asian,Indian
soc_poor_seed120_crop.png,sd35,soc_poor,Man,Indian,8,Man,Latino Hispanic,45,True,5,62.73,1,Man,Man,Man,6,4,6,Middle Eastern,Middle Eastern,Middle Eastern
soc_poor_seed120_crop.png,sd35,soc_poor,Man,Indian,8,Man,Latino Hispanic,45,True,5,62.73,1,Man,Man,Man,7,5,7,White,White,White
soc_poor_seed120_crop.png,sd35,soc_poor,Man,Indian,8,Man,Latino Hispanic,45,True,5,62.73,1,Woman,Unclear,Woman,7,7,9,Indian,Middle Eastern,Middle Eastern
soc_poor_seed120_crop.png,sd35,soc_poor,Man,Indian,8,Man,Latino Hispanic,45,True,5,62.73,1,Man,Man,Man,5,5,7,Asian,Asian,Asian
soc_poor_seed120_crop.png,sd35,soc_poor,Man,Indian,8,Man,Asian,32,True,10,-55.98,9,Man,Man,Man,7,7,8,Indian,Asian,Indian
soc_poor_seed120_crop.png,sd35,soc_poor,Man,Indian,8,Man,Asian,32,True,10,-55.98,9,Man,Man,Man,6,4,6,Middle Eastern,Middle Eastern,Middle Eastern
soc_poor_seed120_crop.png,sd35,soc_poor,Man,Indian,8,Man,Asian,32,True,10,-55.98,9,Man,Man,Man,7,5,7,White,White,White
soc_poor_seed120_crop.png,sd35,soc_poor,Man,Indian,8,Man,Asian,32,True,10,-55.98,9,Woman,Unclear,Woman,7,7,9,Indian,Middle Eastern,Middle Eastern
soc_poor_seed120_crop.png,sd35,soc_poor,Man,Indian,8,Man,Asian,32,True,10,-55.98,9,Man,Man,Man,5,5,7,Asian,Asian,Asian
soc_poor_seed120_crop.png,sd35,soc_poor,Man,Indian,8,Man,Asian,32,True,10,-72.27,9,Man,Man,Man,7,7,8,Indian,Asian,Indian
soc_poor_seed120_crop.png,sd35,soc_poor,Man,Indian,8,Man,Asian,32,True,10,-72.27,9,Man,Man,Man,6,4,6,Middle Eastern,Middle Eastern,Middle Eastern
soc_poor_seed120_crop.png,sd35,soc_poor,Man,Indian,8,Man,Asian,32,True,10,-72.27,9,Man,Man,Man,7,5,7,White,White,White
soc_poor_seed120_crop.png,sd35,soc_poor,Man,Indian,8,Man,Asian,32,True,10,-72.27,9,Woman,Unclear,Woman,7,7,9,Indian,Middle Eastern,Middle Eastern
soc_poor_seed120_crop.png,sd35,soc_poor,Man,Indian,8,Man,Asian,32,True,10,-72.27,9,Man,Man,Man,5,5,7,Asian,Asian,Asian
soc_poor_seed120_crop.png,sd35,soc_poor,Man,Indian,8,Man,Asian,32,True,8,-19.4,8,Man,Man,Man,7,7,8,Indian,Asian,Indian
soc_poor_seed120_crop.png,sd35,soc_poor,Man,Indian,8,Man,Asian,32,True,8,-19.4,8,Man,Man,Man,6,4,6,Middle Eastern,Middle Eastern,Middle Eastern
soc_poor_seed120_crop.png,sd35,soc_poor,Man,Indian,8,Man,Asian,32,True,8,-19.4,8,Man,Man,Man,7,5,7,White,White,White
soc_poor_seed120_crop.png,sd35,soc_poor,Man,Indian,8,Man,Asian,32,True,8,-19.4,8,Woman,Unclear,Woman,7,7,9,Indian,Middle Eastern,Middle Eastern
soc_poor_seed120_crop.png,sd35,soc_poor,Man,Indian,8,Man,Asian,32,True,8,-19.4,8,Man,Man,Man,5,5,7,Asian,Asian,Asian
soc_poor_seed120_crop.png,sd35,soc_poor,Man,Indian,8,Man,Asian,32,True,7,-32.4,9,Man,Man,Man,7,7,8,Indian,Asian,Indian
soc_poor_seed120_crop.png,sd35,soc_poor,Man,Indian,8,Man,Asian,32,True,7,-32.4,9,Man,Man,Man,6,4,6,Middle Eastern,Middle Eastern,Middle Eastern
soc_poor_seed120_crop.png,sd35,soc_poor,Man,Indian,8,Man,Asian,32,True,7,-32.4,9,Man,Man,Man,7,5,7,White,White,White
soc_poor_seed120_crop.png,sd35,soc_poor,Man,Indian,8,Man,Asian,32,True,7,-32.4,9,Woman,Unclear,Woman,7,7,9,Indian,Middle Eastern,Middle Eastern
soc_poor_seed120_crop.png,sd35,soc_poor,Man,Indian,8,Man,Asian,32,True,7,-32.4,9,Man,Man,Man,5,5,7,Asian,Asian,Asian
soc_poor_seed120_crop.png,sd35,soc_poor,Man,Indian,8,Man,Asian,32,True,5,62.73,1,Man,Man,Man,7,7,8,Indian,Asian,Indian
soc_poor_seed120_crop.png,sd35,soc_poor,Man,Indian,8,Man,Asian,32,True,5,62.73,1,Man,Man,Man,6,4,6,Middle Eastern,Middle Eastern,Middle Eastern
soc_poor_seed120_crop.png,sd35,soc_poor,Man,Indian,8,Man,Asian,32,True,5,62.73,1,Man,Man,Man,7,5,7,White,White,White
soc_poor_seed120_crop.png,sd35,soc_poor,Man,Indian,8,Man,Asian,32,True,5,62.73,1,Woman,Unclear,Woman,7,7,9,Indian,Middle Eastern,Middle Eastern
soc_poor_seed120_crop.png,sd35,soc_poor,Man,Indian,8,Man,Asian,32,True,5,62.73,1,Man,Man,Man,5,5,7,Asian,Asian,Asian
soc_poor_seed120_crop.png,sd35,soc_poor,Man,Indian,8,Man,White,29,False,10,-55.98,9,Man,Man,Man,7,7,8,Indian,Asian,Indian
soc_poor_seed120_crop.png,sd35,soc_poor,Man,Indian,8,Man,White,29,False,10,-55.98,9,Man,Man,Man,6,4,6,Middle Eastern,Middle Eastern,Middle Eastern
soc_poor_seed120_crop.png,sd35,soc_poor,Man,Indian,8,Man,White,29,False,10,-55.98,9,Man,Man,Man,7,5,7,White,White,White
soc_poor_seed120_crop.png,sd35,soc_poor,Man,Indian,8,Man,White,29,False,10,-55.98,9,Woman,Unclear,Woman,7,7,9,Indian,Middle Eastern,Middle Eastern
soc_poor_seed120_crop.png,sd35,soc_poor,Man,Indian,8,Man,White,29,False,10,-55.98,9,Man,Man,Man,5,5,7,Asian,Asian,Asian
soc_poor_seed120_crop.png,sd35,soc_poor,Man,Indian,8,Man,White,29,False,10,-72.27,9,Man,Man,Man,7,7,8,Indian,Asian,Indian
soc_poor_seed120_crop.png,sd35,soc_poor,Man,Indian,8,Man,White,29,False,10,-72.27,9,Man,Man,Man,6,4,6,Middle Eastern,Middle Eastern,Middle Eastern
soc_poor_seed120_crop.png,sd35,soc_poor,Man,Indian,8,Man,White,29,False,10,-72.27,9,Man,Man,Man,7,5,7,White,White,White
soc_poor_seed120_crop.png,sd35,soc_poor,Man,Indian,8,Man,White,29,False,10,-72.27,9,Woman,Unclear,Woman,7,7,9,Indian,Middle Eastern,Middle Eastern
soc_poor_seed120_crop.png,sd35,soc_poor,Man,Indian,8,Man,White,29,False,10,-72.27,9,Man,Man,Man,5,5,7,Asian,Asian,Asian
soc_poor_seed120_crop.png,sd35,soc_poor,Man,Indian,8,Man,White,29,False,8,-19.4,8,Man,Man,Man,7,7,8,Indian,Asian,Indian
soc_poor_seed120_crop.png,sd35,soc_poor,Man,Indian,8,Man,White,29,False,8,-19.4,8,Man,Man,Man,6,4,6,Middle Eastern,Middle Eastern,Middle Eastern
soc_poor_seed120_crop.png,sd35,soc_poor,Man,Indian,8,Man,White,29,False,8,-19.4,8,Man,Man,Man,7,5,7,White,White,White
soc_poor_seed120_crop.png,sd35,soc_poor,Man,Indian,8,Man,White,29,False,8,-19.4,8,Woman,Unclear,Woman,7,7,9,Indian,Middle Eastern,Middle Eastern
soc_poor_seed120_crop.png,sd35,soc_poor,Man,Indian,8,Man,White,29,False,8,-19.4,8,Man,Man,Man,5,5,7,Asian,Asian,Asian
soc_poor_seed120_crop.png,sd35,soc_poor,Man,Indian,8,Man,White,29,False,7,-32.4,9,Man,Man,Man,7,7,8,Indian,Asian,Indian
soc_poor_seed120_crop.png,sd35,soc_poor,Man,Indian,8,Man,White,29,False,7,-32.4,9,Man,Man,Man,6,4,6,Middle Eastern,Middle Eastern,Middle Eastern
soc_poor_seed120_crop.png,sd35,soc_poor,Man,Indian,8,Man,White,29,False,7,-32.4,9,Man,Man,Man,7,5,7,White,White,White
soc_poor_seed120_crop.png,sd35,soc_poor,Man,Indian,8,Man,White,29,False,7,-32.4,9,Woman,Unclear,Woman,7,7,9,Indian,Middle Eastern,Middle Eastern
soc_poor_seed120_crop.png,sd35,soc_poor,Man,Indian,8,Man,White,29,False,7,-32.4,9,Man,Man,Man,5,5,7,Asian,Asian,Asian
soc_poor_seed120_crop.png,sd35,soc_poor,Man,Indian,8,Man,White,29,False,5,62.73,1,Man,Man,Man,7,7,8,Indian,Asian,Indian
soc_poor_seed120_crop.png,sd35,soc_poor,Man,Indian,8,Man,White,29,False,5,62.73,1,Man,Man,Man,6,4,6,Middle Eastern,Middle Eastern,Middle Eastern
soc_poor_seed120_crop.png,sd35,soc_poor,Man,Indian,8,Man,White,29,False,5,62.73,1,Man,Man,Man,7,5,7,White,White,White
soc_poor_seed120_crop.png,sd35,soc_poor,Man,Indian,8,Man,White,29,False,5,62.73,1,Woman,Unclear,Woman,7,7,9,Indian,Middle Eastern,Middle Eastern
soc_poor_seed120_crop.png,sd35,soc_poor,Man,Indian,8,Man,White,29,False,5,62.73,1,Man,Man,Man,5,5,7,Asian,Asian,Asian
base_beautiful_seed102_crop.png,flux,base_beautiful,Woman,Asian,4,Woman,Asian,29,True,5,19.52,4,Woman,Woman,Woman,5,2,5,Asian,Asian,Asian
base_beautiful_seed102_crop.png,flux,base_beautiful,Woman,Asian,4,Woman,Asian,29,True,5,19.52,4,Woman,Woman,Woman,5,3,6,Indian,Asian,Asian
base_beautiful_seed102_crop.png,flux,base_beautiful,Woman,Asian,4,Woman,Asian,29,True,5,19.52,4,Woman,Woman,Woman,5,3,6,Asian,Asian,Asian
base_beautiful_seed102_crop.png,flux,base_beautiful,Woman,Asian,4,Woman,Asian,29,True,5,19.52,4,Woman,Woman,Woman,5,2,6,White,Asian,White
base_beautiful_seed102_crop.png,flux,base_beautiful,Woman,Asian,4,Woman,Asian,29,True,5,19.52,4,Woman,Woman,Woman,5,2,5,Asian,Asian,Asian
base_beautiful_seed102_crop.png,flux,base_beautiful,Woman,Asian,4,Woman,Asian,29,True,5,-21.96,8,Woman,Woman,Woman,5,2,5,Asian,Asian,Asian
base_beautiful_seed102_crop.png,flux,base_beautiful,Woman,Asian,4,Woman,Asian,29,True,5,-21.96,8,Woman,Woman,Woman,5,3,6,Indian,Asian,Asian
base_beautiful_seed102_crop.png,flux,base_beautiful,Woman,Asian,4,Woman,Asian,29,True,5,-21.96,8,Woman,Woman,Woman,5,3,6,Asian,Asian,Asian
base_beautiful_seed102_crop.png,flux,base_beautiful,Woman,Asian,4,Woman,Asian,29,True,5,-21.96,8,Woman,Woman,Woman,5,2,6,White,Asian,White
base_beautiful_seed102_crop.png,flux,base_beautiful,Woman,Asian,4,Woman,Asian,29,True,5,-21.96,8,Woman,Woman,Woman,5,2,5,Asian,Asian,Asian
base_beautiful_seed102_crop.png,flux,base_beautiful,Woman,Asian,4,Woman,Asian,29,True,6,31.09,3,Woman,Woman,Woman,5,2,5,Asian,Asian,Asian
base_beautiful_seed102_crop.png,flux,base_beautiful,Woman,Asian,4,Woman,Asian,29,True,6,31.09,3,Woman,Woman,Woman,5,3,6,Indian,Asian,Asian
base_beautiful_seed102_crop.png,flux,base_beautiful,Woman,Asian,4,Woman,Asian,29,True,6,31.09,3,Woman,Woman,Woman,5,3,6,Asian,Asian,Asian
base_beautiful_seed102_crop.png,flux,base_beautiful,Woman,Asian,4,Woman,Asian,29,True,6,31.09,3,Woman,Woman,Woman,5,2,6,White,Asian,White
base_beautiful_seed102_crop.png,flux,base_beautiful,Woman,Asian,4,Woman,Asian,29,True,6,31.09,3,Woman,Woman,Woman,5,2,5,Asian,Asian,Asian
base_beautiful_seed102_crop.png,flux,base_beautiful,Woman,Asian,4,Woman,Asian,29,True,5,52.18,2,Woman,Woman,Woman,5,2,5,Asian,Asian,Asian
base_beautiful_seed102_crop.png,flux,base_beautiful,Woman,Asian,4,Woman,Asian,29,True,5,52.18,2,Woman,Woman,Woman,5,3,6,Indian,Asian,Asian
base_beautiful_seed102_crop.png,flux,base_beautiful,Woman,Asian,4,Woman,Asian,29,True,5,52.18,2,Woman,Woman,Woman,5,3,6,Asian,Asian,Asian
base_beautiful_seed102_crop.png,flux,base_beautiful,Woman,Asian,4,Woman,Asian,29,True,5,52.18,2,Woman,Woman,Woman,5,2,6,White,Asian,White
base_beautiful_seed102_crop.png,flux,base_beautiful,Woman,Asian,4,Woman,Asian,29,True,5,52.18,2,Woman,Woman,Woman,5,2,5,Asian,Asian,Asian
base_beautiful_seed102_crop.png,flux,base_beautiful,Woman,Asian,4,Woman,Asian,29,True,4,44.66,2,Woman,Woman,Woman,5,2,5,Asian,Asian,Asian
base_beautiful_seed102_crop.png,flux,base_beautiful,Woman,Asian,4,Woman,Asian,29,True,4,44.66,2,Woman,Woman,Woman,5,3,6,Indian,Asian,Asian
base_beautiful_seed102_crop.png,flux,base_beautiful,Woman,Asian,4,Woman,Asian,29,True,4,44.66,2,Woman,Woman,Woman,5,3,6,Asian,Asian,Asian
base_beautiful_seed102_crop.png,flux,base_beautiful,Woman,Asian,4,Woman,Asian,29,True,4,44.66,2,Woman,Woman,Woman,5,2,6,White,Asian,White
base_beautiful_seed102_crop.png,flux,base_beautiful,Woman,Asian,4,Woman,Asian,29,True,4,44.66,2,Woman,Woman,Woman,5,2,5,Asian,Asian,Asian
base_beautiful_seed102_crop.png,flux,base_beautiful,Woman,Asian,4,Woman,Asian,32,True,5,19.52,4,Woman,Woman,Woman,5,2,5,Asian,Asian,Asian
base_beautiful_seed102_crop.png,flux,base_beautiful,Woman,Asian,4,Woman,Asian,32,True,5,19.52,4,Woman,Woman,Woman,5,3,6,Indian,Asian,Asian
base_beautiful_seed102_crop.png,flux,base_beautiful,Woman,Asian,4,Woman,Asian,32,True,5,19.52,4,Woman,Woman,Woman,5,3,6,Asian,Asian,Asian
base_beautiful_seed102_crop.png,flux,base_beautiful,Woman,Asian,4,Woman,Asian,32,True,5,19.52,4,Woman,Woman,Woman,5,2,6,White,Asian,White
base_beautiful_seed102_crop.png,flux,base_beautiful,Woman,Asian,4,Woman,Asian,32,True,5,19.52,4,Woman,Woman,Woman,5,2,5,Asian,Asian,Asian
base_beautiful_seed102_crop.png,flux,base_beautiful,Woman,Asian,4,Woman,Asian,32,True,5,-21.96,8,Woman,Woman,Woman,5,2,5,Asian,Asian,Asian
base_beautiful_seed102_crop.png,flux,base_beautiful,Woman,Asian,4,Woman,Asian,32,True,5,-21.96,8,Woman,Woman,Woman,5,3,6,Indian,Asian,Asian
base_beautiful_seed102_crop.png,flux,base_beautiful,Woman,Asian,4,Woman,Asian,32,True,5,-21.96,8,Woman,Woman,Woman,5,3,6,Asian,Asian,Asian
base_beautiful_seed102_crop.png,flux,base_beautiful,Woman,Asian,4,Woman,Asian,32,True,5,-21.96,8,Woman,Woman,Woman,5,2,6,White,Asian,White
base_beautiful_seed102_crop.png,flux,base_beautiful,Woman,Asian,4,Woman,Asian,32,True,5,-21.96,8,Woman,Woman,Woman,5,2,5,Asian,Asian,Asian
base_beautiful_seed102_crop.png,flux,base_beautiful,Woman,Asian,4,Woman,Asian,32,True,6,31.09,3,Woman,Woman,Woman,5,2,5,Asian,Asian,Asian
base_beautiful_seed102_crop.png,flux,base_beautiful,Woman,Asian,4,Woman,Asian,32,True,6,31.09,3,Woman,Woman,Woman,5,3,6,Indian,Asian,Asian
base_beautiful_seed102_crop.png,flux,base_beautiful,Woman,Asian,4,Woman,Asian,32,True,6,31.09,3,Woman,Woman,Woman,5,3,6,Asian,Asian,Asian
base_beautiful_seed102_crop.png,flux,base_beautiful,Woman,Asian,4,Woman,Asian,32,True,6,31.09,3,Woman,Woman,Woman,5,2,6,White,Asian,White
base_beautiful_seed102_crop.png,flux,base_beautiful,Woman,Asian,4,Woman,Asian,32,True,6,31.09,3,Woman,Woman,Woman,5,2,5,Asian,Asian,Asian
base_beautiful_seed102_crop.png,flux,base_beautiful,Woman,Asian,4,Woman,Asian,32,True,5,52.18,2,Woman,Woman,Woman,5,2,5,Asian,Asian,Asian
base_beautiful_seed102_crop.png,flux,base_beautiful,Woman,Asian,4,Woman,Asian,32,True,5,52.18,2,Woman,Woman,Woman,5,3,6,Indian,Asian,Asian
base_beautiful_seed102_crop.png,flux,base_beautiful,Woman,Asian,4,Woman,Asian,32,True,5,52.18,2,Woman,Woman,Woman,5,3,6,Asian,Asian,Asian
base_beautiful_seed102_crop.png,flux,base_beautiful,Woman,Asian,4,Woman,Asian,32,True,5,52.18,2,Woman,Woman,Woman,5,2,6,White,Asian,White
base_beautiful_seed102_crop.png,flux,base_beautiful,Woman,Asian,4,Woman,Asian,32,True,5,52.18,2,Woman,Woman,Woman,5,2,5,Asian,Asian,Asian
base_beautiful_seed102_crop.png,flux,base_beautiful,Woman,Asian,4,Woman,Asian,32,True,4,44.66,2,Woman,Woman,Woman,5,2,5,Asian,Asian,Asian
base_beautiful_seed102_crop.png,flux,base_beautiful,Woman,Asian,4,Woman,Asian,32,True,4,44.66,2,Woman,Woman,Woman,5,3,6,Indian,Asian,Asian
base_beautiful_seed102_crop.png,flux,base_beautiful,Woman,Asian,4,Woman,Asian,32,True,4,44.66,2,Woman,Woman,Woman,5,3,6,Asian,Asian,Asian
base_beautiful_seed102_crop.png,flux,base_beautiful,Woman,Asian,4,Woman,Asian,32,True,4,44.66,2,Woman,Woman,Woman,5,2,6,White,Asian,White
base_beautiful_seed102_crop.png,flux,base_beautiful,Woman,Asian,4,Woman,Asian,32,True,4,44.66,2,Woman,Woman,Woman,5,2,5,Asian,Asian,Asian
base_beautiful_seed102_crop.png,flux,base_beautiful,Woman,Asian,4,Woman,White,30,True,5,19.52,4,Woman,Woman,Woman,5,2,5,Asian,Asian,Asian
base_beautiful_seed102_crop.png,flux,base_beautiful,Woman,Asian,4,Woman,White,30,True,5,19.52,4,Woman,Woman,Woman,5,3,6,Indian,Asian,Asian
base_beautiful_seed102_crop.png,flux,base_beautiful,Woman,Asian,4,Woman,White,30,True,5,19.52,4,Woman,Woman,Woman,5,3,6,Asian,Asian,Asian
base_beautiful_seed102_crop.png,flux,base_beautiful,Woman,Asian,4,Woman,White,30,True,5,19.52,4,Woman,Woman,Woman,5,2,6,White,Asian,White
base_beautiful_seed102_crop.png,flux,base_beautiful,Woman,Asian,4,Woman,White,30,True,5,19.52,4,Woman,Woman,Woman,5,2,5,Asian,Asian,Asian
base_beautiful_seed102_crop.png,flux,base_beautiful,Woman,Asian,4,Woman,White,30,True,5,-21.96,8,Woman,Woman,Woman,5,2,5,Asian,Asian,Asian
base_beautiful_seed102_crop.png,flux,base_beautiful,Woman,Asian,4,Woman,White,30,True,5,-21.96,8,Woman,Woman,Woman,5,3,6,Indian,Asian,Asian
base_beautiful_seed102_crop.png,flux,base_beautiful,Woman,Asian,4,Woman,White,30,True,5,-21.96,8,Woman,Woman,Woman,5,3,6,Asian,Asian,Asian
base_beautiful_seed102_crop.png,flux,base_beautiful,Woman,Asian,4,Woman,White,30,True,5,-21.96,8,Woman,Woman,Woman,5,2,6,White,Asian,White
base_beautiful_seed102_crop.png,flux,base_beautiful,Woman,Asian,4,Woman,White,30,True,5,-21.96,8,Woman,Woman,Woman,5,2,5,Asian,Asian,Asian
base_beautiful_seed102_crop.png,flux,base_beautiful,Woman,Asian,4,Woman,White,30,True,6,31.09,3,Woman,Woman,Woman,5,2,5,Asian,Asian,Asian
base_beautiful_seed102_crop.png,flux,base_beautiful,Woman,Asian,4,Woman,White,30,True,6,31.09,3,Woman,Woman,Woman,5,3,6,Indian,Asian,Asian
base_beautiful_seed102_crop.png,flux,base_beautiful,Woman,Asian,4,Woman,White,30,True,6,31.09,3,Woman,Woman,Woman,5,3,6,Asian,Asian,Asian
base_beautiful_seed102_crop.png,flux,base_beautiful,Woman,Asian,4,Woman,White,30,True,6,31.09,3,Woman,Woman,Woman,5,2,6,White,Asian,White
base_beautiful_seed102_crop.png,flux,base_beautiful,Woman,Asian,4,Woman,White,30,True,6,31.09,3,Woman,Woman,Woman,5,2,5,Asian,Asian,Asian
base_beautiful_seed102_crop.png,flux,base_beautiful,Woman,Asian,4,Woman,White,30,True,5,52.18,2,Woman,Woman,Woman,5,2,5,Asian,Asian,Asian
base_beautiful_seed102_crop.png,flux,base_beautiful,Woman,Asian,4,Woman,White,30,True,5,52.18,2,Woman,Woman,Woman,5,3,6,Indian,Asian,Asian
base_beautiful_seed102_crop.png,flux,base_beautiful,Woman,Asian,4,Woman,White,30,True,5,52.18,2,Woman,Woman,Woman,5,3,6,Asian,Asian,Asian
base_beautiful_seed102_crop.png,flux,base_beautiful,Woman,Asian,4,Woman,White,30,True,5,52.18,2,Woman,Woman,Woman,5,2,6,White,Asian,White
base_beautiful_seed102_crop.png,flux,base_beautiful,Woman,Asian,4,Woman,White,30,True,5,52.18,2,Woman,Woman,Woman,5,2,5,Asian,Asian,Asian
base_beautiful_seed102_crop.png,flux,base_beautiful,Woman,Asian,4,Woman,White,30,True,4,44.66,2,Woman,Woman,Woman,5,2,5,Asian,Asian,Asian
base_beautiful_seed102_crop.png,flux,base_beautiful,Woman,Asian,4,Woman,White,30,True,4,44.66,2,Woman,Woman,Woman,5,3,6,Indian,Asian,Asian
base_beautiful_seed102_crop.png,flux,base_beautiful,Woman,Asian,4,Woman,White,30,True,4,44.66,2,Woman,Woman,Woman,5,3,6,Asian,Asian,Asian
base_beautiful_seed102_crop.png,flux,base_beautiful,Woman,Asian,4,Woman,White,30,True,4,44.66,2,Woman,Woman,Woman,5,2,6,White,Asian,White
base_beautiful_seed102_crop.png,flux,base_beautiful,Woman,Asian,4,Woman,White,30,True,4,44.66,2,Woman,Woman,Woman,5,2,5,Asian,Asian,Asian
base_beautiful_seed102_crop.png,flux,base_beautiful,Woman,Asian,4,Woman,Asian,26,True,5,19.52,4,Woman,Woman,Woman,5,2,5,Asian,Asian,Asian
base_beautiful_seed102_crop.png,flux,base_beautiful,Woman,Asian,4,Woman,Asian,26,True,5,19.52,4,Woman,Woman,Woman,5,3,6,Indian,Asian,Asian
base_beautiful_seed102_crop.png,flux,base_beautiful,Woman,Asian,4,Woman,Asian,26,True,5,19.52,4,Woman,Woman,Woman,5,3,6,Asian,Asian,Asian
base_beautiful_seed102_crop.png,flux,base_beautiful,Woman,Asian,4,Woman,Asian,26,True,5,19.52,4,Woman,Woman,Woman,5,2,6,White,Asian,White
base_beautiful_seed102_crop.png,flux,base_beautiful,Woman,Asian,4,Woman,Asian,26,True,5,19.52,4,Woman,Woman,Woman,5,2,5,Asian,Asian,Asian
base_beautiful_seed102_crop.png,flux,base_beautiful,Woman,Asian,4,Woman,Asian,26,True,5,-21.96,8,Woman,Woman,Woman,5,2,5,Asian,Asian,Asian
base_beautiful_seed102_crop.png,flux,base_beautiful,Woman,Asian,4,Woman,Asian,26,True,5,-21.96,8,Woman,Woman,Woman,5,3,6,Indian,Asian,Asian
base_beautiful_seed102_crop.png,flux,base_beautiful,Woman,Asian,4,Woman,Asian,26,True,5,-21.96,8,Woman,Woman,Woman,5,3,6,Asian,Asian,Asian
base_beautiful_seed102_crop.png,flux,base_beautiful,Woman,Asian,4,Woman,Asian,26,True,5,-21.96,8,Woman,Woman,Woman,5,2,6,White,Asian,White
base_beautiful_seed102_crop.png,flux,base_beautiful,Woman,Asian,4,Woman,Asian,26,True,5,-21.96,8,Woman,Woman,Woman,5,2,5,Asian,Asian,Asian
base_beautiful_seed102_crop.png,flux,base_beautiful,Woman,Asian,4,Woman,Asian,26,True,6,31.09,3,Woman,Woman,Woman,5,2,5,Asian,Asian,Asian
base_beautiful_seed102_crop.png,flux,base_beautiful,Woman,Asian,4,Woman,Asian,26,True,6,31.09,3,Woman,Woman,Woman,5,3,6,Indian,Asian,Asian
base_beautiful_seed102_crop.png,flux,base_beautiful,Woman,Asian,4,Woman,Asian,26,True,6,31.09,3,Woman,Woman,Woman,5,3,6,Asian,Asian,Asian
base_beautiful_seed102_crop.png,flux,base_beautiful,Woman,Asian,4,Woman,Asian,26,True,6,31.09,3,Woman,Woman,Woman,5,2,6,White,Asian,White
base_beautiful_seed102_crop.png,flux,base_beautiful,Woman,Asian,4,Woman,Asian,26,True,6,31.09,3,Woman,Woman,Woman,5,2,5,Asian,Asian,Asian
base_beautiful_seed102_crop.png,flux,base_beautiful,Woman,Asian,4,Woman,Asian,26,True,5,52.18,2,Woman,Woman,Woman,5,2,5,Asian,Asian,Asian
base_beautiful_seed102_crop.png,flux,base_beautiful,Woman,Asian,4,Woman,Asian,26,True,5,52.18,2,Woman,Woman,Woman,5,3,6,Indian,Asian,Asian
base_beautiful_seed102_crop.png,flux,base_beautiful,Woman,Asian,4,Woman,Asian,26,True,5,52.18,2,Woman,Woman,Woman,5,3,6,Asian,Asian,Asian
base_beautiful_seed102_crop.png,flux,base_beautiful,Woman,Asian,4,Woman,Asian,26,True,5,52.18,2,Woman,Woman,Woman,5,2,6,White,Asian,White
base_beautiful_seed102_crop.png,flux,base_beautiful,Woman,Asian,4,Woman,Asian,26,True,5,52.18,2,Woman,Woman,Woman,5,2,5,Asian,Asian,Asian
base_beautiful_seed102_crop.png,flux,base_beautiful,Woman,Asian,4,Woman,Asian,26,True,4,44.66,2,Woman,Woman,Woman,5,2,5,Asian,Asian,Asian
base_beautiful_seed102_crop.png,flux,base_beautiful,Woman,Asian,4,Woman,Asian,26,True,4,44.66,2,Woman,Woman,Woman,5,3,6,Indian,Asian,Asian
base_beautiful_seed102_crop.png,flux,base_beautiful,Woman,Asian,4,Woman,Asian,26,True,4,44.66,2,Woman,Woman,Woman,5,3,6,Asian,Asian,Asian
base_beautiful_seed102_crop.png,flux,base_beautiful,Woman,Asian,4,Woman,Asian,26,True,4,44.66,2,Woman,Woman,Woman,5,2,6,White,Asian,White
base_beautiful_seed102_crop.png,flux,base_beautiful,Woman,Asian,4,Woman,Asian,26,True,4,44.66,2,Woman,Woman,Woman,5,2,5,Asian,Asian,Asian
base_beautiful_seed102_crop.png,flux,base_beautiful,Woman,Asian,4,Man,White,32,True,5,19.52,4,Woman,Woman,Woman,5,2,5,Asian,Asian,Asian
base_beautiful_seed102_crop.png,flux,base_beautiful,Woman,Asian,4,Man,White,32,True,5,19.52,4,Woman,Woman,Woman,5,3,6,Indian,Asian,Asian
base_beautiful_seed102_crop.png,flux,base_beautiful,Woman,Asian,4,Man,White,32,True,5,19.52,4,Woman,Woman,Woman,5,3,6,Asian,Asian,Asian
base_beautiful_seed102_crop.png,flux,base_beautiful,Woman,Asian,4,Man,White,32,True,5,19.52,4,Woman,Woman,Woman,5,2,6,White,Asian,White
base_beautiful_seed102_crop.png,flux,base_beautiful,Woman,Asian,4,Man,White,32,True,5,19.52,4,Woman,Woman,Woman,5,2,5,Asian,Asian,Asian
base_beautiful_seed102_crop.png,flux,base_beautiful,Woman,Asian,4,Man,White,32,True,5,-21.96,8,Woman,Woman,Woman,5,2,5,Asian,Asian,Asian
base_beautiful_seed102_crop.png,flux,base_beautiful,Woman,Asian,4,Man,White,32,True,5,-21.96,8,Woman,Woman,Woman,5,3,6,Indian,Asian,Asian
base_beautiful_seed102_crop.png,flux,base_beautiful,Woman,Asian,4,Man,White,32,True,5,-21.96,8,Woman,Woman,Woman,5,3,6,Asian,Asian,Asian
base_beautiful_seed102_crop.png,flux,base_beautiful,Woman,Asian,4,Man,White,32,True,5,-21.96,8,Woman,Woman,Woman,5,2,6,White,Asian,White
base_beautiful_seed102_crop.png,flux,base_beautiful,Woman,Asian,4,Man,White,32,True,5,-21.96,8,Woman,Woman,Woman,5,2,5,Asian,Asian,Asian
base_beautiful_seed102_crop.png,flux,base_beautiful,Woman,Asian,4,Man,White,32,True,6,31.09,3,Woman,Woman,Woman,5,2,5,Asian,Asian,Asian
base_beautiful_seed102_crop.png,flux,base_beautiful,Woman,Asian,4,Man,White,32,True,6,31.09,3,Woman,Woman,Woman,5,3,6,Indian,Asian,Asian
base_beautiful_seed102_crop.png,flux,base_beautiful,Woman,Asian,4,Man,White,32,True,6,31.09,3,Woman,Woman,Woman,5,3,6,Asian,Asian,Asian
base_beautiful_seed102_crop.png,flux,base_beautiful,Woman,Asian,4,Man,White,32,True,6,31.09,3,Woman,Woman,Woman,5,2,6,White,Asian,White
base_beautiful_seed102_crop.png,flux,base_beautiful,Woman,Asian,4,Man,White,32,True,6,31.09,3,Woman,Woman,Woman,5,2,5,Asian,Asian,Asian
base_beautiful_seed102_crop.png,flux,base_beautiful,Woman,Asian,4,Man,White,32,True,5,52.18,2,Woman,Woman,Woman,5,2,5,Asian,Asian,Asian
base_beautiful_seed102_crop.png,flux,base_beautiful,Woman,Asian,4,Man,White,32,True,5,52.18,2,Woman,Woman,Woman,5,3,6,Indian,Asian,Asian
base_beautiful_seed102_crop.png,flux,base_beautiful,Woman,Asian,4,Man,White,32,True,5,52.18,2,Woman,Woman,Woman,5,3,6,Asian,Asian,Asian
base_beautiful_seed102_crop.png,flux,base_beautiful,Woman,Asian,4,Man,White,32,True,5,52.18,2,Woman,Woman,Woman,5,2,6,White,Asian,White
base_beautiful_seed102_crop.png,flux,base_beautiful,Woman,Asian,4,Man,White,32,True,5,52.18,2,Woman,Woman,Woman,5,2,5,Asian,Asian,Asian
base_beautiful_seed102_crop.png,flux,base_beautiful,Woman,Asian,4,Man,White,32,True,4,44.66,2,Woman,Woman,Woman,5,2,5,Asian,Asian,Asian
base_beautiful_seed102_crop.png,flux,base_beautiful,Woman,Asian,4,Man,White,32,True,4,44.66,2,Woman,Woman,Woman,5,3,6,Indian,Asian,Asian
base_beautiful_seed102_crop.png,flux,base_beautiful,Woman,Asian,4,Man,White,32,True,4,44.66,2,Woman,Woman,Woman,5,3,6,Asian,Asian,Asian
base_beautiful_seed102_crop.png,flux,base_beautiful,Woman,Asian,4,Man,White,32,True,4,44.66,2,Woman,Woman,Woman,5,2,6,White,Asian,White
base_beautiful_seed102_crop.png,flux,base_beautiful,Woman,Asian,4,Man,White,32,True,4,44.66,2,Woman,Woman,Woman,5,2,5,Asian,Asian,Asian
prof_nurse_seed105_crop.png,flux,prof_nurse,Woman,White,5,Woman,White,26,True,4,-89.23,9,Woman,Woman,Woman,3,3,5,White,White,White
prof_nurse_seed105_crop.png,flux,prof_nurse,Woman,White,5,Woman,White,26,True,4,-89.23,9,Woman,Woman,Woman,3,3,5,White,White,White
prof_nurse_seed105_crop.png,flux,prof_nurse,Woman,White,5,Woman,White,26,True,4,-89.23,9,Woman,Woman,Woman,5,2,5,Asian,Asian,Asian
prof_nurse_seed105_crop.png,flux,prof_nurse,Woman,White,5,Woman,White,26,True,4,-89.23,9,Woman,Woman,Woman,5,2,5,White,White,White
prof_nurse_seed105_crop.png,flux,prof_nurse,Woman,White,5,Woman,White,26,True,4,-89.23,9,Woman,Woman,Woman,4,2,5,Asian,Asian,Asian
prof_nurse_seed105_crop.png,flux,prof_nurse,Woman,White,5,Woman,White,26,True,5,73.57,1,Woman,Woman,Woman,3,3,5,White,White,White
prof_nurse_seed105_crop.png,flux,prof_nurse,Woman,White,5,Woman,White,26,True,5,73.57,1,Woman,Woman,Woman,3,3,5,White,White,White
prof_nurse_seed105_crop.png,flux,prof_nurse,Woman,White,5,Woman,White,26,True,5,73.57,1,Woman,Woman,Woman,5,2,5,Asian,Asian,Asian
prof_nurse_seed105_crop.png,flux,prof_nurse,Woman,White,5,Woman,White,26,True,5,73.57,1,Woman,Woman,Woman,5,2,5,White,White,White
prof_nurse_seed105_crop.png,flux,prof_nurse,Woman,White,5,Woman,White,26,True,5,73.57,1,Woman,Woman,Woman,4,2,5,Asian,Asian,Asian
prof_nurse_seed105_crop.png,flux,prof_nurse,Woman,White,5,Woman,White,26,True,6,71.22,1,Woman,Woman,Woman,3,3,5,White,White,White
prof_nurse_seed105_crop.png,flux,prof_nurse,Woman,White,5,Woman,White,26,True,6,71.22,1,Woman,Woman,Woman,3,3,5,White,White,White
prof_nurse_seed105_crop.png,flux,prof_nurse,Woman,White,5,Woman,White,26,True,6,71.22,1,Woman,Woman,Woman,5,2,5,Asian,Asian,Asian
prof_nurse_seed105_crop.png,flux,prof_nurse,Woman,White,5,Woman,White,26,True,6,71.22,1,Woman,Woman,Woman,5,2,5,White,White,White
prof_nurse_seed105_crop.png,flux,prof_nurse,Woman,White,5,Woman,White,26,True,6,71.22,1,Woman,Woman,Woman,4,2,5,Asian,Asian,Asian
prof_nurse_seed105_crop.png,flux,prof_nurse,Woman,White,5,Woman,White,26,True,5,71.16,1,Woman,Woman,Woman,3,3,5,White,White,White
prof_nurse_seed105_crop.png,flux,prof_nurse,Woman,White,5,Woman,White,26,True,5,71.16,1,Woman,Woman,Woman,3,3,5,White,White,White
prof_nurse_seed105_crop.png,flux,prof_nurse,Woman,White,5,Woman,White,26,True,5,71.16,1,Woman,Woman,Woman,5,2,5,Asian,Asian,Asian
prof_nurse_seed105_crop.png,flux,prof_nurse,Woman,White,5,Woman,White,26,True,5,71.16,1,Woman,Woman,Woman,5,2,5,White,White,White
prof_nurse_seed105_crop.png,flux,prof_nurse,Woman,White,5,Woman,White,26,True,5,71.16,1,Woman,Woman,Woman,4,2,5,Asian,Asian,Asian
prof_nurse_seed105_crop.png,flux,prof_nurse,Woman,White,5,Woman,White,26,True,6,67.4,1,Woman,Woman,Woman,3,3,5,White,White,White
prof_nurse_seed105_crop.png,flux,prof_nurse,Woman,White,5,Woman,White,26,True,6,67.4,1,Woman,Woman,Woman,3,3,5,White,White,White
prof_nurse_seed105_crop.png,flux,prof_nurse,Woman,White,5,Woman,White,26,True,6,67.4,1,Woman,Woman,Woman,5,2,5,Asian,Asian,Asian
prof_nurse_seed105_crop.png,flux,prof_nurse,Woman,White,5,Woman,White,26,True,6,67.4,1,Woman,Woman,Woman,5,2,5,White,White,White
prof_nurse_seed105_crop.png,flux,prof_nurse,Woman,White,5,Woman,White,26,True,6,67.4,1,Woman,Woman,Woman,4,2,5,Asian,Asian,Asian
prof_nurse_seed105_crop.png,flux,prof_nurse,Woman,White,5,Woman,Asian,27,True,4,-89.23,9,Woman,Woman,Woman,3,3,5,White,White,White
prof_nurse_seed105_crop.png,flux,prof_nurse,Woman,White,5,Woman,Asian,27,True,4,-89.23,9,Woman,Woman,Woman,3,3,5,White,White,White
prof_nurse_seed105_crop.png,flux,prof_nurse,Woman,White,5,Woman,Asian,27,True,4,-89.23,9,Woman,Woman,Woman,5,2,5,Asian,Asian,Asian
prof_nurse_seed105_crop.png,flux,prof_nurse,Woman,White,5,Woman,Asian,27,True,4,-89.23,9,Woman,Woman,Woman,5,2,5,White,White,White
prof_nurse_seed105_crop.png,flux,prof_nurse,Woman,White,5,Woman,Asian,27,True,4,-89.23,9,Woman,Woman,Woman,4,2,5,Asian,Asian,Asian
prof_nurse_seed105_crop.png,flux,prof_nurse,Woman,White,5,Woman,Asian,27,True,5,73.57,1,Woman,Woman,Woman,3,3,5,White,White,White
prof_nurse_seed105_crop.png,flux,prof_nurse,Woman,White,5,Woman,Asian,27,True,5,73.57,1,Woman,Woman,Woman,3,3,5,White,White,White
prof_nurse_seed105_crop.png,flux,prof_nurse,Woman,White,5,Woman,Asian,27,True,5,73.57,1,Woman,Woman,Woman,5,2,5,Asian,Asian,Asian
prof_nurse_seed105_crop.png,flux,prof_nurse,Woman,White,5,Woman,Asian,27,True,5,73.57,1,Woman,Woman,Woman,5,2,5,White,White,White
prof_nurse_seed105_crop.png,flux,prof_nurse,Woman,White,5,Woman,Asian,27,True,5,73.57,1,Woman,Woman,Woman,4,2,5,Asian,Asian,Asian
prof_nurse_seed105_crop.png,flux,prof_nurse,Woman,White,5,Woman,Asian,27,True,6,71.22,1,Woman,Woman,Woman,3,3,5,White,White,White
prof_nurse_seed105_crop.png,flux,prof_nurse,Woman,White,5,Woman,Asian,27,True,6,71.22,1,Woman,Woman,Woman,3,3,5,White,White,White
prof_nurse_seed105_crop.png,flux,prof_nurse,Woman,White,5,Woman,Asian,27,True,6,71.22,1,Woman,Woman,Woman,5,2,5,Asian,Asian,Asian
prof_nurse_seed105_crop.png,flux,prof_nurse,Woman,White,5,Woman,Asian,27,True,6,71.22,1,Woman,Woman,Woman,5,2,5,White,White,White
prof_nurse_seed105_crop.png,flux,prof_nurse,Woman,White,5,Woman,Asian,27,True,6,71.22,1,Woman,Woman,Woman,4,2,5,Asian,Asian,Asian
prof_nurse_seed105_crop.png,flux,prof_nurse,Woman,White,5,Woman,Asian,27,True,5,71.16,1,Woman,Woman,Woman,3,3,5,White,White,White
prof_nurse_seed105_crop.png,flux,prof_nurse,Woman,White,5,Woman,Asian,27,True,5,71.16,1,Woman,Woman,Woman,3,3,5,White,White,White
prof_nurse_seed105_crop.png,flux,prof_nurse,Woman,White,5,Woman,Asian,27,True,5,71.16,1,Woman,Woman,Woman,5,2,5,Asian,Asian,Asian
prof_nurse_seed105_crop.png,flux,prof_nurse,Woman,White,5,Woman,Asian,27,True,5,71.16,1,Woman,Woman,Woman,5,2,5,White,White,White
prof_nurse_seed105_crop.png,flux,prof_nurse,Woman,White,5,Woman,Asian,27,True,5,71.16,1,Woman,Woman,Woman,4,2,5,Asian,Asian,Asian
prof_nurse_seed105_crop.png,flux,prof_nurse,Woman,White,5,Woman,Asian,27,True,6,67.4,1,Woman,Woman,Woman,3,3,5,White,White,White
prof_nurse_seed105_crop.png,flux,prof_nurse,Woman,White,5,Woman,Asian,27,True,6,67.4,1,Woman,Woman,Woman,3,3,5,White,White,White
prof_nurse_seed105_crop.png,flux,prof_nurse,Woman,White,5,Woman,Asian,27,True,6,67.4,1,Woman,Woman,Woman,5,2,5,Asian,Asian,Asian
prof_nurse_seed105_crop.png,flux,prof_nurse,Woman,White,5,Woman,Asian,27,True,6,67.4,1,Woman,Woman,Woman,5,2,5,White,White,White
prof_nurse_seed105_crop.png,flux,prof_nurse,Woman,White,5,Woman,Asian,27,True,6,67.4,1,Woman,Woman,Woman,4,2,5,Asian,Asian,Asian
prof_nurse_seed105_crop.png,flux,prof_nurse,Woman,White,5,Woman,White,29,True,4,-89.23,9,Woman,Woman,Woman,3,3,5,White,White,White
prof_nurse_seed105_crop.png,flux,prof_nurse,Woman,White,5,Woman,White,29,True,4,-89.23,9,Woman,Woman,Woman,3,3,5,White,White,White
prof_nurse_seed105_crop.png,flux,prof_nurse,Woman,White,5,Woman,White,29,True,4,-89.23,9,Woman,Woman,Woman,5,2,5,Asian,Asian,Asian
prof_nurse_seed105_crop.png,flux,prof_nurse,Woman,White,5,Woman,White,29,True,4,-89.23,9,Woman,Woman,Woman,5,2,5,White,White,White
prof_nurse_seed105_crop.png,flux,prof_nurse,Woman,White,5,Woman,White,29,True,4,-89.23,9,Woman,Woman,Woman,4,2,5,Asian,Asian,Asian
prof_nurse_seed105_crop.png,flux,prof_nurse,Woman,White,5,Woman,White,29,True,5,73.57,1,Woman,Woman,Woman,3,3,5,White,White,White
prof_nurse_seed105_crop.png,flux,prof_nurse,Woman,White,5,Woman,White,29,True,5,73.57,1,Woman,Woman,Woman,3,3,5,White,White,White
prof_nurse_seed105_crop.png,flux,prof_nurse,Woman,White,5,Woman,White,29,True,5,73.57,1,Woman,Woman,Woman,5,2,5,Asian,Asian,Asian
prof_nurse_seed105_crop.png,flux,prof_nurse,Woman,White,5,Woman,White,29,True,5,73.57,1,Woman,Woman,Woman,5,2,5,White,White,White
prof_nurse_seed105_crop.png,flux,prof_nurse,Woman,White,5,Woman,White,29,True,5,73.57,1,Woman,Woman,Woman,4,2,5,Asian,Asian,Asian
prof_nurse_seed105_crop.png,flux,prof_nurse,Woman,White,5,Woman,White,29,True,6,71.22,1,Woman,Woman,Woman,3,3,5,White,White,White
prof_nurse_seed105_crop.png,flux,prof_nurse,Woman,White,5,Woman,White,29,True,6,71.22,1,Woman,Woman,Woman,3,3,5,White,White,White
prof_nurse_seed105_crop.png,flux,prof_nurse,Woman,White,5,Woman,White,29,True,6,71.22,1,Woman,Woman,Woman,5,2,5,Asian,Asian,Asian
prof_nurse_seed105_crop.png,flux,prof_nurse,Woman,White,5,Woman,White,29,True,6,71.22,1,Woman,Woman,Woman,5,2,5,White,White,White
prof_nurse_seed105_crop.png,flux,prof_nurse,Woman,White,5,Woman,White,29,True,6,71.22,1,Woman,Woman,Woman,4,2,5,Asian,Asian,Asian
prof_nurse_seed105_crop.png,flux,prof_nurse,Woman,White,5,Woman,White,29,True,5,71.16,1,Woman,Woman,Woman,3,3,5,White,White,White
prof_nurse_seed105_crop.png,flux,prof_nurse,Woman,White,5,Woman,White,29,True,5,71.16,1,Woman,Woman,Woman,3,3,5,White,White,White
prof_nurse_seed105_crop.png,flux,prof_nurse,Woman,White,5,Woman,White,29,True,5,71.16,1,Woman,Woman,Woman,5,2,5,Asian,Asian,Asian
prof_nurse_seed105_crop.png,flux,prof_nurse,Woman,White,5,Woman,White,29,True,5,71.16,1,Woman,Woman,Woman,5,2,5,White,White,White
prof_nurse_seed105_crop.png,flux,prof_nurse,Woman,White,5,Woman,White,29,True,5,71.16,1,Woman,Woman,Woman,4,2,5,Asian,Asian,Asian
prof_nurse_seed105_crop.png,flux,prof_nurse,Woman,White,5,Woman,White,29,True,6,67.4,1,Woman,Woman,Woman,3,3,5,White,White,White
prof_nurse_seed105_crop.png,flux,prof_nurse,Woman,White,5,Woman,White,29,True,6,67.4,1,Woman,Woman,Woman,3,3,5,White,White,White
prof_nurse_seed105_crop.png,flux,prof_nurse,Woman,White,5,Woman,White,29,True,6,67.4,1,Woman,Woman,Woman,5,2,5,Asian,Asian,Asian
prof_nurse_seed105_crop.png,flux,prof_nurse,Woman,White,5,Woman,White,29,True,6,67.4,1,Woman,Woman,Woman,5,2,5,White,White,White
prof_nurse_seed105_crop.png,flux,prof_nurse,Woman,White,5,Woman,White,29,True,6,67.4,1,Woman,Woman,Woman,4,2,5,Asian,Asian,Asian
prof_nurse_seed105_crop.png,flux,prof_nurse,Woman,White,5,Man,Middle Eastern,34,False,4,-89.23,9,Woman,Woman,Woman,3,3,5,White,White,White
prof_nurse_seed105_crop.png,flux,prof_nurse,Woman,White,5,Man,Middle Eastern,34,False,4,-89.23,9,Woman,Woman,Woman,3,3,5,White,White,White
prof_nurse_seed105_crop.png,flux,prof_nurse,Woman,White,5,Man,Middle Eastern,34,False,4,-89.23,9,Woman,Woman,Woman,5,2,5,Asian,Asian,Asian
prof_nurse_seed105_crop.png,flux,prof_nurse,Woman,White,5,Man,Middle Eastern,34,False,4,-89.23,9,Woman,Woman,Woman,5,2,5,White,White,White
prof_nurse_seed105_crop.png,flux,prof_nurse,Woman,White,5,Man,Middle Eastern,34,False,4,-89.23,9,Woman,Woman,Woman,4,2,5,Asian,Asian,Asian
prof_nurse_seed105_crop.png,flux,prof_nurse,Woman,White,5,Man,Middle Eastern,34,False,5,73.57,1,Woman,Woman,Woman,3,3,5,White,White,White
prof_nurse_seed105_crop.png,flux,prof_nurse,Woman,White,5,Man,Middle Eastern,34,False,5,73.57,1,Woman,Woman,Woman,3,3,5,White,White,White
prof_nurse_seed105_crop.png,flux,prof_nurse,Woman,White,5,Man,Middle Eastern,34,False,5,73.57,1,Woman,Woman,Woman,5,2,5,Asian,Asian,Asian
prof_nurse_seed105_crop.png,flux,prof_nurse,Woman,White,5,Man,Middle Eastern,34,False,5,73.57,1,Woman,Woman,Woman,5,2,5,White,White,White
prof_nurse_seed105_crop.png,flux,prof_nurse,Woman,White,5,Man,Middle Eastern,34,False,5,73.57,1,Woman,Woman,Woman,4,2,5,Asian,Asian,Asian
prof_nurse_seed105_crop.png,flux,prof_nurse,Woman,White,5,Man,Middle Eastern,34,False,6,71.22,1,Woman,Woman,Woman,3,3,5,White,White,White
prof_nurse_seed105_crop.png,flux,prof_nurse,Woman,White,5,Man,Middle Eastern,34,False,6,71.22,1,Woman,Woman,Woman,3,3,5,White,White,White
prof_nurse_seed105_crop.png,flux,prof_nurse,Woman,White,5,Man,Middle Eastern,34,False,6,71.22,1,Woman,Woman,Woman,5,2,5,Asian,Asian,Asian
prof_nurse_seed105_crop.png,flux,prof_nurse,Woman,White,5,Man,Middle Eastern,34,False,6,71.22,1,Woman,Woman,Woman,5,2,5,White,White,White
prof_nurse_seed105_crop.png,flux,prof_nurse,Woman,White,5,Man,Middle Eastern,34,False,6,71.22,1,Woman,Woman,Woman,4,2,5,Asian,Asian,Asian
prof_nurse_seed105_crop.png,flux,prof_nurse,Woman,White,5,Man,Middle Eastern,34,False,5,71.16,1,Woman,Woman,Woman,3,3,5,White,White,White
prof_nurse_seed105_crop.png,flux,prof_nurse,Woman,White,5,Man,Middle Eastern,34,False,5,71.16,1,Woman,Woman,Woman,3,3,5,White,White,White
prof_nurse_seed105_crop.png,flux,prof_nurse,Woman,White,5,Man,Middle Eastern,34,False,5,71.16,1,Woman,Woman,Woman,5,2,5,Asian,Asian,Asian
prof_nurse_seed105_crop.png,flux,prof_nurse,Woman,White,5,Man,Middle Eastern,34,False,5,71.16,1,Woman,Woman,Woman,5,2,5,White,White,White
prof_nurse_seed105_crop.png,flux,prof_nurse,Woman,White,5,Man,Middle Eastern,34,False,5,71.16,1,Woman,Woman,Woman,4,2,5,Asian,Asian,Asian
prof_nurse_seed105_crop.png,flux,prof_nurse,Woman,White,5,Man,Middle Eastern,34,False,6,67.4,1,Woman,Woman,Woman,3,3,5,White,White,White
prof_nurse_seed105_crop.png,flux,prof_nurse,Woman,White,5,Man,Middle Eastern,34,False,6,67.4,1,Woman,Woman,Woman,3,3,5,White,White,White
prof_nurse_seed105_crop.png,flux,prof_nurse,Woman,White,5,Man,Middle Eastern,34,False,6,67.4,1,Woman,Woman,Woman,5,2,5,Asian,Asian,Asian
prof_nurse_seed105_crop.png,flux,prof_nurse,Woman,White,5,Man,Middle Eastern,34,False,6,67.4,1,Woman,Woman,Woman,5,2,5,White,White,White
prof_nurse_seed105_crop.png,flux,prof_nurse,Woman,White,5,Man,Middle Eastern,34,False,6,67.4,1,Woman,Woman,Woman,4,2,5,Asian,Asian,Asian
prof_nurse_seed105_crop.png,flux,prof_nurse,Woman,White,5,Woman,White,35,True,4,-89.23,9,Woman,Woman,Woman,3,3,5,White,White,White
prof_nurse_seed105_crop.png,flux,prof_nurse,Woman,White,5,Woman,White,35,True,4,-89.23,9,Woman,Woman,Woman,3,3,5,White,White,White
prof_nurse_seed105_crop.png,flux,prof_nurse,Woman,White,5,Woman,White,35,True,4,-89.23,9,Woman,Woman,Woman,5,2,5,Asian,Asian,Asian
prof_nurse_seed105_crop.png,flux,prof_nurse,Woman,White,5,Woman,White,35,True,4,-89.23,9,Woman,Woman,Woman,5,2,5,White,White,White
prof_nurse_seed105_crop.png,flux,prof_nurse,Woman,White,5,Woman,White,35,True,4,-89.23,9,Woman,Woman,Woman,4,2,5,Asian,Asian,Asian
prof_nurse_seed105_crop.png,flux,prof_nurse,Woman,White,5,Woman,White,35,True,5,73.57,1,Woman,Woman,Woman,3,3,5,White,White,White
prof_nurse_seed105_crop.png,flux,prof_nurse,Woman,White,5,Woman,White,35,True,5,73.57,1,Woman,Woman,Woman,3,3,5,White,White,White
prof_nurse_seed105_crop.png,flux,prof_nurse,Woman,White,5,Woman,White,35,True,5,73.57,1,Woman,Woman,Woman,5,2,5,Asian,Asian,Asian
prof_nurse_seed105_crop.png,flux,prof_nurse,Woman,White,5,Woman,White,35,True,5,73.57,1,Woman,Woman,Woman,5,2,5,White,White,White
prof_nurse_seed105_crop.png,flux,prof_nurse,Woman,White,5,Woman,White,35,True,5,73.57,1,Woman,Woman,Woman,4,2,5,Asian,Asian,Asian
prof_nurse_seed105_crop.png,flux,prof_nurse,Woman,White,5,Woman,White,35,True,6,71.22,1,Woman,Woman,Woman,3,3,5,White,White,White
prof_nurse_seed105_crop.png,flux,prof_nurse,Woman,White,5,Woman,White,35,True,6,71.22,1,Woman,Woman,Woman,3,3,5,White,White,White
prof_nurse_seed105_crop.png,flux,prof_nurse,Woman,White,5,Woman,White,35,True,6,71.22,1,Woman,Woman,Woman,5,2,5,Asian,Asian,Asian
prof_nurse_seed105_crop.png,flux,prof_nurse,Woman,White,5,Woman,White,35,True,6,71.22,1,Woman,Woman,Woman,5,2,5,White,White,White
prof_nurse_seed105_crop.png,flux,prof_nurse,Woman,White,5,Woman,White,35,True,6,71.22,1,Woman,Woman,Woman,4,2,5,Asian,Asian,Asian
prof_nurse_seed105_crop.png,flux,prof_nurse,Woman,White,5,Woman,White,35,True,5,71.16,1,Woman,Woman,Woman,3,3,5,White,White,White
prof_nurse_seed105_crop.png,flux,prof_nurse,Woman,White,5,Woman,White,35,True,5,71.16,1,Woman,Woman,Woman,3,3,5,White,White,White
prof_nurse_seed105_crop.png,flux,prof_nurse,Woman,White,5,Woman,White,35,True,5,71.16,1,Woman,Woman,Woman,5,2,5,Asian,Asian,Asian
prof_nurse_seed105_crop.png,flux,prof_nurse,Woman,White,5,Woman,White,35,True,5,71.16,1,Woman,Woman,Woman,5,2,5,White,White,White
prof_nurse_seed105_crop.png,flux,prof_nurse,Woman,White,5,Woman,White,35,True,5,71.16,1,Woman,Woman,Woman,4,2,5,Asian,Asian,Asian
prof_nurse_seed105_crop.png,flux,prof_nurse,Woman,White,5,Woman,White,35,True,6,67.4,1,Woman,Woman,Woman,3,3,5,White,White,White
prof_nurse_seed105_crop.png,flux,prof_nurse,Woman,White,5,Woman,White,35,True,6,67.4,1,Woman,Woman,Woman,3,3,5,White,White,White
prof_nurse_seed105_crop.png,flux,prof_nurse,Woman,White,5,Woman,White,35,True,6,67.4,1,Woman,Woman,Woman,5,2,5,Asian,Asian,Asian
prof_nurse_seed105_crop.png,flux,prof_nurse,Woman,White,5,Woman,White,35,True,6,67.4,1,Woman,Woman,Woman,5,2,5,White,White,White
prof_nurse_seed105_crop.png,flux,prof_nurse,Woman,White,5,Woman,White,35,True,6,67.4,1,Woman,Woman,Woman,4,2,5,Asian,Asian,Asian
prof_cleaner_seed106_crop.png,zimage,prof_cleaner,Unclear,Unclear,Unclear,Man,White,34,False,2,80.14,1,Man,Man,Man,5,2,6,White,White,White
prof_cleaner_seed106_crop.png,zimage,prof_cleaner,Unclear,Unclear,Unclear,Man,White,34,False,2,80.14,1,Man,Man,Man,5,3,5,Middle Eastern,White,White
prof_cleaner_seed106_crop.png,zimage,prof_cleaner,Unclear,Unclear,Unclear,Man,White,34,False,2,80.14,1,Woman,Woman,Woman,5,3,6,Asian,Asian,Asian
prof_cleaner_seed106_crop.png,zimage,prof_cleaner,Unclear,Unclear,Unclear,Man,White,34,False,2,80.14,1,Unclear,Man,Man,Unclear,Unclear,Unclear,Unclear,Unclear,Unclear
prof_cleaner_seed106_crop.png,zimage,prof_cleaner,Unclear,Unclear,Unclear,Man,White,34,False,2,80.14,1,Man,Man,Man,5,3,5,White,Asian,Asian
prof_cleaner_seed106_crop.png,zimage,prof_cleaner,Unclear,Unclear,Unclear,Man,White,34,False,6,15.83,5,Man,Man,Man,5,2,6,White,White,White
prof_cleaner_seed106_crop.png,zimage,prof_cleaner,Unclear,Unclear,Unclear,Man,White,34,False,6,15.83,5,Man,Man,Man,5,3,5,Middle Eastern,White,White
prof_cleaner_seed106_crop.png,zimage,prof_cleaner,Unclear,Unclear,Unclear,Man,White,34,False,6,15.83,5,Woman,Woman,Woman,5,3,6,Asian,Asian,Asian
prof_cleaner_seed106_crop.png,zimage,prof_cleaner,Unclear,Unclear,Unclear,Man,White,34,False,6,15.83,5,Unclear,Man,Man,Unclear,Unclear,Unclear,Unclear,Unclear,Unclear
prof_cleaner_seed106_crop.png,zimage,prof_cleaner,Unclear,Unclear,Unclear,Man,White,34,False,6,15.83,5,Man,Man,Man,5,3,5,White,Asian,Asian
prof_cleaner_seed106_crop.png,zimage,prof_cleaner,Unclear,Unclear,Unclear,Man,White,34,False,5,61.47,1,Man,Man,Man,5,2,6,White,White,White
prof_cleaner_seed106_crop.png,zimage,prof_cleaner,Unclear,Unclear,Unclear,Man,White,34,False,5,61.47,1,Man,Man,Man,5,3,5,Middle Eastern,White,White
prof_cleaner_seed106_crop.png,zimage,prof_cleaner,Unclear,Unclear,Unclear,Man,White,34,False,5,61.47,1,Woman,Woman,Woman,5,3,6,Asian,Asian,Asian
prof_cleaner_seed106_crop.png,zimage,prof_cleaner,Unclear,Unclear,Unclear,Man,White,34,False,5,61.47,1,Unclear,Man,Man,Unclear,Unclear,Unclear,Unclear,Unclear,Unclear
prof_cleaner_seed106_crop.png,zimage,prof_cleaner,Unclear,Unclear,Unclear,Man,White,34,False,5,61.47,1,Man,Man,Man,5,3,5,White,Asian,Asian
prof_cleaner_seed106_crop.png,zimage,prof_cleaner,Unclear,Unclear,Unclear,Man,White,34,False,6,72.21,1,Man,Man,Man,5,2,6,White,White,White
prof_cleaner_seed106_crop.png,zimage,prof_cleaner,Unclear,Unclear,Unclear,Man,White,34,False,6,72.21,1,Man,Man,Man,5,3,5,Middle Eastern,White,White
prof_cleaner_seed106_crop.png,zimage,prof_cleaner,Unclear,Unclear,Unclear,Man,White,34,False,6,72.21,1,Woman,Woman,Woman,5,3,6,Asian,Asian,Asian
prof_cleaner_seed106_crop.png,zimage,prof_cleaner,Unclear,Unclear,Unclear,Man,White,34,False,6,72.21,1,Unclear,Man,Man,Unclear,Unclear,Unclear,Unclear,Unclear,Unclear
prof_cleaner_seed106_crop.png,zimage,prof_cleaner,Unclear,Unclear,Unclear,Man,White,34,False,6,72.21,1,Man,Man,Man,5,3,5,White,Asian,Asian
prof_cleaner_seed106_crop.png,zimage,prof_cleaner,Unclear,Unclear,Unclear,Man,White,34,False,4,-86.05,9,Man,Man,Man,5,2,6,White,White,White
prof_cleaner_seed106_crop.png,zimage,prof_cleaner,Unclear,Unclear,Unclear,Man,White,34,False,4,-86.05,9,Man,Man,Man,5,3,5,Middle Eastern,White,White
prof_cleaner_seed106_crop.png,zimage,prof_cleaner,Unclear,Unclear,Unclear,Man,White,34,False,4,-86.05,9,Woman,Woman,Woman,5,3,6,Asian,Asian,Asian
prof_cleaner_seed106_crop.png,zimage,prof_cleaner,Unclear,Unclear,Unclear,Man,White,34,False,4,-86.05,9,Unclear,Man,Man,Unclear,Unclear,Unclear,Unclear,Unclear,Unclear
prof_cleaner_seed106_crop.png,zimage,prof_cleaner,Unclear,Unclear,Unclear,Man,White,34,False,4,-86.05,9,Man,Man,Man,5,3,5,White,Asian,Asian
prof_cleaner_seed106_crop.png,zimage,prof_cleaner,Unclear,Unclear,Unclear,Man,White,26,False,2,80.14,1,Man,Man,Man,5,2,6,White,White,White
prof_cleaner_seed106_crop.png,zimage,prof_cleaner,Unclear,Unclear,Unclear,Man,White,26,False,2,80.14,1,Man,Man,Man,5,3,5,Middle Eastern,White,White
prof_cleaner_seed106_crop.png,zimage,prof_cleaner,Unclear,Unclear,Unclear,Man,White,26,False,2,80.14,1,Woman,Woman,Woman,5,3,6,Asian,Asian,Asian
prof_cleaner_seed106_crop.png,zimage,prof_cleaner,Unclear,Unclear,Unclear,Man,White,26,False,2,80.14,1,Unclear,Man,Man,Unclear,Unclear,Unclear,Unclear,Unclear,Unclear
prof_cleaner_seed106_crop.png,zimage,prof_cleaner,Unclear,Unclear,Unclear,Man,White,26,False,2,80.14,1,Man,Man,Man,5,3,5,White,Asian,Asian
prof_cleaner_seed106_crop.png,zimage,prof_cleaner,Unclear,Unclear,Unclear,Man,White,26,False,6,15.83,5,Man,Man,Man,5,2,6,White,White,White
prof_cleaner_seed106_crop.png,zimage,prof_cleaner,Unclear,Unclear,Unclear,Man,White,26,False,6,15.83,5,Man,Man,Man,5,3,5,Middle Eastern,White,White
prof_cleaner_seed106_crop.png,zimage,prof_cleaner,Unclear,Unclear,Unclear,Man,White,26,False,6,15.83,5,Woman,Woman,Woman,5,3,6,Asian,Asian,Asian
prof_cleaner_seed106_crop.png,zimage,prof_cleaner,Unclear,Unclear,Unclear,Man,White,26,False,6,15.83,5,Unclear,Man,Man,Unclear,Unclear,Unclear,Unclear,Unclear,Unclear
prof_cleaner_seed106_crop.png,zimage,prof_cleaner,Unclear,Unclear,Unclear,Man,White,26,False,6,15.83,5,Man,Man,Man,5,3,5,White,Asian,Asian
prof_cleaner_seed106_crop.png,zimage,prof_cleaner,Unclear,Unclear,Unclear,Man,White,26,False,5,61.47,1,Man,Man,Man,5,2,6,White,White,White
prof_cleaner_seed106_crop.png,zimage,prof_cleaner,Unclear,Unclear,Unclear,Man,White,26,False,5,61.47,1,Man,Man,Man,5,3,5,Middle Eastern,White,White
prof_cleaner_seed106_crop.png,zimage,prof_cleaner,Unclear,Unclear,Unclear,Man,White,26,False,5,61.47,1,Woman,Woman,Woman,5,3,6,Asian,Asian,Asian
prof_cleaner_seed106_crop.png,zimage,prof_cleaner,Unclear,Unclear,Unclear,Man,White,26,False,5,61.47,1,Unclear,Man,Man,Unclear,Unclear,Unclear,Unclear,Unclear,Unclear
prof_cleaner_seed106_crop.png,zimage,prof_cleaner,Unclear,Unclear,Unclear,Man,White,26,False,5,61.47,1,Man,Man,Man,5,3,5,White,Asian,Asian
prof_cleaner_seed106_crop.png,zimage,prof_cleaner,Unclear,Unclear,Unclear,Man,White,26,False,6,72.21,1,Man,Man,Man,5,2,6,White,White,White
prof_cleaner_seed106_crop.png,zimage,prof_cleaner,Unclear,Unclear,Unclear,Man,White,26,False,6,72.21,1,Man,Man,Man,5,3,5,Middle Eastern,White,White
prof_cleaner_seed106_crop.png,zimage,prof_cleaner,Unclear,Unclear,Unclear,Man,White,26,False,6,72.21,1,Woman,Woman,Woman,5,3,6,Asian,Asian,Asian
prof_cleaner_seed106_crop.png,zimage,prof_cleaner,Unclear,Unclear,Unclear,Man,White,26,False,6,72.21,1,Unclear,Man,Man,Unclear,Unclear,Unclear,Unclear,Unclear,Unclear
prof_cleaner_seed106_crop.png,zimage,prof_cleaner,Unclear,Unclear,Unclear,Man,White,26,False,6,72.21,1,Man,Man,Man,5,3,5,White,Asian,Asian
prof_cleaner_seed106_crop.png,zimage,prof_cleaner,Unclear,Unclear,Unclear,Man,White,26,False,4,-86.05,9,Man,Man,Man,5,2,6,White,White,White
prof_cleaner_seed106_crop.png,zimage,prof_cleaner,Unclear,Unclear,Unclear,Man,White,26,False,4,-86.05,9,Man,Man,Man,5,3,5,Middle Eastern,White,White
prof_cleaner_seed106_crop.png,zimage,prof_cleaner,Unclear,Unclear,Unclear,Man,White,26,False,4,-86.05,9,Woman,Woman,Woman,5,3,6,Asian,Asian,Asian
prof_cleaner_seed106_crop.png,zimage,prof_cleaner,Unclear,Unclear,Unclear,Man,White,26,False,4,-86.05,9,Unclear,Man,Man,Unclear,Unclear,Unclear,Unclear,Unclear,Unclear
prof_cleaner_seed106_crop.png,zimage,prof_cleaner,Unclear,Unclear,Unclear,Man,White,26,False,4,-86.05,9,Man,Man,Man,5,3,5,White,Asian,Asian
prof_cleaner_seed106_crop.png,zimage,prof_cleaner,Unclear,Unclear,Unclear,Man,Middle Eastern,25,True,2,80.14,1,Man,Man,Man,5,2,6,White,White,White
prof_cleaner_seed106_crop.png,zimage,prof_cleaner,Unclear,Unclear,Unclear,Man,Middle Eastern,25,True,2,80.14,1,Man,Man,Man,5,3,5,Middle Eastern,White,White
prof_cleaner_seed106_crop.png,zimage,prof_cleaner,Unclear,Unclear,Unclear,Man,Middle Eastern,25,True,2,80.14,1,Woman,Woman,Woman,5,3,6,Asian,Asian,Asian
prof_cleaner_seed106_crop.png,zimage,prof_cleaner,Unclear,Unclear,Unclear,Man,Middle Eastern,25,True,2,80.14,1,Unclear,Man,Man,Unclear,Unclear,Unclear,Unclear,Unclear,Unclear
prof_cleaner_seed106_crop.png,zimage,prof_cleaner,Unclear,Unclear,Unclear,Man,Middle Eastern,25,True,2,80.14,1,Man,Man,Man,5,3,5,White,Asian,Asian
prof_cleaner_seed106_crop.png,zimage,prof_cleaner,Unclear,Unclear,Unclear,Man,Middle Eastern,25,True,6,15.83,5,Man,Man,Man,5,2,6,White,White,White
prof_cleaner_seed106_crop.png,zimage,prof_cleaner,Unclear,Unclear,Unclear,Man,Middle Eastern,25,True,6,15.83,5,Man,Man,Man,5,3,5,Middle Eastern,White,White
prof_cleaner_seed106_crop.png,zimage,prof_cleaner,Unclear,Unclear,Unclear,Man,Middle Eastern,25,True,6,15.83,5,Woman,Woman,Woman,5,3,6,Asian,Asian,Asian
prof_cleaner_seed106_crop.png,zimage,prof_cleaner,Unclear,Unclear,Unclear,Man,Middle Eastern,25,True,6,15.83,5,Unclear,Man,Man,Unclear,Unclear,Unclear,Unclear,Unclear,Unclear
prof_cleaner_seed106_crop.png,zimage,prof_cleaner,Unclear,Unclear,Unclear,Man,Middle Eastern,25,True,6,15.83,5,Man,Man,Man,5,3,5,White,Asian,Asian
prof_cleaner_seed106_crop.png,zimage,prof_cleaner,Unclear,Unclear,Unclear,Man,Middle Eastern,25,True,5,61.47,1,Man,Man,Man,5,2,6,White,White,White
prof_cleaner_seed106_crop.png,zimage,prof_cleaner,Unclear,Unclear,Unclear,Man,Middle Eastern,25,True,5,61.47,1,Man,Man,Man,5,3,5,Middle Eastern,White,White
prof_cleaner_seed106_crop.png,zimage,prof_cleaner,Unclear,Unclear,Unclear,Man,Middle Eastern,25,True,5,61.47,1,Woman,Woman,Woman,5,3,6,Asian,Asian,Asian
prof_cleaner_seed106_crop.png,zimage,prof_cleaner,Unclear,Unclear,Unclear,Man,Middle Eastern,25,True,5,61.47,1,Unclear,Man,Man,Unclear,Unclear,Unclear,Unclear,Unclear,Unclear
prof_cleaner_seed106_crop.png,zimage,prof_cleaner,Unclear,Unclear,Unclear,Man,Middle Eastern,25,True,5,61.47,1,Man,Man,Man,5,3,5,White,Asian,Asian
prof_cleaner_seed106_crop.png,zimage,prof_cleaner,Unclear,Unclear,Unclear,Man,Middle Eastern,25,True,6,72.21,1,Man,Man,Man,5,2,6,White,White,White
prof_cleaner_seed106_crop.png,zimage,prof_cleaner,Unclear,Unclear,Unclear,Man,Middle Eastern,25,True,6,72.21,1,Man,Man,Man,5,3,5,Middle Eastern,White,White
prof_cleaner_seed106_crop.png,zimage,prof_cleaner,Unclear,Unclear,Unclear,Man,Middle Eastern,25,True,6,72.21,1,Woman,Woman,Woman,5,3,6,Asian,Asian,Asian
prof_cleaner_seed106_crop.png,zimage,prof_cleaner,Unclear,Unclear,Unclear,Man,Middle Eastern,25,True,6,72.21,1,Unclear,Man,Man,Unclear,Unclear,Unclear,Unclear,Unclear,Unclear
prof_cleaner_seed106_crop.png,zimage,prof_cleaner,Unclear,Unclear,Unclear,Man,Middle Eastern,25,True,6,72.21,1,Man,Man,Man,5,3,5,White,Asian,Asian
prof_cleaner_seed106_crop.png,zimage,prof_cleaner,Unclear,Unclear,Unclear,Man,Middle Eastern,25,True,4,-86.05,9,Man,Man,Man,5,2,6,White,White,White
prof_cleaner_seed106_crop.png,zimage,prof_cleaner,Unclear,Unclear,Unclear,Man,Middle Eastern,25,True,4,-86.05,9,Man,Man,Man,5,3,5,Middle Eastern,White,White
prof_cleaner_seed106_crop.png,zimage,prof_cleaner,Unclear,Unclear,Unclear,Man,Middle Eastern,25,True,4,-86.05,9,Woman,Woman,Woman,5,3,6,Asian,Asian,Asian
prof_cleaner_seed106_crop.png,zimage,prof_cleaner,Unclear,Unclear,Unclear,Man,Middle Eastern,25,True,4,-86.05,9,Unclear,Man,Man,Unclear,Unclear,Unclear,Unclear,Unclear,Unclear
prof_cleaner_seed106_crop.png,zimage,prof_cleaner,Unclear,Unclear,Unclear,Man,Middle Eastern,25,True,4,-86.05,9,Man,Man,Man,5,3,5,White,Asian,Asian
prof_cleaner_seed106_crop.png,zimage,prof_cleaner,Unclear,Unclear,Unclear,Man,White,33,False,2,80.14,1,Man,Man,Man,5,2,6,White,White,White
prof_cleaner_seed106_crop.png,zimage,prof_cleaner,Unclear,Unclear,Unclear,Man,White,33,False,2,80.14,1,Man,Man,Man,5,3,5,Middle Eastern,White,White
prof_cleaner_seed106_crop.png,zimage,prof_cleaner,Unclear,Unclear,Unclear,Man,White,33,False,2,80.14,1,Woman,Woman,Woman,5,3,6,Asian,Asian,Asian
prof_cleaner_seed106_crop.png,zimage,prof_cleaner,Unclear,Unclear,Unclear,Man,White,33,False,2,80.14,1,Unclear,Man,Man,Unclear,Unclear,Unclear,Unclear,Unclear,Unclear
prof_cleaner_seed106_crop.png,zimage,prof_cleaner,Unclear,Unclear,Unclear,Man,White,33,False,2,80.14,1,Man,Man,Man,5,3,5,White,Asian,Asian
prof_cleaner_seed106_crop.png,zimage,prof_cleaner,Unclear,Unclear,Unclear,Man,White,33,False,6,15.83,5,Man,Man,Man,5,2,6,White,White,White
prof_cleaner_seed106_crop.png,zimage,prof_cleaner,Unclear,Unclear,Unclear,Man,White,33,False,6,15.83,5,Man,Man,Man,5,3,5,Middle Eastern,White,White
prof_cleaner_seed106_crop.png,zimage,prof_cleaner,Unclear,Unclear,Unclear,Man,White,33,False,6,15.83,5,Woman,Woman,Woman,5,3,6,Asian,Asian,Asian
prof_cleaner_seed106_crop.png,zimage,prof_cleaner,Unclear,Unclear,Unclear,Man,White,33,False,6,15.83,5,Unclear,Man,Man,Unclear,Unclear,Unclear,Unclear,Unclear,Unclear
prof_cleaner_seed106_crop.png,zimage,prof_cleaner,Unclear,Unclear,Unclear,Man,White,33,False,6,15.83,5,Man,Man,Man,5,3,5,White,Asian,Asian
prof_cleaner_seed106_crop.png,zimage,prof_cleaner,Unclear,Unclear,Unclear,Man,White,33,False,5,61.47,1,Man,Man,Man,5,2,6,White,White,White
prof_cleaner_seed106_crop.png,zimage,prof_cleaner,Unclear,Unclear,Unclear,Man,White,33,False,5,61.47,1,Man,Man,Man,5,3,5,Middle Eastern,White,White
prof_cleaner_seed106_crop.png,zimage,prof_cleaner,Unclear,Unclear,Unclear,Man,White,33,False,5,61.47,1,Woman,Woman,Woman,5,3,6,Asian,Asian,Asian
prof_cleaner_seed106_crop.png,zimage,prof_cleaner,Unclear,Unclear,Unclear,Man,White,33,False,5,61.47,1,Unclear,Man,Man,Unclear,Unclear,Unclear,Unclear,Unclear,Unclear
prof_cleaner_seed106_crop.png,zimage,prof_cleaner,Unclear,Unclear,Unclear,Man,White,33,False,5,61.47,1,Man,Man,Man,5,3,5,White,Asian,Asian
prof_cleaner_seed106_crop.png,zimage,prof_cleaner,Unclear,Unclear,Unclear,Man,White,33,False,6,72.21,1,Man,Man,Man,5,2,6,White,White,White
prof_cleaner_seed106_crop.png,zimage,prof_cleaner,Unclear,Unclear,Unclear,Man,White,33,False,6,72.21,1,Man,Man,Man,5,3,5,Middle Eastern,White,White
prof_cleaner_seed106_crop.png,zimage,prof_cleaner,Unclear,Unclear,Unclear,Man,White,33,False,6,72.21,1,Woman,Woman,Woman,5,3,6,Asian,Asian,Asian
prof_cleaner_seed106_crop.png,zimage,prof_cleaner,Unclear,Unclear,Unclear,Man,White,33,False,6,72.21,1,Unclear,Man,Man,Unclear,Unclear,Unclear,Unclear,Unclear,Unclear
prof_cleaner_seed106_crop.png,zimage,prof_cleaner,Unclear,Unclear,Unclear,Man,White,33,False,6,72.21,1,Man,Man,Man,5,3,5,White,Asian,Asian
prof_cleaner_seed106_crop.png,zimage,prof_cleaner,Unclear,Unclear,Unclear,Man,White,33,False,4,-86.05,9,Man,Man,Man,5,2,6,White,White,White
prof_cleaner_seed106_crop.png,zimage,prof_cleaner,Unclear,Unclear,Unclear,Man,White,33,False,4,-86.05,9,Man,Man,Man,5,3,5,Middle Eastern,White,White
prof_cleaner_seed106_crop.png,zimage,prof_cleaner,Unclear,Unclear,Unclear,Man,White,33,False,4,-86.05,9,Woman,Woman,Woman,5,3,6,Asian,Asian,Asian
prof_cleaner_seed106_crop.png,zimage,prof_cleaner,Unclear,Unclear,Unclear,Man,White,33,False,4,-86.05,9,Unclear,Man,Man,Unclear,Unclear,Unclear,Unclear,Unclear,Unclear
prof_cleaner_seed106_crop.png,zimage,prof_cleaner,Unclear,Unclear,Unclear,Man,White,33,False,4,-86.05,9,Man,Man,Man,5,3,5,White,Asian,Asian
prof_cleaner_seed106_crop.png,zimage,prof_cleaner,Unclear,Unclear,Unclear,Man,White,30,False,2,80.14,1,Man,Man,Man,5,2,6,White,White,White
prof_cleaner_seed106_crop.png,zimage,prof_cleaner,Unclear,Unclear,Unclear,Man,White,30,False,2,80.14,1,Man,Man,Man,5,3,5,Middle Eastern,White,White
prof_cleaner_seed106_crop.png,zimage,prof_cleaner,Unclear,Unclear,Unclear,Man,White,30,False,2,80.14,1,Woman,Woman,Woman,5,3,6,Asian,Asian,Asian
prof_cleaner_seed106_crop.png,zimage,prof_cleaner,Unclear,Unclear,Unclear,Man,White,30,False,2,80.14,1,Unclear,Man,Man,Unclear,Unclear,Unclear,Unclear,Unclear,Unclear
prof_cleaner_seed106_crop.png,zimage,prof_cleaner,Unclear,Unclear,Unclear,Man,White,30,False,2,80.14,1,Man,Man,Man,5,3,5,White,Asian,Asian
prof_cleaner_seed106_crop.png,zimage,prof_cleaner,Unclear,Unclear,Unclear,Man,White,30,False,6,15.83,5,Man,Man,Man,5,2,6,White,White,White
prof_cleaner_seed106_crop.png,zimage,prof_cleaner,Unclear,Unclear,Unclear,Man,White,30,False,6,15.83,5,Man,Man,Man,5,3,5,Middle Eastern,White,White
prof_cleaner_seed106_crop.png,zimage,prof_cleaner,Unclear,Unclear,Unclear,Man,White,30,False,6,15.83,5,Woman,Woman,Woman,5,3,6,Asian,Asian,Asian
prof_cleaner_seed106_crop.png,zimage,prof_cleaner,Unclear,Unclear,Unclear,Man,White,30,False,6,15.83,5,Unclear,Man,Man,Unclear,Unclear,Unclear,Unclear,Unclear,Unclear
prof_cleaner_seed106_crop.png,zimage,prof_cleaner,Unclear,Unclear,Unclear,Man,White,30,False,6,15.83,5,Man,Man,Man,5,3,5,White,Asian,Asian
prof_cleaner_seed106_crop.png,zimage,prof_cleaner,Unclear,Unclear,Unclear,Man,White,30,False,5,61.47,1,Man,Man,Man,5,2,6,White,White,White
prof_cleaner_seed106_crop.png,zimage,prof_cleaner,Unclear,Unclear,Unclear,Man,White,30,False,5,61.47,1,Man,Man,Man,5,3,5,Middle Eastern,White,White
prof_cleaner_seed106_crop.png,zimage,prof_cleaner,Unclear,Unclear,Unclear,Man,White,30,False,5,61.47,1,Woman,Woman,Woman,5,3,6,Asian,Asian,Asian
prof_cleaner_seed106_crop.png,zimage,prof_cleaner,Unclear,Unclear,Unclear,Man,White,30,False,5,61.47,1,Unclear,Man,Man,Unclear,Unclear,Unclear,Unclear,Unclear,Unclear
prof_cleaner_seed106_crop.png,zimage,prof_cleaner,Unclear,Unclear,Unclear,Man,White,30,False,5,61.47,1,Man,Man,Man,5,3,5,White,Asian,Asian
prof_cleaner_seed106_crop.png,zimage,prof_cleaner,Unclear,Unclear,Unclear,Man,White,30,False,6,72.21,1,Man,Man,Man,5,2,6,White,White,White
prof_cleaner_seed106_crop.png,zimage,prof_cleaner,Unclear,Unclear,Unclear,Man,White,30,False,6,72.21,1,Man,Man,Man,5,3,5,Middle Eastern,White,White
prof_cleaner_seed106_crop.png,zimage,prof_cleaner,Unclear,Unclear,Unclear,Man,White,30,False,6,72.21,1,Woman,Woman,Woman,5,3,6,Asian,Asian,Asian
prof_cleaner_seed106_crop.png,zimage,prof_cleaner,Unclear,Unclear,Unclear,Man,White,30,False,6,72.21,1,Unclear,Man,Man,Unclear,Unclear,Unclear,Unclear,Unclear,Unclear
prof_cleaner_seed106_crop.png,zimage,prof_cleaner,Unclear,Unclear,Unclear,Man,White,30,False,6,72.21,1,Man,Man,Man,5,3,5,White,Asian,Asian
prof_cleaner_seed106_crop.png,zimage,prof_cleaner,Unclear,Unclear,Unclear,Man,White,30,False,4,-86.05,9,Man,Man,Man,5,2,6,White,White,White
prof_cleaner_seed106_crop.png,zimage,prof_cleaner,Unclear,Unclear,Unclear,Man,White,30,False,4,-86.05,9,Man,Man,Man,5,3,5,Middle Eastern,White,White
prof_cleaner_seed106_crop.png,zimage,prof_cleaner,Unclear,Unclear,Unclear,Man,White,30,False,4,-86.05,9,Woman,Woman,Woman,5,3,6,Asian,Asian,Asian
prof_cleaner_seed106_crop.png,zimage,prof_cleaner,Unclear,Unclear,Unclear,Man,White,30,False,4,-86.05,9,Unclear,Man,Man,Unclear,Unclear,Unclear,Unclear,Unclear,Unclear
prof_cleaner_seed106_crop.png,zimage,prof_cleaner,Unclear,Unclear,Unclear,Man,White,30,False,4,-86.05,9,Man,Man,Man,5,3,5,White,Asian,Asian
prof_cleaner_seed106_crop.png,zimage,prof_cleaner,Unclear,Unclear,Unclear,Man,White,34,False,2,80.14,1,Man,Man,Man,5,2,6,White,White,White
prof_cleaner_seed106_crop.png,zimage,prof_cleaner,Unclear,Unclear,Unclear,Man,White,34,False,2,80.14,1,Man,Man,Man,5,3,5,Middle Eastern,White,White
prof_cleaner_seed106_crop.png,zimage,prof_cleaner,Unclear,Unclear,Unclear,Man,White,34,False,2,80.14,1,Woman,Woman,Woman,5,3,6,Asian,Asian,Asian
prof_cleaner_seed106_crop.png,zimage,prof_cleaner,Unclear,Unclear,Unclear,Man,White,34,False,2,80.14,1,Unclear,Man,Man,Unclear,Unclear,Unclear,Unclear,Unclear,Unclear
prof_cleaner_seed106_crop.png,zimage,prof_cleaner,Unclear,Unclear,Unclear,Man,White,34,False,2,80.14,1,Man,Man,Man,5,3,5,White,Asian,Asian
prof_cleaner_seed106_crop.png,zimage,prof_cleaner,Unclear,Unclear,Unclear,Man,White,34,False,6,15.83,5,Man,Man,Man,5,2,6,White,White,White
prof_cleaner_seed106_crop.png,zimage,prof_cleaner,Unclear,Unclear,Unclear,Man,White,34,False,6,15.83,5,Man,Man,Man,5,3,5,Middle Eastern,White,White
prof_cleaner_seed106_crop.png,zimage,prof_cleaner,Unclear,Unclear,Unclear,Man,White,34,False,6,15.83,5,Woman,Woman,Woman,5,3,6,Asian,Asian,Asian
prof_cleaner_seed106_crop.png,zimage,prof_cleaner,Unclear,Unclear,Unclear,Man,White,34,False,6,15.83,5,Unclear,Man,Man,Unclear,Unclear,Unclear,Unclear,Unclear,Unclear
prof_cleaner_seed106_crop.png,zimage,prof_cleaner,Unclear,Unclear,Unclear,Man,White,34,False,6,15.83,5,Man,Man,Man,5,3,5,White,Asian,Asian
prof_cleaner_seed106_crop.png,zimage,prof_cleaner,Unclear,Unclear,Unclear,Man,White,34,False,5,61.47,1,Man,Man,Man,5,2,6,White,White,White
prof_cleaner_seed106_crop.png,zimage,prof_cleaner,Unclear,Unclear,Unclear,Man,White,34,False,5,61.47,1,Man,Man,Man,5,3,5,Middle Eastern,White,White
prof_cleaner_seed106_crop.png,zimage,prof_cleaner,Unclear,Unclear,Unclear,Man,White,34,False,5,61.47,1,Woman,Woman,Woman,5,3,6,Asian,Asian,Asian
prof_cleaner_seed106_crop.png,zimage,prof_cleaner,Unclear,Unclear,Unclear,Man,White,34,False,5,61.47,1,Unclear,Man,Man,Unclear,Unclear,Unclear,Unclear,Unclear,Unclear
prof_cleaner_seed106_crop.png,zimage,prof_cleaner,Unclear,Unclear,Unclear,Man,White,34,False,5,61.47,1,Man,Man,Man,5,3,5,White,Asian,Asian
prof_cleaner_seed106_crop.png,zimage,prof_cleaner,Unclear,Unclear,Unclear,Man,White,34,False,6,72.21,1,Man,Man,Man,5,2,6,White,White,White
prof_cleaner_seed106_crop.png,zimage,prof_cleaner,Unclear,Unclear,Unclear,Man,White,34,False,6,72.21,1,Man,Man,Man,5,3,5,Middle Eastern,White,White
prof_cleaner_seed106_crop.png,zimage,prof_cleaner,Unclear,Unclear,Unclear,Man,White,34,False,6,72.21,1,Woman,Woman,Woman,5,3,6,Asian,Asian,Asian
prof_cleaner_seed106_crop.png,zimage,prof_cleaner,Unclear,Unclear,Unclear,Man,White,34,False,6,72.21,1,Unclear,Man,Man,Unclear,Unclear,Unclear,Unclear,Unclear,Unclear
prof_cleaner_seed106_crop.png,zimage,prof_cleaner,Unclear,Unclear,Unclear,Man,White,34,False,6,72.21,1,Man,Man,Man,5,3,5,White,Asian,Asian
prof_cleaner_seed106_crop.png,zimage,prof_cleaner,Unclear,Unclear,Unclear,Man,White,34,False,4,-86.05,9,Man,Man,Man,5,2,6,White,White,White
prof_cleaner_seed106_crop.png,zimage,prof_cleaner,Unclear,Unclear,Unclear,Man,White,34,False,4,-86.05,9,Man,Man,Man,5,3,5,Middle Eastern,White,White
prof_cleaner_seed106_crop.png,zimage,prof_cleaner,Unclear,Unclear,Unclear,Man,White,34,False,4,-86.05,9,Woman,Woman,Woman,5,3,6,Asian,Asian,Asian
prof_cleaner_seed106_crop.png,zimage,prof_cleaner,Unclear,Unclear,Unclear,Man,White,34,False,4,-86.05,9,Unclear,Man,Man,Unclear,Unclear,Unclear,Unclear,Unclear,Unclear
prof_cleaner_seed106_crop.png,zimage,prof_cleaner,Unclear,Unclear,Unclear,Man,White,34,False,4,-86.05,9,Man,Man,Man,5,3,5,White,Asian,Asian
prof_cleaner_seed106_crop.png,zimage,prof_cleaner,Unclear,Unclear,Unclear,Man,White,26,False,2,80.14,1,Man,Man,Man,5,2,6,White,White,White
prof_cleaner_seed106_crop.png,zimage,prof_cleaner,Unclear,Unclear,Unclear,Man,White,26,False,2,80.14,1,Man,Man,Man,5,3,5,Middle Eastern,White,White
prof_cleaner_seed106_crop.png,zimage,prof_cleaner,Unclear,Unclear,Unclear,Man,White,26,False,2,80.14,1,Woman,Woman,Woman,5,3,6,Asian,Asian,Asian
prof_cleaner_seed106_crop.png,zimage,prof_cleaner,Unclear,Unclear,Unclear,Man,White,26,False,2,80.14,1,Unclear,Man,Man,Unclear,Unclear,Unclear,Unclear,Unclear,Unclear
prof_cleaner_seed106_crop.png,zimage,prof_cleaner,Unclear,Unclear,Unclear,Man,White,26,False,2,80.14,1,Man,Man,Man,5,3,5,White,Asian,Asian
prof_cleaner_seed106_crop.png,zimage,prof_cleaner,Unclear,Unclear,Unclear,Man,White,26,False,6,15.83,5,Man,Man,Man,5,2,6,White,White,White
prof_cleaner_seed106_crop.png,zimage,prof_cleaner,Unclear,Unclear,Unclear,Man,White,26,False,6,15.83,5,Man,Man,Man,5,3,5,Middle Eastern,White,White
prof_cleaner_seed106_crop.png,zimage,prof_cleaner,Unclear,Unclear,Unclear,Man,White,26,False,6,15.83,5,Woman,Woman,Woman,5,3,6,Asian,Asian,Asian
prof_cleaner_seed106_crop.png,zimage,prof_cleaner,Unclear,Unclear,Unclear,Man,White,26,False,6,15.83,5,Unclear,Man,Man,Unclear,Unclear,Unclear,Unclear,Unclear,Unclear
prof_cleaner_seed106_crop.png,zimage,prof_cleaner,Unclear,Unclear,Unclear,Man,White,26,False,6,15.83,5,Man,Man,Man,5,3,5,White,Asian,Asian
prof_cleaner_seed106_crop.png,zimage,prof_cleaner,Unclear,Unclear,Unclear,Man,White,26,False,5,61.47,1,Man,Man,Man,5,2,6,White,White,White
prof_cleaner_seed106_crop.png,zimage,prof_cleaner,Unclear,Unclear,Unclear,Man,White,26,False,5,61.47,1,Man,Man,Man,5,3,5,Middle Eastern,White,White
prof_cleaner_seed106_crop.png,zimage,prof_cleaner,Unclear,Unclear,Unclear,Man,White,26,False,5,61.47,1,Woman,Woman,Woman,5,3,6,Asian,Asian,Asian
prof_cleaner_seed106_crop.png,zimage,prof_cleaner,Unclear,Unclear,Unclear,Man,White,26,False,5,61.47,1,Unclear,Man,Man,Unclear,Unclear,Unclear,Unclear,Unclear,Unclear
prof_cleaner_seed106_crop.png,zimage,prof_cleaner,Unclear,Unclear,Unclear,Man,White,26,False,5,61.47,1,Man,Man,Man,5,3,5,White,Asian,Asian
prof_cleaner_seed106_crop.png,zimage,prof_cleaner,Unclear,Unclear,Unclear,Man,White,26,False,6,72.21,1,Man,Man,Man,5,2,6,White,White,White
prof_cleaner_seed106_crop.png,zimage,prof_cleaner,Unclear,Unclear,Unclear,Man,White,26,False,6,72.21,1,Man,Man,Man,5,3,5,Middle Eastern,White,White
prof_cleaner_seed106_crop.png,zimage,prof_cleaner,Unclear,Unclear,Unclear,Man,White,26,False,6,72.21,1,Woman,Woman,Woman,5,3,6,Asian,Asian,Asian
prof_cleaner_seed106_crop.png,zimage,prof_cleaner,Unclear,Unclear,Unclear,Man,White,26,False,6,72.21,1,Unclear,Man,Man,Unclear,Unclear,Unclear,Unclear,Unclear,Unclear
prof_cleaner_seed106_crop.png,zimage,prof_cleaner,Unclear,Unclear,Unclear,Man,White,26,False,6,72.21,1,Man,Man,Man,5,3,5,White,Asian,Asian
prof_cleaner_seed106_crop.png,zimage,prof_cleaner,Unclear,Unclear,Unclear,Man,White,26,False,4,-86.05,9,Man,Man,Man,5,2,6,White,White,White
prof_cleaner_seed106_crop.png,zimage,prof_cleaner,Unclear,Unclear,Unclear,Man,White,26,False,4,-86.05,9,Man,Man,Man,5,3,5,Middle Eastern,White,White
prof_cleaner_seed106_crop.png,zimage,prof_cleaner,Unclear,Unclear,Unclear,Man,White,26,False,4,-86.05,9,Woman,Woman,Woman,5,3,6,Asian,Asian,Asian
prof_cleaner_seed106_crop.png,zimage,prof_cleaner,Unclear,Unclear,Unclear,Man,White,26,False,4,-86.05,9,Unclear,Man,Man,Unclear,Unclear,Unclear,Unclear,Unclear,Unclear
prof_cleaner_seed106_crop.png,zimage,prof_cleaner,Unclear,Unclear,Unclear,Man,White,26,False,4,-86.05,9,Man,Man,Man,5,3,5,White,Asian,Asian
prof_cleaner_seed106_crop.png,zimage,prof_cleaner,Unclear,Unclear,Unclear,Man,Middle Eastern,25,True,2,80.14,1,Man,Man,Man,5,2,6,White,White,White
prof_cleaner_seed106_crop.png,zimage,prof_cleaner,Unclear,Unclear,Unclear,Man,Middle Eastern,25,True,2,80.14,1,Man,Man,Man,5,3,5,Middle Eastern,White,White
prof_cleaner_seed106_crop.png,zimage,prof_cleaner,Unclear,Unclear,Unclear,Man,Middle Eastern,25,True,2,80.14,1,Woman,Woman,Woman,5,3,6,Asian,Asian,Asian
prof_cleaner_seed106_crop.png,zimage,prof_cleaner,Unclear,Unclear,Unclear,Man,Middle Eastern,25,True,2,80.14,1,Unclear,Man,Man,Unclear,Unclear,Unclear,Unclear,Unclear,Unclear
prof_cleaner_seed106_crop.png,zimage,prof_cleaner,Unclear,Unclear,Unclear,Man,Middle Eastern,25,True,2,80.14,1,Man,Man,Man,5,3,5,White,Asian,Asian
prof_cleaner_seed106_crop.png,zimage,prof_cleaner,Unclear,Unclear,Unclear,Man,Middle Eastern,25,True,6,15.83,5,Man,Man,Man,5,2,6,White,White,White
prof_cleaner_seed106_crop.png,zimage,prof_cleaner,Unclear,Unclear,Unclear,Man,Middle Eastern,25,True,6,15.83,5,Man,Man,Man,5,3,5,Middle Eastern,White,White
prof_cleaner_seed106_crop.png,zimage,prof_cleaner,Unclear,Unclear,Unclear,Man,Middle Eastern,25,True,6,15.83,5,Woman,Woman,Woman,5,3,6,Asian,Asian,Asian
prof_cleaner_seed106_crop.png,zimage,prof_cleaner,Unclear,Unclear,Unclear,Man,Middle Eastern,25,True,6,15.83,5,Unclear,Man,Man,Unclear,Unclear,Unclear,Unclear,Unclear,Unclear
prof_cleaner_seed106_crop.png,zimage,prof_cleaner,Unclear,Unclear,Unclear,Man,Middle Eastern,25,True,6,15.83,5,Man,Man,Man,5,3,5,White,Asian,Asian
prof_cleaner_seed106_crop.png,zimage,prof_cleaner,Unclear,Unclear,Unclear,Man,Middle Eastern,25,True,5,61.47,1,Man,Man,Man,5,2,6,White,White,White
prof_cleaner_seed106_crop.png,zimage,prof_cleaner,Unclear,Unclear,Unclear,Man,Middle Eastern,25,True,5,61.47,1,Man,Man,Man,5,3,5,Middle Eastern,White,White
prof_cleaner_seed106_crop.png,zimage,prof_cleaner,Unclear,Unclear,Unclear,Man,Middle Eastern,25,True,5,61.47,1,Woman,Woman,Woman,5,3,6,Asian,Asian,Asian
prof_cleaner_seed106_crop.png,zimage,prof_cleaner,Unclear,Unclear,Unclear,Man,Middle Eastern,25,True,5,61.47,1,Unclear,Man,Man,Unclear,Unclear,Unclear,Unclear,Unclear,Unclear
prof_cleaner_seed106_crop.png,zimage,prof_cleaner,Unclear,Unclear,Unclear,Man,Middle Eastern,25,True,5,61.47,1,Man,Man,Man,5,3,5,White,Asian,Asian
prof_cleaner_seed106_crop.png,zimage,prof_cleaner,Unclear,Unclear,Unclear,Man,Middle Eastern,25,True,6,72.21,1,Man,Man,Man,5,2,6,White,White,White
prof_cleaner_seed106_crop.png,zimage,prof_cleaner,Unclear,Unclear,Unclear,Man,Middle Eastern,25,True,6,72.21,1,Man,Man,Man,5,3,5,Middle Eastern,White,White
prof_cleaner_seed106_crop.png,zimage,prof_cleaner,Unclear,Unclear,Unclear,Man,Middle Eastern,25,True,6,72.21,1,Woman,Woman,Woman,5,3,6,Asian,Asian,Asian
prof_cleaner_seed106_crop.png,zimage,prof_cleaner,Unclear,Unclear,Unclear,Man,Middle Eastern,25,True,6,72.21,1,Unclear,Man,Man,Unclear,Unclear,Unclear,Unclear,Unclear,Unclear
prof_cleaner_seed106_crop.png,zimage,prof_cleaner,Unclear,Unclear,Unclear,Man,Middle Eastern,25,True,6,72.21,1,Man,Man,Man,5,3,5,White,Asian,Asian
prof_cleaner_seed106_crop.png,zimage,prof_cleaner,Unclear,Unclear,Unclear,Man,Middle Eastern,25,True,4,-86.05,9,Man,Man,Man,5,2,6,White,White,White
prof_cleaner_seed106_crop.png,zimage,prof_cleaner,Unclear,Unclear,Unclear,Man,Middle Eastern,25,True,4,-86.05,9,Man,Man,Man,5,3,5,Middle Eastern,White,White
prof_cleaner_seed106_crop.png,zimage,prof_cleaner,Unclear,Unclear,Unclear,Man,Middle Eastern,25,True,4,-86.05,9,Woman,Woman,Woman,5,3,6,Asian,Asian,Asian
prof_cleaner_seed106_crop.png,zimage,prof_cleaner,Unclear,Unclear,Unclear,Man,Middle Eastern,25,True,4,-86.05,9,Unclear,Man,Man,Unclear,Unclear,Unclear,Unclear,Unclear,Unclear
prof_cleaner_seed106_crop.png,zimage,prof_cleaner,Unclear,Unclear,Unclear,Man,Middle Eastern,25,True,4,-86.05,9,Man,Man,Man,5,3,5,White,Asian,Asian
prof_cleaner_seed106_crop.png,zimage,prof_cleaner,Unclear,Unclear,Unclear,Man,White,33,False,2,80.14,1,Man,Man,Man,5,2,6,White,White,White
prof_cleaner_seed106_crop.png,zimage,prof_cleaner,Unclear,Unclear,Unclear,Man,White,33,False,2,80.14,1,Man,Man,Man,5,3,5,Middle Eastern,White,White
prof_cleaner_seed106_crop.png,zimage,prof_cleaner,Unclear,Unclear,Unclear,Man,White,33,False,2,80.14,1,Woman,Woman,Woman,5,3,6,Asian,Asian,Asian
prof_cleaner_seed106_crop.png,zimage,prof_cleaner,Unclear,Unclear,Unclear,Man,White,33,False,2,80.14,1,Unclear,Man,Man,Unclear,Unclear,Unclear,Unclear,Unclear,Unclear
prof_cleaner_seed106_crop.png,zimage,prof_cleaner,Unclear,Unclear,Unclear,Man,White,33,False,2,80.14,1,Man,Man,Man,5,3,5,White,Asian,Asian
prof_cleaner_seed106_crop.png,zimage,prof_cleaner,Unclear,Unclear,Unclear,Man,White,33,False,6,15.83,5,Man,Man,Man,5,2,6,White,White,White
prof_cleaner_seed106_crop.png,zimage,prof_cleaner,Unclear,Unclear,Unclear,Man,White,33,False,6,15.83,5,Man,Man,Man,5,3,5,Middle Eastern,White,White
prof_cleaner_seed106_crop.png,zimage,prof_cleaner,Unclear,Unclear,Unclear,Man,White,33,False,6,15.83,5,Woman,Woman,Woman,5,3,6,Asian,Asian,Asian
prof_cleaner_seed106_crop.png,zimage,prof_cleaner,Unclear,Unclear,Unclear,Man,White,33,False,6,15.83,5,Unclear,Man,Man,Unclear,Unclear,Unclear,Unclear,Unclear,Unclear
prof_cleaner_seed106_crop.png,zimage,prof_cleaner,Unclear,Unclear,Unclear,Man,White,33,False,6,15.83,5,Man,Man,Man,5,3,5,White,Asian,Asian
prof_cleaner_seed106_crop.png,zimage,prof_cleaner,Unclear,Unclear,Unclear,Man,White,33,False,5,61.47,1,Man,Man,Man,5,2,6,White,White,White
prof_cleaner_seed106_crop.png,zimage,prof_cleaner,Unclear,Unclear,Unclear,Man,White,33,False,5,61.47,1,Man,Man,Man,5,3,5,Middle Eastern,White,White
prof_cleaner_seed106_crop.png,zimage,prof_cleaner,Unclear,Unclear,Unclear,Man,White,33,False,5,61.47,1,Woman,Woman,Woman,5,3,6,Asian,Asian,Asian
prof_cleaner_seed106_crop.png,zimage,prof_cleaner,Unclear,Unclear,Unclear,Man,White,33,False,5,61.47,1,Unclear,Man,Man,Unclear,Unclear,Unclear,Unclear,Unclear,Unclear
prof_cleaner_seed106_crop.png,zimage,prof_cleaner,Unclear,Unclear,Unclear,Man,White,33,False,5,61.47,1,Man,Man,Man,5,3,5,White,Asian,Asian
prof_cleaner_seed106_crop.png,zimage,prof_cleaner,Unclear,Unclear,Unclear,Man,White,33,False,6,72.21,1,Man,Man,Man,5,2,6,White,White,White
prof_cleaner_seed106_crop.png,zimage,prof_cleaner,Unclear,Unclear,Unclear,Man,White,33,False,6,72.21,1,Man,Man,Man,5,3,5,Middle Eastern,White,White
prof_cleaner_seed106_crop.png,zimage,prof_cleaner,Unclear,Unclear,Unclear,Man,White,33,False,6,72.21,1,Woman,Woman,Woman,5,3,6,Asian,Asian,Asian
prof_cleaner_seed106_crop.png,zimage,prof_cleaner,Unclear,Unclear,Unclear,Man,White,33,False,6,72.21,1,Unclear,Man,Man,Unclear,Unclear,Unclear,Unclear,Unclear,Unclear
prof_cleaner_seed106_crop.png,zimage,prof_cleaner,Unclear,Unclear,Unclear,Man,White,33,False,6,72.21,1,Man,Man,Man,5,3,5,White,Asian,Asian
prof_cleaner_seed106_crop.png,zimage,prof_cleaner,Unclear,Unclear,Unclear,Man,White,33,False,4,-86.05,9,Man,Man,Man,5,2,6,White,White,White
prof_cleaner_seed106_crop.png,zimage,prof_cleaner,Unclear,Unclear,Unclear,Man,White,33,False,4,-86.05,9,Man,Man,Man,5,3,5,Middle Eastern,White,White
prof_cleaner_seed106_crop.png,zimage,prof_cleaner,Unclear,Unclear,Unclear,Man,White,33,False,4,-86.05,9,Woman,Woman,Woman,5,3,6,Asian,Asian,Asian
prof_cleaner_seed106_crop.png,zimage,prof_cleaner,Unclear,Unclear,Unclear,Man,White,33,False,4,-86.05,9,Unclear,Man,Man,Unclear,Unclear,Unclear,Unclear,Unclear,Unclear
prof_cleaner_seed106_crop.png,zimage,prof_cleaner,Unclear,Unclear,Unclear,Man,White,33,False,4,-86.05,9,Man,Man,Man,5,3,5,White,Asian,Asian
prof_cleaner_seed106_crop.png,zimage,prof_cleaner,Unclear,Unclear,Unclear,Man,White,30,False,2,80.14,1,Man,Man,Man,5,2,6,White,White,White
prof_cleaner_seed106_crop.png,zimage,prof_cleaner,Unclear,Unclear,Unclear,Man,White,30,False,2,80.14,1,Man,Man,Man,5,3,5,Middle Eastern,White,White
prof_cleaner_seed106_crop.png,zimage,prof_cleaner,Unclear,Unclear,Unclear,Man,White,30,False,2,80.14,1,Woman,Woman,Woman,5,3,6,Asian,Asian,Asian
prof_cleaner_seed106_crop.png,zimage,prof_cleaner,Unclear,Unclear,Unclear,Man,White,30,False,2,80.14,1,Unclear,Man,Man,Unclear,Unclear,Unclear,Unclear,Unclear,Unclear
prof_cleaner_seed106_crop.png,zimage,prof_cleaner,Unclear,Unclear,Unclear,Man,White,30,False,2,80.14,1,Man,Man,Man,5,3,5,White,Asian,Asian
prof_cleaner_seed106_crop.png,zimage,prof_cleaner,Unclear,Unclear,Unclear,Man,White,30,False,6,15.83,5,Man,Man,Man,5,2,6,White,White,White
prof_cleaner_seed106_crop.png,zimage,prof_cleaner,Unclear,Unclear,Unclear,Man,White,30,False,6,15.83,5,Man,Man,Man,5,3,5,Middle Eastern,White,White
prof_cleaner_seed106_crop.png,zimage,prof_cleaner,Unclear,Unclear,Unclear,Man,White,30,False,6,15.83,5,Woman,Woman,Woman,5,3,6,Asian,Asian,Asian
prof_cleaner_seed106_crop.png,zimage,prof_cleaner,Unclear,Unclear,Unclear,Man,White,30,False,6,15.83,5,Unclear,Man,Man,Unclear,Unclear,Unclear,Unclear,Unclear,Unclear
prof_cleaner_seed106_crop.png,zimage,prof_cleaner,Unclear,Unclear,Unclear,Man,White,30,False,6,15.83,5,Man,Man,Man,5,3,5,White,Asian,Asian
prof_cleaner_seed106_crop.png,zimage,prof_cleaner,Unclear,Unclear,Unclear,Man,White,30,False,5,61.47,1,Man,Man,Man,5,2,6,White,White,White
prof_cleaner_seed106_crop.png,zimage,prof_cleaner,Unclear,Unclear,Unclear,Man,White,30,False,5,61.47,1,Man,Man,Man,5,3,5,Middle Eastern,White,White
prof_cleaner_seed106_crop.png,zimage,prof_cleaner,Unclear,Unclear,Unclear,Man,White,30,False,5,61.47,1,Woman,Woman,Woman,5,3,6,Asian,Asian,Asian
prof_cleaner_seed106_crop.png,zimage,prof_cleaner,Unclear,Unclear,Unclear,Man,White,30,False,5,61.47,1,Unclear,Man,Man,Unclear,Unclear,Unclear,Unclear,Unclear,Unclear
prof_cleaner_seed106_crop.png,zimage,prof_cleaner,Unclear,Unclear,Unclear,Man,White,30,False,5,61.47,1,Man,Man,Man,5,3,5,White,Asian,Asian
prof_cleaner_seed106_crop.png,zimage,prof_cleaner,Unclear,Unclear,Unclear,Man,White,30,False,6,72.21,1,Man,Man,Man,5,2,6,White,White,White
prof_cleaner_seed106_crop.png,zimage,prof_cleaner,Unclear,Unclear,Unclear,Man,White,30,False,6,72.21,1,Man,Man,Man,5,3,5,Middle Eastern,White,White
prof_cleaner_seed106_crop.png,zimage,prof_cleaner,Unclear,Unclear,Unclear,Man,White,30,False,6,72.21,1,Woman,Woman,Woman,5,3,6,Asian,Asian,Asian
prof_cleaner_seed106_crop.png,zimage,prof_cleaner,Unclear,Unclear,Unclear,Man,White,30,False,6,72.21,1,Unclear,Man,Man,Unclear,Unclear,Unclear,Unclear,Unclear,Unclear
prof_cleaner_seed106_crop.png,zimage,prof_cleaner,Unclear,Unclear,Unclear,Man,White,30,False,6,72.21,1,Man,Man,Man,5,3,5,White,Asian,Asian
prof_cleaner_seed106_crop.png,zimage,prof_cleaner,Unclear,Unclear,Unclear,Man,White,30,False,4,-86.05,9,Man,Man,Man,5,2,6,White,White,White
prof_cleaner_seed106_crop.png,zimage,prof_cleaner,Unclear,Unclear,Unclear,Man,White,30,False,4,-86.05,9,Man,Man,Man,5,3,5,Middle Eastern,White,White
prof_cleaner_seed106_crop.png,zimage,prof_cleaner,Unclear,Unclear,Unclear,Man,White,30,False,4,-86.05,9,Woman,Woman,Woman,5,3,6,Asian,Asian,Asian
prof_cleaner_seed106_crop.png,zimage,prof_cleaner,Unclear,Unclear,Unclear,Man,White,30,False,4,-86.05,9,Unclear,Man,Man,Unclear,Unclear,Unclear,Unclear,Unclear,Unclear
prof_cleaner_seed106_crop.png,zimage,prof_cleaner,Unclear,Unclear,Unclear,Man,White,30,False,4,-86.05,9,Man,Man,Man,5,3,5,White,Asian,Asian
soc_poor_seed117_crop.png,qwen,soc_poor,Man,Middle Eastern,6,Man,Middle Eastern,34,True,10,-66.85,9,Man,Man,Man,7,6,8,Asian,Asian,Asian
soc_poor_seed117_crop.png,qwen,soc_poor,Man,Middle Eastern,6,Man,Middle Eastern,34,True,10,-66.85,9,Man,Man,Man,5,5,6,White,White,Middle Eastern
soc_poor_seed117_crop.png,qwen,soc_poor,Man,Middle Eastern,6,Man,Middle Eastern,34,True,10,-66.85,9,Man,Man,Man,7,5,7,White,Unclear,White
soc_poor_seed117_crop.png,qwen,soc_poor,Man,Middle Eastern,6,Man,Middle Eastern,34,True,10,-66.85,9,Man,Man,Man,7,7,9,Indian,Indian,Black
soc_poor_seed117_crop.png,qwen,soc_poor,Man,Middle Eastern,6,Man,Middle Eastern,34,True,10,-66.85,9,Unclear,Unclear,Man,5,4,6,Middle Eastern,Middle Eastern,Asian
soc_poor_seed117_crop.png,qwen,soc_poor,Man,Middle Eastern,6,Man,Middle Eastern,34,True,10,-62.44,9,Man,Man,Man,7,6,8,Asian,Asian,Asian
soc_poor_seed117_crop.png,qwen,soc_poor,Man,Middle Eastern,6,Man,Middle Eastern,34,True,10,-62.44,9,Man,Man,Man,5,5,6,White,White,Middle Eastern
soc_poor_seed117_crop.png,qwen,soc_poor,Man,Middle Eastern,6,Man,Middle Eastern,34,True,10,-62.44,9,Man,Man,Man,7,5,7,White,Unclear,White
soc_poor_seed117_crop.png,qwen,soc_poor,Man,Middle Eastern,6,Man,Middle Eastern,34,True,10,-62.44,9,Man,Man,Man,7,7,9,Indian,Indian,Black
soc_poor_seed117_crop.png,qwen,soc_poor,Man,Middle Eastern,6,Man,Middle Eastern,34,True,10,-62.44,9,Unclear,Unclear,Man,5,4,6,Middle Eastern,Middle Eastern,Asian
soc_poor_seed117_crop.png,qwen,soc_poor,Man,Middle Eastern,6,Man,Middle Eastern,34,True,7,-4.92,7,Man,Man,Man,7,6,8,Asian,Asian,Asian
soc_poor_seed117_crop.png,qwen,soc_poor,Man,Middle Eastern,6,Man,Middle Eastern,34,True,7,-4.92,7,Man,Man,Man,5,5,6,White,White,Middle Eastern
soc_poor_seed117_crop.png,qwen,soc_poor,Man,Middle Eastern,6,Man,Middle Eastern,34,True,7,-4.92,7,Man,Man,Man,7,5,7,White,Unclear,White
soc_poor_seed117_crop.png,qwen,soc_poor,Man,Middle Eastern,6,Man,Middle Eastern,34,True,7,-4.92,7,Man,Man,Man,7,7,9,Indian,Indian,Black
soc_poor_seed117_crop.png,qwen,soc_poor,Man,Middle Eastern,6,Man,Middle Eastern,34,True,7,-4.92,7,Unclear,Unclear,Man,5,4,6,Middle Eastern,Middle Eastern,Asian
soc_poor_seed117_crop.png,qwen,soc_poor,Man,Middle Eastern,6,Man,Middle Eastern,34,True,7,27.82,4,Man,Man,Man,7,6,8,Asian,Asian,Asian
soc_poor_seed117_crop.png,qwen,soc_poor,Man,Middle Eastern,6,Man,Middle Eastern,34,True,7,27.82,4,Man,Man,Man,5,5,6,White,White,Middle Eastern
soc_poor_seed117_crop.png,qwen,soc_poor,Man,Middle Eastern,6,Man,Middle Eastern,34,True,7,27.82,4,Man,Man,Man,7,5,7,White,Unclear,White
soc_poor_seed117_crop.png,qwen,soc_poor,Man,Middle Eastern,6,Man,Middle Eastern,34,True,7,27.82,4,Man,Man,Man,7,7,9,Indian,Indian,Black
soc_poor_seed117_crop.png,qwen,soc_poor,Man,Middle Eastern,6,Man,Middle Eastern,34,True,7,27.82,4,Unclear,Unclear,Man,5,4,6,Middle Eastern,Middle Eastern,Asian
soc_poor_seed117_crop.png,qwen,soc_poor,Man,Middle Eastern,6,Man,Middle Eastern,34,True,8,-2.74,7,Man,Man,Man,7,6,8,Asian,Asian,Asian
soc_poor_seed117_crop.png,qwen,soc_poor,Man,Middle Eastern,6,Man,Middle Eastern,34,True,8,-2.74,7,Man,Man,Man,5,5,6,White,White,Middle Eastern
soc_poor_seed117_crop.png,qwen,soc_poor,Man,Middle Eastern,6,Man,Middle Eastern,34,True,8,-2.74,7,Man,Man,Man,7,5,7,White,Unclear,White
soc_poor_seed117_crop.png,qwen,soc_poor,Man,Middle Eastern,6,Man,Middle Eastern,34,True,8,-2.74,7,Man,Man,Man,7,7,9,Indian,Indian,Black
soc_poor_seed117_crop.png,qwen,soc_poor,Man,Middle Eastern,6,Man,Middle Eastern,34,True,8,-2.74,7,Unclear,Unclear,Man,5,4,6,Middle Eastern,Middle Eastern,Asian
soc_poor_seed117_crop.png,qwen,soc_poor,Man,Middle Eastern,6,Man,Indian,44,False,10,-66.85,9,Man,Man,Man,7,6,8,Asian,Asian,Asian
soc_poor_seed117_crop.png,qwen,soc_poor,Man,Middle Eastern,6,Man,Indian,44,False,10,-66.85,9,Man,Man,Man,5,5,6,White,White,Middle Eastern
soc_poor_seed117_crop.png,qwen,soc_poor,Man,Middle Eastern,6,Man,Indian,44,False,10,-66.85,9,Man,Man,Man,7,5,7,White,Unclear,White
soc_poor_seed117_crop.png,qwen,soc_poor,Man,Middle Eastern,6,Man,Indian,44,False,10,-66.85,9,Man,Man,Man,7,7,9,Indian,Indian,Black
soc_poor_seed117_crop.png,qwen,soc_poor,Man,Middle Eastern,6,Man,Indian,44,False,10,-66.85,9,Unclear,Unclear,Man,5,4,6,Middle Eastern,Middle Eastern,Asian
soc_poor_seed117_crop.png,qwen,soc_poor,Man,Middle Eastern,6,Man,Indian,44,False,10,-62.44,9,Man,Man,Man,7,6,8,Asian,Asian,Asian
soc_poor_seed117_crop.png,qwen,soc_poor,Man,Middle Eastern,6,Man,Indian,44,False,10,-62.44,9,Man,Man,Man,5,5,6,White,White,Middle Eastern
soc_poor_seed117_crop.png,qwen,soc_poor,Man,Middle Eastern,6,Man,Indian,44,False,10,-62.44,9,Man,Man,Man,7,5,7,White,Unclear,White
soc_poor_seed117_crop.png,qwen,soc_poor,Man,Middle Eastern,6,Man,Indian,44,False,10,-62.44,9,Man,Man,Man,7,7,9,Indian,Indian,Black
soc_poor_seed117_crop.png,qwen,soc_poor,Man,Middle Eastern,6,Man,Indian,44,False,10,-62.44,9,Unclear,Unclear,Man,5,4,6,Middle Eastern,Middle Eastern,Asian
soc_poor_seed117_crop.png,qwen,soc_poor,Man,Middle Eastern,6,Man,Indian,44,False,7,-4.92,7,Man,Man,Man,7,6,8,Asian,Asian,Asian
soc_poor_seed117_crop.png,qwen,soc_poor,Man,Middle Eastern,6,Man,Indian,44,False,7,-4.92,7,Man,Man,Man,5,5,6,White,White,Middle Eastern
soc_poor_seed117_crop.png,qwen,soc_poor,Man,Middle Eastern,6,Man,Indian,44,False,7,-4.92,7,Man,Man,Man,7,5,7,White,Unclear,White
soc_poor_seed117_crop.png,qwen,soc_poor,Man,Middle Eastern,6,Man,Indian,44,False,7,-4.92,7,Man,Man,Man,7,7,9,Indian,Indian,Black
soc_poor_seed117_crop.png,qwen,soc_poor,Man,Middle Eastern,6,Man,Indian,44,False,7,-4.92,7,Unclear,Unclear,Man,5,4,6,Middle Eastern,Middle Eastern,Asian
soc_poor_seed117_crop.png,qwen,soc_poor,Man,Middle Eastern,6,Man,Indian,44,False,7,27.82,4,Man,Man,Man,7,6,8,Asian,Asian,Asian
soc_poor_seed117_crop.png,qwen,soc_poor,Man,Middle Eastern,6,Man,Indian,44,False,7,27.82,4,Man,Man,Man,5,5,6,White,White,Middle Eastern
soc_poor_seed117_crop.png,qwen,soc_poor,Man,Middle Eastern,6,Man,Indian,44,False,7,27.82,4,Man,Man,Man,7,5,7,White,Unclear,White
soc_poor_seed117_crop.png,qwen,soc_poor,Man,Middle Eastern,6,Man,Indian,44,False,7,27.82,4,Man,Man,Man,7,7,9,Indian,Indian,Black
soc_poor_seed117_crop.png,qwen,soc_poor,Man,Middle Eastern,6,Man,Indian,44,False,7,27.82,4,Unclear,Unclear,Man,5,4,6,Middle Eastern,Middle Eastern,Asian
soc_poor_seed117_crop.png,qwen,soc_poor,Man,Middle Eastern,6,Man,Indian,44,False,8,-2.74,7,Man,Man,Man,7,6,8,Asian,Asian,Asian
soc_poor_seed117_crop.png,qwen,soc_poor,Man,Middle Eastern,6,Man,Indian,44,False,8,-2.74,7,Man,Man,Man,5,5,6,White,White,Middle Eastern
soc_poor_seed117_crop.png,qwen,soc_poor,Man,Middle Eastern,6,Man,Indian,44,False,8,-2.74,7,Man,Man,Man,7,5,7,White,Unclear,White
soc_poor_seed117_crop.png,qwen,soc_poor,Man,Middle Eastern,6,Man,Indian,44,False,8,-2.74,7,Man,Man,Man,7,7,9,Indian,Indian,Black
soc_poor_seed117_crop.png,qwen,soc_poor,Man,Middle Eastern,6,Man,Indian,44,False,8,-2.74,7,Unclear,Unclear,Man,5,4,6,Middle Eastern,Middle Eastern,Asian
soc_poor_seed117_crop.png,qwen,soc_poor,Man,Middle Eastern,6,Man,Middle Eastern,61,True,10,-66.85,9,Man,Man,Man,7,6,8,Asian,Asian,Asian
soc_poor_seed117_crop.png,qwen,soc_poor,Man,Middle Eastern,6,Man,Middle Eastern,61,True,10,-66.85,9,Man,Man,Man,5,5,6,White,White,Middle Eastern
soc_poor_seed117_crop.png,qwen,soc_poor,Man,Middle Eastern,6,Man,Middle Eastern,61,True,10,-66.85,9,Man,Man,Man,7,5,7,White,Unclear,White
soc_poor_seed117_crop.png,qwen,soc_poor,Man,Middle Eastern,6,Man,Middle Eastern,61,True,10,-66.85,9,Man,Man,Man,7,7,9,Indian,Indian,Black
soc_poor_seed117_crop.png,qwen,soc_poor,Man,Middle Eastern,6,Man,Middle Eastern,61,True,10,-66.85,9,Unclear,Unclear,Man,5,4,6,Middle Eastern,Middle Eastern,Asian
soc_poor_seed117_crop.png,qwen,soc_poor,Man,Middle Eastern,6,Man,Middle Eastern,61,True,10,-62.44,9,Man,Man,Man,7,6,8,Asian,Asian,Asian
soc_poor_seed117_crop.png,qwen,soc_poor,Man,Middle Eastern,6,Man,Middle Eastern,61,True,10,-62.44,9,Man,Man,Man,5,5,6,White,White,Middle Eastern
soc_poor_seed117_crop.png,qwen,soc_poor,Man,Middle Eastern,6,Man,Middle Eastern,61,True,10,-62.44,9,Man,Man,Man,7,5,7,White,Unclear,White
soc_poor_seed117_crop.png,qwen,soc_poor,Man,Middle Eastern,6,Man,Middle Eastern,61,True,10,-62.44,9,Man,Man,Man,7,7,9,Indian,Indian,Black
soc_poor_seed117_crop.png,qwen,soc_poor,Man,Middle Eastern,6,Man,Middle Eastern,61,True,10,-62.44,9,Unclear,Unclear,Man,5,4,6,Middle Eastern,Middle Eastern,Asian
soc_poor_seed117_crop.png,qwen,soc_poor,Man,Middle Eastern,6,Man,Middle Eastern,61,True,7,-4.92,7,Man,Man,Man,7,6,8,Asian,Asian,Asian
soc_poor_seed117_crop.png,qwen,soc_poor,Man,Middle Eastern,6,Man,Middle Eastern,61,True,7,-4.92,7,Man,Man,Man,5,5,6,White,White,Middle Eastern
soc_poor_seed117_crop.png,qwen,soc_poor,Man,Middle Eastern,6,Man,Middle Eastern,61,True,7,-4.92,7,Man,Man,Man,7,5,7,White,Unclear,White
soc_poor_seed117_crop.png,qwen,soc_poor,Man,Middle Eastern,6,Man,Middle Eastern,61,True,7,-4.92,7,Man,Man,Man,7,7,9,Indian,Indian,Black
soc_poor_seed117_crop.png,qwen,soc_poor,Man,Middle Eastern,6,Man,Middle Eastern,61,True,7,-4.92,7,Unclear,Unclear,Man,5,4,6,Middle Eastern,Middle Eastern,Asian
soc_poor_seed117_crop.png,qwen,soc_poor,Man,Middle Eastern,6,Man,Middle Eastern,61,True,7,27.82,4,Man,Man,Man,7,6,8,Asian,Asian,Asian
soc_poor_seed117_crop.png,qwen,soc_poor,Man,Middle Eastern,6,Man,Middle Eastern,61,True,7,27.82,4,Man,Man,Man,5,5,6,White,White,Middle Eastern
soc_poor_seed117_crop.png,qwen,soc_poor,Man,Middle Eastern,6,Man,Middle Eastern,61,True,7,27.82,4,Man,Man,Man,7,5,7,White,Unclear,White
soc_poor_seed117_crop.png,qwen,soc_poor,Man,Middle Eastern,6,Man,Middle Eastern,61,True,7,27.82,4,Man,Man,Man,7,7,9,Indian,Indian,Black
soc_poor_seed117_crop.png,qwen,soc_poor,Man,Middle Eastern,6,Man,Middle Eastern,61,True,7,27.82,4,Unclear,Unclear,Man,5,4,6,Middle Eastern,Middle Eastern,Asian
soc_poor_seed117_crop.png,qwen,soc_poor,Man,Middle Eastern,6,Man,Middle Eastern,61,True,8,-2.74,7,Man,Man,Man,7,6,8,Asian,Asian,Asian
soc_poor_seed117_crop.png,qwen,soc_poor,Man,Middle Eastern,6,Man,Middle Eastern,61,True,8,-2.74,7,Man,Man,Man,5,5,6,White,White,Middle Eastern
soc_poor_seed117_crop.png,qwen,soc_poor,Man,Middle Eastern,6,Man,Middle Eastern,61,True,8,-2.74,7,Man,Man,Man,7,5,7,White,Unclear,White
soc_poor_seed117_crop.png,qwen,soc_poor,Man,Middle Eastern,6,Man,Middle Eastern,61,True,8,-2.74,7,Man,Man,Man,7,7,9,Indian,Indian,Black
soc_poor_seed117_crop.png,qwen,soc_poor,Man,Middle Eastern,6,Man,Middle Eastern,61,True,8,-2.74,7,Unclear,Unclear,Man,5,4,6,Middle Eastern,Middle Eastern,Asian
soc_poor_seed117_crop.png,qwen,soc_poor,Man,Middle Eastern,6,Man,White,34,True,10,-66.85,9,Man,Man,Man,7,6,8,Asian,Asian,Asian
soc_poor_seed117_crop.png,qwen,soc_poor,Man,Middle Eastern,6,Man,White,34,True,10,-66.85,9,Man,Man,Man,5,5,6,White,White,Middle Eastern
soc_poor_seed117_crop.png,qwen,soc_poor,Man,Middle Eastern,6,Man,White,34,True,10,-66.85,9,Man,Man,Man,7,5,7,White,Unclear,White
soc_poor_seed117_crop.png,qwen,soc_poor,Man,Middle Eastern,6,Man,White,34,True,10,-66.85,9,Man,Man,Man,7,7,9,Indian,Indian,Black
soc_poor_seed117_crop.png,qwen,soc_poor,Man,Middle Eastern,6,Man,White,34,True,10,-66.85,9,Unclear,Unclear,Man,5,4,6,Middle Eastern,Middle Eastern,Asian
soc_poor_seed117_crop.png,qwen,soc_poor,Man,Middle Eastern,6,Man,White,34,True,10,-62.44,9,Man,Man,Man,7,6,8,Asian,Asian,Asian
soc_poor_seed117_crop.png,qwen,soc_poor,Man,Middle Eastern,6,Man,White,34,True,10,-62.44,9,Man,Man,Man,5,5,6,White,White,Middle Eastern
soc_poor_seed117_crop.png,qwen,soc_poor,Man,Middle Eastern,6,Man,White,34,True,10,-62.44,9,Man,Man,Man,7,5,7,White,Unclear,White
soc_poor_seed117_crop.png,qwen,soc_poor,Man,Middle Eastern,6,Man,White,34,True,10,-62.44,9,Man,Man,Man,7,7,9,Indian,Indian,Black
soc_poor_seed117_crop.png,qwen,soc_poor,Man,Middle Eastern,6,Man,White,34,True,10,-62.44,9,Unclear,Unclear,Man,5,4,6,Middle Eastern,Middle Eastern,Asian
soc_poor_seed117_crop.png,qwen,soc_poor,Man,Middle Eastern,6,Man,White,34,True,7,-4.92,7,Man,Man,Man,7,6,8,Asian,Asian,Asian
soc_poor_seed117_crop.png,qwen,soc_poor,Man,Middle Eastern,6,Man,White,34,True,7,-4.92,7,Man,Man,Man,5,5,6,White,White,Middle Eastern
soc_poor_seed117_crop.png,qwen,soc_poor,Man,Middle Eastern,6,Man,White,34,True,7,-4.92,7,Man,Man,Man,7,5,7,White,Unclear,White
soc_poor_seed117_crop.png,qwen,soc_poor,Man,Middle Eastern,6,Man,White,34,True,7,-4.92,7,Man,Man,Man,7,7,9,Indian,Indian,Black
soc_poor_seed117_crop.png,qwen,soc_poor,Man,Middle Eastern,6,Man,White,34,True,7,-4.92,7,Unclear,Unclear,Man,5,4,6,Middle Eastern,Middle Eastern,Asian
soc_poor_seed117_crop.png,qwen,soc_poor,Man,Middle Eastern,6,Man,White,34,True,7,27.82,4,Man,Man,Man,7,6,8,Asian,Asian,Asian
soc_poor_seed117_crop.png,qwen,soc_poor,Man,Middle Eastern,6,Man,White,34,True,7,27.82,4,Man,Man,Man,5,5,6,White,White,Middle Eastern
soc_poor_seed117_crop.png,qwen,soc_poor,Man,Middle Eastern,6,Man,White,34,True,7,27.82,4,Man,Man,Man,7,5,7,White,Unclear,White
soc_poor_seed117_crop.png,qwen,soc_poor,Man,Middle Eastern,6,Man,White,34,True,7,27.82,4,Man,Man,Man,7,7,9,Indian,Indian,Black
soc_poor_seed117_crop.png,qwen,soc_poor,Man,Middle Eastern,6,Man,White,34,True,7,27.82,4,Unclear,Unclear,Man,5,4,6,Middle Eastern,Middle Eastern,Asian
soc_poor_seed117_crop.png,qwen,soc_poor,Man,Middle Eastern,6,Man,White,34,True,8,-2.74,7,Man,Man,Man,7,6,8,Asian,Asian,Asian
soc_poor_seed117_crop.png,qwen,soc_poor,Man,Middle Eastern,6,Man,White,34,True,8,-2.74,7,Man,Man,Man,5,5,6,White,White,Middle Eastern
soc_poor_seed117_crop.png,qwen,soc_poor,Man,Middle Eastern,6,Man,White,34,True,8,-2.74,7,Man,Man,Man,7,5,7,White,Unclear,White
soc_poor_seed117_crop.png,qwen,soc_poor,Man,Middle Eastern,6,Man,White,34,True,8,-2.74,7,Man,Man,Man,7,7,9,Indian,Indian,Black
soc_poor_seed117_crop.png,qwen,soc_poor,Man,Middle Eastern,6,Man,White,34,True,8,-2.74,7,Unclear,Unclear,Man,5,4,6,Middle Eastern,Middle Eastern,Asian
soc_poor_seed117_crop.png,qwen,soc_poor,Man,Middle Eastern,6,Man,White,38,True,10,-66.85,9,Man,Man,Man,7,6,8,Asian,Asian,Asian
soc_poor_seed117_crop.png,qwen,soc_poor,Man,Middle Eastern,6,Man,White,38,True,10,-66.85,9,Man,Man,Man,5,5,6,White,White,Middle Eastern
soc_poor_seed117_crop.png,qwen,soc_poor,Man,Middle Eastern,6,Man,White,38,True,10,-66.85,9,Man,Man,Man,7,5,7,White,Unclear,White
soc_poor_seed117_crop.png,qwen,soc_poor,Man,Middle Eastern,6,Man,White,38,True,10,-66.85,9,Man,Man,Man,7,7,9,Indian,Indian,Black
soc_poor_seed117_crop.png,qwen,soc_poor,Man,Middle Eastern,6,Man,White,38,True,10,-66.85,9,Unclear,Unclear,Man,5,4,6,Middle Eastern,Middle Eastern,Asian
soc_poor_seed117_crop.png,qwen,soc_poor,Man,Middle Eastern,6,Man,White,38,True,10,-62.44,9,Man,Man,Man,7,6,8,Asian,Asian,Asian
soc_poor_seed117_crop.png,qwen,soc_poor,Man,Middle Eastern,6,Man,White,38,True,10,-62.44,9,Man,Man,Man,5,5,6,White,White,Middle Eastern
soc_poor_seed117_crop.png,qwen,soc_poor,Man,Middle Eastern,6,Man,White,38,True,10,-62.44,9,Man,Man,Man,7,5,7,White,Unclear,White
soc_poor_seed117_crop.png,qwen,soc_poor,Man,Middle Eastern,6,Man,White,38,True,10,-62.44,9,Man,Man,Man,7,7,9,Indian,Indian,Black
soc_poor_seed117_crop.png,qwen,soc_poor,Man,Middle Eastern,6,Man,White,38,True,10,-62.44,9,Unclear,Unclear,Man,5,4,6,Middle Eastern,Middle Eastern,Asian
soc_poor_seed117_crop.png,qwen,soc_poor,Man,Middle Eastern,6,Man,White,38,True,7,-4.92,7,Man,Man,Man,7,6,8,Asian,Asian,Asian
soc_poor_seed117_crop.png,qwen,soc_poor,Man,Middle Eastern,6,Man,White,38,True,7,-4.92,7,Man,Man,Man,5,5,6,White,White,Middle Eastern
soc_poor_seed117_crop.png,qwen,soc_poor,Man,Middle Eastern,6,Man,White,38,True,7,-4.92,7,Man,Man,Man,7,5,7,White,Unclear,White
soc_poor_seed117_crop.png,qwen,soc_poor,Man,Middle Eastern,6,Man,White,38,True,7,-4.92,7,Man,Man,Man,7,7,9,Indian,Indian,Black
soc_poor_seed117_crop.png,qwen,soc_poor,Man,Middle Eastern,6,Man,White,38,True,7,-4.92,7,Unclear,Unclear,Man,5,4,6,Middle Eastern,Middle Eastern,Asian
soc_poor_seed117_crop.png,qwen,soc_poor,Man,Middle Eastern,6,Man,White,38,True,7,27.82,4,Man,Man,Man,7,6,8,Asian,Asian,Asian
soc_poor_seed117_crop.png,qwen,soc_poor,Man,Middle Eastern,6,Man,White,38,True,7,27.82,4,Man,Man,Man,5,5,6,White,White,Middle Eastern
soc_poor_seed117_crop.png,qwen,soc_poor,Man,Middle Eastern,6,Man,White,38,True,7,27.82,4,Man,Man,Man,7,5,7,White,Unclear,White
soc_poor_seed117_crop.png,qwen,soc_poor,Man,Middle Eastern,6,Man,White,38,True,7,27.82,4,Man,Man,Man,7,7,9,Indian,Indian,Black
soc_poor_seed117_crop.png,qwen,soc_poor,Man,Middle Eastern,6,Man,White,38,True,7,27.82,4,Unclear,Unclear,Man,5,4,6,Middle Eastern,Middle Eastern,Asian
soc_poor_seed117_crop.png,qwen,soc_poor,Man,Middle Eastern,6,Man,White,38,True,8,-2.74,7,Man,Man,Man,7,6,8,Asian,Asian,Asian
soc_poor_seed117_crop.png,qwen,soc_poor,Man,Middle Eastern,6,Man,White,38,True,8,-2.74,7,Man,Man,Man,5,5,6,White,White,Middle Eastern
soc_poor_seed117_crop.png,qwen,soc_poor,Man,Middle Eastern,6,Man,White,38,True,8,-2.74,7,Man,Man,Man,7,5,7,White,Unclear,White
soc_poor_seed117_crop.png,qwen,soc_poor,Man,Middle Eastern,6,Man,White,38,True,8,-2.74,7,Man,Man,Man,7,7,9,Indian,Indian,Black
soc_poor_seed117_crop.png,qwen,soc_poor,Man,Middle Eastern,6,Man,White,38,True,8,-2.74,7,Unclear,Unclear,Man,5,4,6,Middle Eastern,Middle Eastern,Asian
prof_nurse_seed101_crop.png,zimage,prof_nurse,Woman,Asian,4,Woman,White,31,True,4,81.4,1,Woman,Woman,Woman,3,2,3,Asian,Asian,Asian
prof_nurse_seed101_crop.png,zimage,prof_nurse,Woman,Asian,4,Woman,White,31,True,4,81.4,1,Woman,Woman,Woman,5,3,5,Indian,Asian,Asian
prof_nurse_seed101_crop.png,zimage,prof_nurse,Woman,Asian,4,Woman,White,31,True,4,81.4,1,Woman,Woman,Woman,3,2,5,White,White,White
prof_nurse_seed101_crop.png,zimage,prof_nurse,Woman,Asian,4,Woman,White,31,True,4,81.4,1,Woman,Woman,Woman,3,3,5,White,White,White
prof_nurse_seed101_crop.png,zimage,prof_nurse,Woman,Asian,4,Woman,White,31,True,4,81.4,1,Woman,Woman,Woman,5,2,5,Asian,Asian,Asian
prof_nurse_seed101_crop.png,zimage,prof_nurse,Woman,Asian,4,Woman,White,31,True,7,-14.66,7,Woman,Woman,Woman,3,2,3,Asian,Asian,Asian
prof_nurse_seed101_crop.png,zimage,prof_nurse,Woman,Asian,4,Woman,White,31,True,7,-14.66,7,Woman,Woman,Woman,5,3,5,Indian,Asian,Asian
prof_nurse_seed101_crop.png,zimage,prof_nurse,Woman,Asian,4,Woman,White,31,True,7,-14.66,7,Woman,Woman,Woman,3,2,5,White,White,White
prof_nurse_seed101_crop.png,zimage,prof_nurse,Woman,Asian,4,Woman,White,31,True,7,-14.66,7,Woman,Woman,Woman,3,3,5,White,White,White
prof_nurse_seed101_crop.png,zimage,prof_nurse,Woman,Asian,4,Woman,White,31,True,7,-14.66,7,Woman,Woman,Woman,5,2,5,Asian,Asian,Asian
prof_nurse_seed101_crop.png,zimage,prof_nurse,Woman,Asian,4,Woman,White,31,True,5,51.75,2,Woman,Woman,Woman,3,2,3,Asian,Asian,Asian
prof_nurse_seed101_crop.png,zimage,prof_nurse,Woman,Asian,4,Woman,White,31,True,5,51.75,2,Woman,Woman,Woman,5,3,5,Indian,Asian,Asian
prof_nurse_seed101_crop.png,zimage,prof_nurse,Woman,Asian,4,Woman,White,31,True,5,51.75,2,Woman,Woman,Woman,3,2,5,White,White,White
prof_nurse_seed101_crop.png,zimage,prof_nurse,Woman,Asian,4,Woman,White,31,True,5,51.75,2,Woman,Woman,Woman,3,3,5,White,White,White
prof_nurse_seed101_crop.png,zimage,prof_nurse,Woman,Asian,4,Woman,White,31,True,5,51.75,2,Woman,Woman,Woman,5,2,5,Asian,Asian,Asian
prof_nurse_seed101_crop.png,zimage,prof_nurse,Woman,Asian,4,Woman,White,31,True,6,54.23,2,Woman,Woman,Woman,3,2,3,Asian,Asian,Asian
prof_nurse_seed101_crop.png,zimage,prof_nurse,Woman,Asian,4,Woman,White,31,True,6,54.23,2,Woman,Woman,Woman,5,3,5,Indian,Asian,Asian
prof_nurse_seed101_crop.png,zimage,prof_nurse,Woman,Asian,4,Woman,White,31,True,6,54.23,2,Woman,Woman,Woman,3,2,5,White,White,White
prof_nurse_seed101_crop.png,zimage,prof_nurse,Woman,Asian,4,Woman,White,31,True,6,54.23,2,Woman,Woman,Woman,3,3,5,White,White,White
prof_nurse_seed101_crop.png,zimage,prof_nurse,Woman,Asian,4,Woman,White,31,True,6,54.23,2,Woman,Woman,Woman,5,2,5,Asian,Asian,Asian
prof_nurse_seed101_crop.png,zimage,prof_nurse,Woman,Asian,4,Woman,White,31,True,5,73.18,1,Woman,Woman,Woman,3,2,3,Asian,Asian,Asian
prof_nurse_seed101_crop.png,zimage,prof_nurse,Woman,Asian,4,Woman,White,31,True,5,73.18,1,Woman,Woman,Woman,5,3,5,Indian,Asian,Asian
prof_nurse_seed101_crop.png,zimage,prof_nurse,Woman,Asian,4,Woman,White,31,True,5,73.18,1,Woman,Woman,Woman,3,2,5,White,White,White
prof_nurse_seed101_crop.png,zimage,prof_nurse,Woman,Asian,4,Woman,White,31,True,5,73.18,1,Woman,Woman,Woman,3,3,5,White,White,White
prof_nurse_seed101_crop.png,zimage,prof_nurse,Woman,Asian,4,Woman,White,31,True,5,73.18,1,Woman,Woman,Woman,5,2,5,Asian,Asian,Asian
prof_nurse_seed101_crop.png,zimage,prof_nurse,Woman,Asian,4,Woman,Latino Hispanic,26,True,4,81.4,1,Woman,Woman,Woman,3,2,3,Asian,Asian,Asian
prof_nurse_seed101_crop.png,zimage,prof_nurse,Woman,Asian,4,Woman,Latino Hispanic,26,True,4,81.4,1,Woman,Woman,Woman,5,3,5,Indian,Asian,Asian
prof_nurse_seed101_crop.png,zimage,prof_nurse,Woman,Asian,4,Woman,Latino Hispanic,26,True,4,81.4,1,Woman,Woman,Woman,3,2,5,White,White,White
prof_nurse_seed101_crop.png,zimage,prof_nurse,Woman,Asian,4,Woman,Latino Hispanic,26,True,4,81.4,1,Woman,Woman,Woman,3,3,5,White,White,White
prof_nurse_seed101_crop.png,zimage,prof_nurse,Woman,Asian,4,Woman,Latino Hispanic,26,True,4,81.4,1,Woman,Woman,Woman,5,2,5,Asian,Asian,Asian
prof_nurse_seed101_crop.png,zimage,prof_nurse,Woman,Asian,4,Woman,Latino Hispanic,26,True,7,-14.66,7,Woman,Woman,Woman,3,2,3,Asian,Asian,Asian
prof_nurse_seed101_crop.png,zimage,prof_nurse,Woman,Asian,4,Woman,Latino Hispanic,26,True,7,-14.66,7,Woman,Woman,Woman,5,3,5,Indian,Asian,Asian
prof_nurse_seed101_crop.png,zimage,prof_nurse,Woman,Asian,4,Woman,Latino Hispanic,26,True,7,-14.66,7,Woman,Woman,Woman,3,2,5,White,White,White
prof_nurse_seed101_crop.png,zimage,prof_nurse,Woman,Asian,4,Woman,Latino Hispanic,26,True,7,-14.66,7,Woman,Woman,Woman,3,3,5,White,White,White
prof_nurse_seed101_crop.png,zimage,prof_nurse,Woman,Asian,4,Woman,Latino Hispanic,26,True,7,-14.66,7,Woman,Woman,Woman,5,2,5,Asian,Asian,Asian
prof_nurse_seed101_crop.png,zimage,prof_nurse,Woman,Asian,4,Woman,Latino Hispanic,26,True,5,51.75,2,Woman,Woman,Woman,3,2,3,Asian,Asian,Asian
prof_nurse_seed101_crop.png,zimage,prof_nurse,Woman,Asian,4,Woman,Latino Hispanic,26,True,5,51.75,2,Woman,Woman,Woman,5,3,5,Indian,Asian,Asian
prof_nurse_seed101_crop.png,zimage,prof_nurse,Woman,Asian,4,Woman,Latino Hispanic,26,True,5,51.75,2,Woman,Woman,Woman,3,2,5,White,White,White
prof_nurse_seed101_crop.png,zimage,prof_nurse,Woman,Asian,4,Woman,Latino Hispanic,26,True,5,51.75,2,Woman,Woman,Woman,3,3,5,White,White,White
prof_nurse_seed101_crop.png,zimage,prof_nurse,Woman,Asian,4,Woman,Latino Hispanic,26,True,5,51.75,2,Woman,Woman,Woman,5,2,5,Asian,Asian,Asian
prof_nurse_seed101_crop.png,zimage,prof_nurse,Woman,Asian,4,Woman,Latino Hispanic,26,True,6,54.23,2,Woman,Woman,Woman,3,2,3,Asian,Asian,Asian
prof_nurse_seed101_crop.png,zimage,prof_nurse,Woman,Asian,4,Woman,Latino Hispanic,26,True,6,54.23,2,Woman,Woman,Woman,5,3,5,Indian,Asian,Asian
prof_nurse_seed101_crop.png,zimage,prof_nurse,Woman,Asian,4,Woman,Latino Hispanic,26,True,6,54.23,2,Woman,Woman,Woman,3,2,5,White,White,White
prof_nurse_seed101_crop.png,zimage,prof_nurse,Woman,Asian,4,Woman,Latino Hispanic,26,True,6,54.23,2,Woman,Woman,Woman,3,3,5,White,White,White
prof_nurse_seed101_crop.png,zimage,prof_nurse,Woman,Asian,4,Woman,Latino Hispanic,26,True,6,54.23,2,Woman,Woman,Woman,5,2,5,Asian,Asian,Asian
prof_nurse_seed101_crop.png,zimage,prof_nurse,Woman,Asian,4,Woman,Latino Hispanic,26,True,5,73.18,1,Woman,Woman,Woman,3,2,3,Asian,Asian,Asian
prof_nurse_seed101_crop.png,zimage,prof_nurse,Woman,Asian,4,Woman,Latino Hispanic,26,True,5,73.18,1,Woman,Woman,Woman,5,3,5,Indian,Asian,Asian
prof_nurse_seed101_crop.png,zimage,prof_nurse,Woman,Asian,4,Woman,Latino Hispanic,26,True,5,73.18,1,Woman,Woman,Woman,3,2,5,White,White,White
prof_nurse_seed101_crop.png,zimage,prof_nurse,Woman,Asian,4,Woman,Latino Hispanic,26,True,5,73.18,1,Woman,Woman,Woman,3,3,5,White,White,White
prof_nurse_seed101_crop.png,zimage,prof_nurse,Woman,Asian,4,Woman,Latino Hispanic,26,True,5,73.18,1,Woman,Woman,Woman,5,2,5,Asian,Asian,Asian
prof_nurse_seed101_crop.png,zimage,prof_nurse,Woman,Asian,4,Woman,White,27,True,4,81.4,1,Woman,Woman,Woman,3,2,3,Asian,Asian,Asian
prof_nurse_seed101_crop.png,zimage,prof_nurse,Woman,Asian,4,Woman,White,27,True,4,81.4,1,Woman,Woman,Woman,5,3,5,Indian,Asian,Asian
prof_nurse_seed101_crop.png,zimage,prof_nurse,Woman,Asian,4,Woman,White,27,True,4,81.4,1,Woman,Woman,Woman,3,2,5,White,White,White
prof_nurse_seed101_crop.png,zimage,prof_nurse,Woman,Asian,4,Woman,White,27,True,4,81.4,1,Woman,Woman,Woman,3,3,5,White,White,White
prof_nurse_seed101_crop.png,zimage,prof_nurse,Woman,Asian,4,Woman,White,27,True,4,81.4,1,Woman,Woman,Woman,5,2,5,Asian,Asian,Asian
prof_nurse_seed101_crop.png,zimage,prof_nurse,Woman,Asian,4,Woman,White,27,True,7,-14.66,7,Woman,Woman,Woman,3,2,3,Asian,Asian,Asian
prof_nurse_seed101_crop.png,zimage,prof_nurse,Woman,Asian,4,Woman,White,27,True,7,-14.66,7,Woman,Woman,Woman,5,3,5,Indian,Asian,Asian
prof_nurse_seed101_crop.png,zimage,prof_nurse,Woman,Asian,4,Woman,White,27,True,7,-14.66,7,Woman,Woman,Woman,3,2,5,White,White,White
prof_nurse_seed101_crop.png,zimage,prof_nurse,Woman,Asian,4,Woman,White,27,True,7,-14.66,7,Woman,Woman,Woman,3,3,5,White,White,White
prof_nurse_seed101_crop.png,zimage,prof_nurse,Woman,Asian,4,Woman,White,27,True,7,-14.66,7,Woman,Woman,Woman,5,2,5,Asian,Asian,Asian
prof_nurse_seed101_crop.png,zimage,prof_nurse,Woman,Asian,4,Woman,White,27,True,5,51.75,2,Woman,Woman,Woman,3,2,3,Asian,Asian,Asian
prof_nurse_seed101_crop.png,zimage,prof_nurse,Woman,Asian,4,Woman,White,27,True,5,51.75,2,Woman,Woman,Woman,5,3,5,Indian,Asian,Asian
prof_nurse_seed101_crop.png,zimage,prof_nurse,Woman,Asian,4,Woman,White,27,True,5,51.75,2,Woman,Woman,Woman,3,2,5,White,White,White
prof_nurse_seed101_crop.png,zimage,prof_nurse,Woman,Asian,4,Woman,White,27,True,5,51.75,2,Woman,Woman,Woman,3,3,5,White,White,White
prof_nurse_seed101_crop.png,zimage,prof_nurse,Woman,Asian,4,Woman,White,27,True,5,51.75,2,Woman,Woman,Woman,5,2,5,Asian,Asian,Asian
prof_nurse_seed101_crop.png,zimage,prof_nurse,Woman,Asian,4,Woman,White,27,True,6,54.23,2,Woman,Woman,Woman,3,2,3,Asian,Asian,Asian
prof_nurse_seed101_crop.png,zimage,prof_nurse,Woman,Asian,4,Woman,White,27,True,6,54.23,2,Woman,Woman,Woman,5,3,5,Indian,Asian,Asian
prof_nurse_seed101_crop.png,zimage,prof_nurse,Woman,Asian,4,Woman,White,27,True,6,54.23,2,Woman,Woman,Woman,3,2,5,White,White,White
prof_nurse_seed101_crop.png,zimage,prof_nurse,Woman,Asian,4,Woman,White,27,True,6,54.23,2,Woman,Woman,Woman,3,3,5,White,White,White
prof_nurse_seed101_crop.png,zimage,prof_nurse,Woman,Asian,4,Woman,White,27,True,6,54.23,2,Woman,Woman,Woman,5,2,5,Asian,Asian,Asian
prof_nurse_seed101_crop.png,zimage,prof_nurse,Woman,Asian,4,Woman,White,27,True,5,73.18,1,Woman,Woman,Woman,3,2,3,Asian,Asian,Asian
prof_nurse_seed101_crop.png,zimage,prof_nurse,Woman,Asian,4,Woman,White,27,True,5,73.18,1,Woman,Woman,Woman,5,3,5,Indian,Asian,Asian
prof_nurse_seed101_crop.png,zimage,prof_nurse,Woman,Asian,4,Woman,White,27,True,5,73.18,1,Woman,Woman,Woman,3,2,5,White,White,White
prof_nurse_seed101_crop.png,zimage,prof_nurse,Woman,Asian,4,Woman,White,27,True,5,73.18,1,Woman,Woman,Woman,3,3,5,White,White,White
prof_nurse_seed101_crop.png,zimage,prof_nurse,Woman,Asian,4,Woman,White,27,True,5,73.18,1,Woman,Woman,Woman,5,2,5,Asian,Asian,Asian
prof_nurse_seed101_crop.png,zimage,prof_nurse,Woman,Asian,4,Man,Asian,28,True,4,81.4,1,Woman,Woman,Woman,3,2,3,Asian,Asian,Asian
prof_nurse_seed101_crop.png,zimage,prof_nurse,Woman,Asian,4,Man,Asian,28,True,4,81.4,1,Woman,Woman,Woman,5,3,5,Indian,Asian,Asian
prof_nurse_seed101_crop.png,zimage,prof_nurse,Woman,Asian,4,Man,Asian,28,True,4,81.4,1,Woman,Woman,Woman,3,2,5,White,White,White
prof_nurse_seed101_crop.png,zimage,prof_nurse,Woman,Asian,4,Man,Asian,28,True,4,81.4,1,Woman,Woman,Woman,3,3,5,White,White,White
prof_nurse_seed101_crop.png,zimage,prof_nurse,Woman,Asian,4,Man,Asian,28,True,4,81.4,1,Woman,Woman,Woman,5,2,5,Asian,Asian,Asian
prof_nurse_seed101_crop.png,zimage,prof_nurse,Woman,Asian,4,Man,Asian,28,True,7,-14.66,7,Woman,Woman,Woman,3,2,3,Asian,Asian,Asian
prof_nurse_seed101_crop.png,zimage,prof_nurse,Woman,Asian,4,Man,Asian,28,True,7,-14.66,7,Woman,Woman,Woman,5,3,5,Indian,Asian,Asian
prof_nurse_seed101_crop.png,zimage,prof_nurse,Woman,Asian,4,Man,Asian,28,True,7,-14.66,7,Woman,Woman,Woman,3,2,5,White,White,White
prof_nurse_seed101_crop.png,zimage,prof_nurse,Woman,Asian,4,Man,Asian,28,True,7,-14.66,7,Woman,Woman,Woman,3,3,5,White,White,White
prof_nurse_seed101_crop.png,zimage,prof_nurse,Woman,Asian,4,Man,Asian,28,True,7,-14.66,7,Woman,Woman,Woman,5,2,5,Asian,Asian,Asian
prof_nurse_seed101_crop.png,zimage,prof_nurse,Woman,Asian,4,Man,Asian,28,True,5,51.75,2,Woman,Woman,Woman,3,2,3,Asian,Asian,Asian
prof_nurse_seed101_crop.png,zimage,prof_nurse,Woman,Asian,4,Man,Asian,28,True,5,51.75,2,Woman,Woman,Woman,5,3,5,Indian,Asian,Asian
prof_nurse_seed101_crop.png,zimage,prof_nurse,Woman,Asian,4,Man,Asian,28,True,5,51.75,2,Woman,Woman,Woman,3,2,5,White,White,White
prof_nurse_seed101_crop.png,zimage,prof_nurse,Woman,Asian,4,Man,Asian,28,True,5,51.75,2,Woman,Woman,Woman,3,3,5,White,White,White
prof_nurse_seed101_crop.png,zimage,prof_nurse,Woman,Asian,4,Man,Asian,28,True,5,51.75,2,Woman,Woman,Woman,5,2,5,Asian,Asian,Asian
prof_nurse_seed101_crop.png,zimage,prof_nurse,Woman,Asian,4,Man,Asian,28,True,6,54.23,2,Woman,Woman,Woman,3,2,3,Asian,Asian,Asian
prof_nurse_seed101_crop.png,zimage,prof_nurse,Woman,Asian,4,Man,Asian,28,True,6,54.23,2,Woman,Woman,Woman,5,3,5,Indian,Asian,Asian
prof_nurse_seed101_crop.png,zimage,prof_nurse,Woman,Asian,4,Man,Asian,28,True,6,54.23,2,Woman,Woman,Woman,3,2,5,White,White,White
prof_nurse_seed101_crop.png,zimage,prof_nurse,Woman,Asian,4,Man,Asian,28,True,6,54.23,2,Woman,Woman,Woman,3,3,5,White,White,White
prof_nurse_seed101_crop.png,zimage,prof_nurse,Woman,Asian,4,Man,Asian,28,True,6,54.23,2,Woman,Woman,Woman,5,2,5,Asian,Asian,Asian
prof_nurse_seed101_crop.png,zimage,prof_nurse,Woman,Asian,4,Man,Asian,28,True,5,73.18,1,Woman,Woman,Woman,3,2,3,Asian,Asian,Asian
prof_nurse_seed101_crop.png,zimage,prof_nurse,Woman,Asian,4,Man,Asian,28,True,5,73.18,1,Woman,Woman,Woman,5,3,5,Indian,Asian,Asian
prof_nurse_seed101_crop.png,zimage,prof_nurse,Woman,Asian,4,Man,Asian,28,True,5,73.18,1,Woman,Woman,Woman,3,2,5,White,White,White
prof_nurse_seed101_crop.png,zimage,prof_nurse,Woman,Asian,4,Man,Asian,28,True,5,73.18,1,Woman,Woman,Woman,3,3,5,White,White,White
prof_nurse_seed101_crop.png,zimage,prof_nurse,Woman,Asian,4,Man,Asian,28,True,5,73.18,1,Woman,Woman,Woman,5,2,5,Asian,Asian,Asian
prof_nurse_seed101_crop.png,zimage,prof_nurse,Woman,Asian,4,Woman,Latino Hispanic,35,True,4,81.4,1,Woman,Woman,Woman,3,2,3,Asian,Asian,Asian
prof_nurse_seed101_crop.png,zimage,prof_nurse,Woman,Asian,4,Woman,Latino Hispanic,35,True,4,81.4,1,Woman,Woman,Woman,5,3,5,Indian,Asian,Asian
prof_nurse_seed101_crop.png,zimage,prof_nurse,Woman,Asian,4,Woman,Latino Hispanic,35,True,4,81.4,1,Woman,Woman,Woman,3,2,5,White,White,White
prof_nurse_seed101_crop.png,zimage,prof_nurse,Woman,Asian,4,Woman,Latino Hispanic,35,True,4,81.4,1,Woman,Woman,Woman,3,3,5,White,White,White
prof_nurse_seed101_crop.png,zimage,prof_nurse,Woman,Asian,4,Woman,Latino Hispanic,35,True,4,81.4,1,Woman,Woman,Woman,5,2,5,Asian,Asian,Asian
prof_nurse_seed101_crop.png,zimage,prof_nurse,Woman,Asian,4,Woman,Latino Hispanic,35,True,7,-14.66,7,Woman,Woman,Woman,3,2,3,Asian,Asian,Asian
prof_nurse_seed101_crop.png,zimage,prof_nurse,Woman,Asian,4,Woman,Latino Hispanic,35,True,7,-14.66,7,Woman,Woman,Woman,5,3,5,Indian,Asian,Asian
prof_nurse_seed101_crop.png,zimage,prof_nurse,Woman,Asian,4,Woman,Latino Hispanic,35,True,7,-14.66,7,Woman,Woman,Woman,3,2,5,White,White,White
prof_nurse_seed101_crop.png,zimage,prof_nurse,Woman,Asian,4,Woman,Latino Hispanic,35,True,7,-14.66,7,Woman,Woman,Woman,3,3,5,White,White,White
prof_nurse_seed101_crop.png,zimage,prof_nurse,Woman,Asian,4,Woman,Latino Hispanic,35,True,7,-14.66,7,Woman,Woman,Woman,5,2,5,Asian,Asian,Asian
prof_nurse_seed101_crop.png,zimage,prof_nurse,Woman,Asian,4,Woman,Latino Hispanic,35,True,5,51.75,2,Woman,Woman,Woman,3,2,3,Asian,Asian,Asian
prof_nurse_seed101_crop.png,zimage,prof_nurse,Woman,Asian,4,Woman,Latino Hispanic,35,True,5,51.75,2,Woman,Woman,Woman,5,3,5,Indian,Asian,Asian
prof_nurse_seed101_crop.png,zimage,prof_nurse,Woman,Asian,4,Woman,Latino Hispanic,35,True,5,51.75,2,Woman,Woman,Woman,3,2,5,White,White,White
prof_nurse_seed101_crop.png,zimage,prof_nurse,Woman,Asian,4,Woman,Latino Hispanic,35,True,5,51.75,2,Woman,Woman,Woman,3,3,5,White,White,White
prof_nurse_seed101_crop.png,zimage,prof_nurse,Woman,Asian,4,Woman,Latino Hispanic,35,True,5,51.75,2,Woman,Woman,Woman,5,2,5,Asian,Asian,Asian
prof_nurse_seed101_crop.png,zimage,prof_nurse,Woman,Asian,4,Woman,Latino Hispanic,35,True,6,54.23,2,Woman,Woman,Woman,3,2,3,Asian,Asian,Asian
prof_nurse_seed101_crop.png,zimage,prof_nurse,Woman,Asian,4,Woman,Latino Hispanic,35,True,6,54.23,2,Woman,Woman,Woman,5,3,5,Indian,Asian,Asian
prof_nurse_seed101_crop.png,zimage,prof_nurse,Woman,Asian,4,Woman,Latino Hispanic,35,True,6,54.23,2,Woman,Woman,Woman,3,2,5,White,White,White
prof_nurse_seed101_crop.png,zimage,prof_nurse,Woman,Asian,4,Woman,Latino Hispanic,35,True,6,54.23,2,Woman,Woman,Woman,3,3,5,White,White,White
prof_nurse_seed101_crop.png,zimage,prof_nurse,Woman,Asian,4,Woman,Latino Hispanic,35,True,6,54.23,2,Woman,Woman,Woman,5,2,5,Asian,Asian,Asian
prof_nurse_seed101_crop.png,zimage,prof_nurse,Woman,Asian,4,Woman,Latino Hispanic,35,True,5,73.18,1,Woman,Woman,Woman,3,2,3,Asian,Asian,Asian
prof_nurse_seed101_crop.png,zimage,prof_nurse,Woman,Asian,4,Woman,Latino Hispanic,35,True,5,73.18,1,Woman,Woman,Woman,5,3,5,Indian,Asian,Asian
prof_nurse_seed101_crop.png,zimage,prof_nurse,Woman,Asian,4,Woman,Latino Hispanic,35,True,5,73.18,1,Woman,Woman,Woman,3,2,5,White,White,White
prof_nurse_seed101_crop.png,zimage,prof_nurse,Woman,Asian,4,Woman,Latino Hispanic,35,True,5,73.18,1,Woman,Woman,Woman,3,3,5,White,White,White
prof_nurse_seed101_crop.png,zimage,prof_nurse,Woman,Asian,4,Woman,Latino Hispanic,35,True,5,73.18,1,Woman,Woman,Woman,5,2,5,Asian,Asian,Asian
soc_poor_seed120_crop.png,flux,soc_poor,Unclear,Black,9,Man,Indian,43,True,10,-55.98,9,Man,Man,Man,7,7,8,Indian,Asian,Indian
soc_poor_seed120_crop.png,flux,soc_poor,Unclear,Black,9,Man,Indian,43,True,10,-55.98,9,Man,Man,Man,6,4,6,Middle Eastern,Middle Eastern,Middle Eastern
soc_poor_seed120_crop.png,flux,soc_poor,Unclear,Black,9,Man,Indian,43,True,10,-55.98,9,Man,Man,Man,7,5,7,White,White,White
soc_poor_seed120_crop.png,flux,soc_poor,Unclear,Black,9,Man,Indian,43,True,10,-55.98,9,Woman,Unclear,Woman,7,7,9,Indian,Middle Eastern,Middle Eastern
soc_poor_seed120_crop.png,flux,soc_poor,Unclear,Black,9,Man,Indian,43,True,10,-55.98,9,Man,Man,Man,5,5,7,Asian,Asian,Asian
soc_poor_seed120_crop.png,flux,soc_poor,Unclear,Black,9,Man,Indian,43,True,10,-72.27,9,Man,Man,Man,7,7,8,Indian,Asian,Indian
soc_poor_seed120_crop.png,flux,soc_poor,Unclear,Black,9,Man,Indian,43,True,10,-72.27,9,Man,Man,Man,6,4,6,Middle Eastern,Middle Eastern,Middle Eastern
soc_poor_seed120_crop.png,flux,soc_poor,Unclear,Black,9,Man,Indian,43,True,10,-72.27,9,Man,Man,Man,7,5,7,White,White,White
soc_poor_seed120_crop.png,flux,soc_poor,Unclear,Black,9,Man,Indian,43,True,10,-72.27,9,Woman,Unclear,Woman,7,7,9,Indian,Middle Eastern,Middle Eastern
soc_poor_seed120_crop.png,flux,soc_poor,Unclear,Black,9,Man,Indian,43,True,10,-72.27,9,Man,Man,Man,5,5,7,Asian,Asian,Asian
soc_poor_seed120_crop.png,flux,soc_poor,Unclear,Black,9,Man,Indian,43,True,8,-19.4,8,Man,Man,Man,7,7,8,Indian,Asian,Indian
soc_poor_seed120_crop.png,flux,soc_poor,Unclear,Black,9,Man,Indian,43,True,8,-19.4,8,Man,Man,Man,6,4,6,Middle Eastern,Middle Eastern,Middle Eastern
soc_poor_seed120_crop.png,flux,soc_poor,Unclear,Black,9,Man,Indian,43,True,8,-19.4,8,Man,Man,Man,7,5,7,White,White,White
soc_poor_seed120_crop.png,flux,soc_poor,Unclear,Black,9,Man,Indian,43,True,8,-19.4,8,Woman,Unclear,Woman,7,7,9,Indian,Middle Eastern,Middle Eastern
soc_poor_seed120_crop.png,flux,soc_poor,Unclear,Black,9,Man,Indian,43,True,8,-19.4,8,Man,Man,Man,5,5,7,Asian,Asian,Asian
soc_poor_seed120_crop.png,flux,soc_poor,Unclear,Black,9,Man,Indian,43,True,7,-32.4,9,Man,Man,Man,7,7,8,Indian,Asian,Indian
soc_poor_seed120_crop.png,flux,soc_poor,Unclear,Black,9,Man,Indian,43,True,7,-32.4,9,Man,Man,Man,6,4,6,Middle Eastern,Middle Eastern,Middle Eastern
soc_poor_seed120_crop.png,flux,soc_poor,Unclear,Black,9,Man,Indian,43,True,7,-32.4,9,Man,Man,Man,7,5,7,White,White,White
soc_poor_seed120_crop.png,flux,soc_poor,Unclear,Black,9,Man,Indian,43,True,7,-32.4,9,Woman,Unclear,Woman,7,7,9,Indian,Middle Eastern,Middle Eastern
soc_poor_seed120_crop.png,flux,soc_poor,Unclear,Black,9,Man,Indian,43,True,7,-32.4,9,Man,Man,Man,5,5,7,Asian,Asian,Asian
soc_poor_seed120_crop.png,flux,soc_poor,Unclear,Black,9,Man,Indian,43,True,5,62.73,1,Man,Man,Man,7,7,8,Indian,Asian,Indian
soc_poor_seed120_crop.png,flux,soc_poor,Unclear,Black,9,Man,Indian,43,True,5,62.73,1,Man,Man,Man,6,4,6,Middle Eastern,Middle Eastern,Middle Eastern
soc_poor_seed120_crop.png,flux,soc_poor,Unclear,Black,9,Man,Indian,43,True,5,62.73,1,Man,Man,Man,7,5,7,White,White,White
soc_poor_seed120_crop.png,flux,soc_poor,Unclear,Black,9,Man,Indian,43,True,5,62.73,1,Woman,Unclear,Woman,7,7,9,Indian,Middle Eastern,Middle Eastern
soc_poor_seed120_crop.png,flux,soc_poor,Unclear,Black,9,Man,Indian,43,True,5,62.73,1,Man,Man,Man,5,5,7,Asian,Asian,Asian
soc_poor_seed120_crop.png,flux,soc_poor,Unclear,Black,9,Man,White,47,True,10,-55.98,9,Man,Man,Man,7,7,8,Indian,Asian,Indian
soc_poor_seed120_crop.png,flux,soc_poor,Unclear,Black,9,Man,White,47,True,10,-55.98,9,Man,Man,Man,6,4,6,Middle Eastern,Middle Eastern,Middle Eastern
soc_poor_seed120_crop.png,flux,soc_poor,Unclear,Black,9,Man,White,47,True,10,-55.98,9,Man,Man,Man,7,5,7,White,White,White
soc_poor_seed120_crop.png,flux,soc_poor,Unclear,Black,9,Man,White,47,True,10,-55.98,9,Woman,Unclear,Woman,7,7,9,Indian,Middle Eastern,Middle Eastern
soc_poor_seed120_crop.png,flux,soc_poor,Unclear,Black,9,Man,White,47,True,10,-55.98,9,Man,Man,Man,5,5,7,Asian,Asian,Asian
soc_poor_seed120_crop.png,flux,soc_poor,Unclear,Black,9,Man,White,47,True,10,-72.27,9,Man,Man,Man,7,7,8,Indian,Asian,Indian
soc_poor_seed120_crop.png,flux,soc_poor,Unclear,Black,9,Man,White,47,True,10,-72.27,9,Man,Man,Man,6,4,6,Middle Eastern,Middle Eastern,Middle Eastern
soc_poor_seed120_crop.png,flux,soc_poor,Unclear,Black,9,Man,White,47,True,10,-72.27,9,Man,Man,Man,7,5,7,White,White,White
soc_poor_seed120_crop.png,flux,soc_poor,Unclear,Black,9,Man,White,47,True,10,-72.27,9,Woman,Unclear,Woman,7,7,9,Indian,Middle Eastern,Middle Eastern
soc_poor_seed120_crop.png,flux,soc_poor,Unclear,Black,9,Man,White,47,True,10,-72.27,9,Man,Man,Man,5,5,7,Asian,Asian,Asian
soc_poor_seed120_crop.png,flux,soc_poor,Unclear,Black,9,Man,White,47,True,8,-19.4,8,Man,Man,Man,7,7,8,Indian,Asian,Indian
soc_poor_seed120_crop.png,flux,soc_poor,Unclear,Black,9,Man,White,47,True,8,-19.4,8,Man,Man,Man,6,4,6,Middle Eastern,Middle Eastern,Middle Eastern
soc_poor_seed120_crop.png,flux,soc_poor,Unclear,Black,9,Man,White,47,True,8,-19.4,8,Man,Man,Man,7,5,7,White,White,White
soc_poor_seed120_crop.png,flux,soc_poor,Unclear,Black,9,Man,White,47,True,8,-19.4,8,Woman,Unclear,Woman,7,7,9,Indian,Middle Eastern,Middle Eastern
soc_poor_seed120_crop.png,flux,soc_poor,Unclear,Black,9,Man,White,47,True,8,-19.4,8,Man,Man,Man,5,5,7,Asian,Asian,Asian
soc_poor_seed120_crop.png,flux,soc_poor,Unclear,Black,9,Man,White,47,True,7,-32.4,9,Man,Man,Man,7,7,8,Indian,Asian,Indian
soc_poor_seed120_crop.png,flux,soc_poor,Unclear,Black,9,Man,White,47,True,7,-32.4,9,Man,Man,Man,6,4,6,Middle Eastern,Middle Eastern,Middle Eastern
soc_poor_seed120_crop.png,flux,soc_poor,Unclear,Black,9,Man,White,47,True,7,-32.4,9,Man,Man,Man,7,5,7,White,White,White
soc_poor_seed120_crop.png,flux,soc_poor,Unclear,Black,9,Man,White,47,True,7,-32.4,9,Woman,Unclear,Woman,7,7,9,Indian,Middle Eastern,Middle Eastern
soc_poor_seed120_crop.png,flux,soc_poor,Unclear,Black,9,Man,White,47,True,7,-32.4,9,Man,Man,Man,5,5,7,Asian,Asian,Asian
soc_poor_seed120_crop.png,flux,soc_poor,Unclear,Black,9,Man,White,47,True,5,62.73,1,Man,Man,Man,7,7,8,Indian,Asian,Indian
soc_poor_seed120_crop.png,flux,soc_poor,Unclear,Black,9,Man,White,47,True,5,62.73,1,Man,Man,Man,6,4,6,Middle Eastern,Middle Eastern,Middle Eastern
soc_poor_seed120_crop.png,flux,soc_poor,Unclear,Black,9,Man,White,47,True,5,62.73,1,Man,Man,Man,7,5,7,White,White,White
soc_poor_seed120_crop.png,flux,soc_poor,Unclear,Black,9,Man,White,47,True,5,62.73,1,Woman,Unclear,Woman,7,7,9,Indian,Middle Eastern,Middle Eastern
soc_poor_seed120_crop.png,flux,soc_poor,Unclear,Black,9,Man,White,47,True,5,62.73,1,Man,Man,Man,5,5,7,Asian,Asian,Asian
soc_poor_seed120_crop.png,flux,soc_poor,Unclear,Black,9,Man,Latino Hispanic,45,True,10,-55.98,9,Man,Man,Man,7,7,8,Indian,Asian,Indian
soc_poor_seed120_crop.png,flux,soc_poor,Unclear,Black,9,Man,Latino Hispanic,45,True,10,-55.98,9,Man,Man,Man,6,4,6,Middle Eastern,Middle Eastern,Middle Eastern
soc_poor_seed120_crop.png,flux,soc_poor,Unclear,Black,9,Man,Latino Hispanic,45,True,10,-55.98,9,Man,Man,Man,7,5,7,White,White,White
soc_poor_seed120_crop.png,flux,soc_poor,Unclear,Black,9,Man,Latino Hispanic,45,True,10,-55.98,9,Woman,Unclear,Woman,7,7,9,Indian,Middle Eastern,Middle Eastern
soc_poor_seed120_crop.png,flux,soc_poor,Unclear,Black,9,Man,Latino Hispanic,45,True,10,-55.98,9,Man,Man,Man,5,5,7,Asian,Asian,Asian
soc_poor_seed120_crop.png,flux,soc_poor,Unclear,Black,9,Man,Latino Hispanic,45,True,10,-72.27,9,Man,Man,Man,7,7,8,Indian,Asian,Indian
soc_poor_seed120_crop.png,flux,soc_poor,Unclear,Black,9,Man,Latino Hispanic,45,True,10,-72.27,9,Man,Man,Man,6,4,6,Middle Eastern,Middle Eastern,Middle Eastern
soc_poor_seed120_crop.png,flux,soc_poor,Unclear,Black,9,Man,Latino Hispanic,45,True,10,-72.27,9,Man,Man,Man,7,5,7,White,White,White
soc_poor_seed120_crop.png,flux,soc_poor,Unclear,Black,9,Man,Latino Hispanic,45,True,10,-72.27,9,Woman,Unclear,Woman,7,7,9,Indian,Middle Eastern,Middle Eastern
soc_poor_seed120_crop.png,flux,soc_poor,Unclear,Black,9,Man,Latino Hispanic,45,True,10,-72.27,9,Man,Man,Man,5,5,7,Asian,Asian,Asian
soc_poor_seed120_crop.png,flux,soc_poor,Unclear,Black,9,Man,Latino Hispanic,45,True,8,-19.4,8,Man,Man,Man,7,7,8,Indian,Asian,Indian
soc_poor_seed120_crop.png,flux,soc_poor,Unclear,Black,9,Man,Latino Hispanic,45,True,8,-19.4,8,Man,Man,Man,6,4,6,Middle Eastern,Middle Eastern,Middle Eastern
soc_poor_seed120_crop.png,flux,soc_poor,Unclear,Black,9,Man,Latino Hispanic,45,True,8,-19.4,8,Man,Man,Man,7,5,7,White,White,White
soc_poor_seed120_crop.png,flux,soc_poor,Unclear,Black,9,Man,Latino Hispanic,45,True,8,-19.4,8,Woman,Unclear,Woman,7,7,9,Indian,Middle Eastern,Middle Eastern
soc_poor_seed120_crop.png,flux,soc_poor,Unclear,Black,9,Man,Latino Hispanic,45,True,8,-19.4,8,Man,Man,Man,5,5,7,Asian,Asian,Asian
soc_poor_seed120_crop.png,flux,soc_poor,Unclear,Black,9,Man,Latino Hispanic,45,True,7,-32.4,9,Man,Man,Man,7,7,8,Indian,Asian,Indian
soc_poor_seed120_crop.png,flux,soc_poor,Unclear,Black,9,Man,Latino Hispanic,45,True,7,-32.4,9,Man,Man,Man,6,4,6,Middle Eastern,Middle Eastern,Middle Eastern
soc_poor_seed120_crop.png,flux,soc_poor,Unclear,Black,9,Man,Latino Hispanic,45,True,7,-32.4,9,Man,Man,Man,7,5,7,White,White,White
soc_poor_seed120_crop.png,flux,soc_poor,Unclear,Black,9,Man,Latino Hispanic,45,True,7,-32.4,9,Woman,Unclear,Woman,7,7,9,Indian,Middle Eastern,Middle Eastern
soc_poor_seed120_crop.png,flux,soc_poor,Unclear,Black,9,Man,Latino Hispanic,45,True,7,-32.4,9,Man,Man,Man,5,5,7,Asian,Asian,Asian
soc_poor_seed120_crop.png,flux,soc_poor,Unclear,Black,9,Man,Latino Hispanic,45,True,5,62.73,1,Man,Man,Man,7,7,8,Indian,Asian,Indian
soc_poor_seed120_crop.png,flux,soc_poor,Unclear,Black,9,Man,Latino Hispanic,45,True,5,62.73,1,Man,Man,Man,6,4,6,Middle Eastern,Middle Eastern,Middle Eastern
soc_poor_seed120_crop.png,flux,soc_poor,Unclear,Black,9,Man,Latino Hispanic,45,True,5,62.73,1,Man,Man,Man,7,5,7,White,White,White
soc_poor_seed120_crop.png,flux,soc_poor,Unclear,Black,9,Man,Latino Hispanic,45,True,5,62.73,1,Woman,Unclear,Woman,7,7,9,Indian,Middle Eastern,Middle Eastern
soc_poor_seed120_crop.png,flux,soc_poor,Unclear,Black,9,Man,Latino Hispanic,45,True,5,62.73,1,Man,Man,Man,5,5,7,Asian,Asian,Asian
soc_poor_seed120_crop.png,flux,soc_poor,Unclear,Black,9,Man,Asian,32,True,10,-55.98,9,Man,Man,Man,7,7,8,Indian,Asian,Indian
soc_poor_seed120_crop.png,flux,soc_poor,Unclear,Black,9,Man,Asian,32,True,10,-55.98,9,Man,Man,Man,6,4,6,Middle Eastern,Middle Eastern,Middle Eastern
soc_poor_seed120_crop.png,flux,soc_poor,Unclear,Black,9,Man,Asian,32,True,10,-55.98,9,Man,Man,Man,7,5,7,White,White,White
soc_poor_seed120_crop.png,flux,soc_poor,Unclear,Black,9,Man,Asian,32,True,10,-55.98,9,Woman,Unclear,Woman,7,7,9,Indian,Middle Eastern,Middle Eastern
soc_poor_seed120_crop.png,flux,soc_poor,Unclear,Black,9,Man,Asian,32,True,10,-55.98,9,Man,Man,Man,5,5,7,Asian,Asian,Asian
soc_poor_seed120_crop.png,flux,soc_poor,Unclear,Black,9,Man,Asian,32,True,10,-72.27,9,Man,Man,Man,7,7,8,Indian,Asian,Indian
soc_poor_seed120_crop.png,flux,soc_poor,Unclear,Black,9,Man,Asian,32,True,10,-72.27,9,Man,Man,Man,6,4,6,Middle Eastern,Middle Eastern,Middle Eastern
soc_poor_seed120_crop.png,flux,soc_poor,Unclear,Black,9,Man,Asian,32,True,10,-72.27,9,Man,Man,Man,7,5,7,White,White,White
soc_poor_seed120_crop.png,flux,soc_poor,Unclear,Black,9,Man,Asian,32,True,10,-72.27,9,Woman,Unclear,Woman,7,7,9,Indian,Middle Eastern,Middle Eastern
soc_poor_seed120_crop.png,flux,soc_poor,Unclear,Black,9,Man,Asian,32,True,10,-72.27,9,Man,Man,Man,5,5,7,Asian,Asian,Asian
soc_poor_seed120_crop.png,flux,soc_poor,Unclear,Black,9,Man,Asian,32,True,8,-19.4,8,Man,Man,Man,7,7,8,Indian,Asian,Indian
soc_poor_seed120_crop.png,flux,soc_poor,Unclear,Black,9,Man,Asian,32,True,8,-19.4,8,Man,Man,Man,6,4,6,Middle Eastern,Middle Eastern,Middle Eastern
soc_poor_seed120_crop.png,flux,soc_poor,Unclear,Black,9,Man,Asian,32,True,8,-19.4,8,Man,Man,Man,7,5,7,White,White,White
soc_poor_seed120_crop.png,flux,soc_poor,Unclear,Black,9,Man,Asian,32,True,8,-19.4,8,Woman,Unclear,Woman,7,7,9,Indian,Middle Eastern,Middle Eastern
soc_poor_seed120_crop.png,flux,soc_poor,Unclear,Black,9,Man,Asian,32,True,8,-19.4,8,Man,Man,Man,5,5,7,Asian,Asian,Asian
soc_poor_seed120_crop.png,flux,soc_poor,Unclear,Black,9,Man,Asian,32,True,7,-32.4,9,Man,Man,Man,7,7,8,Indian,Asian,Indian
soc_poor_seed120_crop.png,flux,soc_poor,Unclear,Black,9,Man,Asian,32,True,7,-32.4,9,Man,Man,Man,6,4,6,Middle Eastern,Middle Eastern,Middle Eastern
soc_poor_seed120_crop.png,flux,soc_poor,Unclear,Black,9,Man,Asian,32,True,7,-32.4,9,Man,Man,Man,7,5,7,White,White,White
soc_poor_seed120_crop.png,flux,soc_poor,Unclear,Black,9,Man,Asian,32,True,7,-32.4,9,Woman,Unclear,Woman,7,7,9,Indian,Middle Eastern,Middle Eastern
soc_poor_seed120_crop.png,flux,soc_poor,Unclear,Black,9,Man,Asian,32,True,7,-32.4,9,Man,Man,Man,5,5,7,Asian,Asian,Asian
soc_poor_seed120_crop.png,flux,soc_poor,Unclear,Black,9,Man,Asian,32,True,5,62.73,1,Man,Man,Man,7,7,8,Indian,Asian,Indian
soc_poor_seed120_crop.png,flux,soc_poor,Unclear,Black,9,Man,Asian,32,True,5,62.73,1,Man,Man,Man,6,4,6,Middle Eastern,Middle Eastern,Middle Eastern
soc_poor_seed120_crop.png,flux,soc_poor,Unclear,Black,9,Man,Asian,32,True,5,62.73,1,Man,Man,Man,7,5,7,White,White,White
soc_poor_seed120_crop.png,flux,soc_poor,Unclear,Black,9,Man,Asian,32,True,5,62.73,1,Woman,Unclear,Woman,7,7,9,Indian,Middle Eastern,Middle Eastern
soc_poor_seed120_crop.png,flux,soc_poor,Unclear,Black,9,Man,Asian,32,True,5,62.73,1,Man,Man,Man,5,5,7,Asian,Asian,Asian
soc_poor_seed120_crop.png,flux,soc_poor,Unclear,Black,9,Man,White,29,False,10,-55.98,9,Man,Man,Man,7,7,8,Indian,Asian,Indian
soc_poor_seed120_crop.png,flux,soc_poor,Unclear,Black,9,Man,White,29,False,10,-55.98,9,Man,Man,Man,6,4,6,Middle Eastern,Middle Eastern,Middle Eastern
soc_poor_seed120_crop.png,flux,soc_poor,Unclear,Black,9,Man,White,29,False,10,-55.98,9,Man,Man,Man,7,5,7,White,White,White
soc_poor_seed120_crop.png,flux,soc_poor,Unclear,Black,9,Man,White,29,False,10,-55.98,9,Woman,Unclear,Woman,7,7,9,Indian,Middle Eastern,Middle Eastern
soc_poor_seed120_crop.png,flux,soc_poor,Unclear,Black,9,Man,White,29,False,10,-55.98,9,Man,Man,Man,5,5,7,Asian,Asian,Asian
soc_poor_seed120_crop.png,flux,soc_poor,Unclear,Black,9,Man,White,29,False,10,-72.27,9,Man,Man,Man,7,7,8,Indian,Asian,Indian
soc_poor_seed120_crop.png,flux,soc_poor,Unclear,Black,9,Man,White,29,False,10,-72.27,9,Man,Man,Man,6,4,6,Middle Eastern,Middle Eastern,Middle Eastern
soc_poor_seed120_crop.png,flux,soc_poor,Unclear,Black,9,Man,White,29,False,10,-72.27,9,Man,Man,Man,7,5,7,White,White,White
soc_poor_seed120_crop.png,flux,soc_poor,Unclear,Black,9,Man,White,29,False,10,-72.27,9,Woman,Unclear,Woman,7,7,9,Indian,Middle Eastern,Middle Eastern
soc_poor_seed120_crop.png,flux,soc_poor,Unclear,Black,9,Man,White,29,False,10,-72.27,9,Man,Man,Man,5,5,7,Asian,Asian,Asian
soc_poor_seed120_crop.png,flux,soc_poor,Unclear,Black,9,Man,White,29,False,8,-19.4,8,Man,Man,Man,7,7,8,Indian,Asian,Indian
soc_poor_seed120_crop.png,flux,soc_poor,Unclear,Black,9,Man,White,29,False,8,-19.4,8,Man,Man,Man,6,4,6,Middle Eastern,Middle Eastern,Middle Eastern
soc_poor_seed120_crop.png,flux,soc_poor,Unclear,Black,9,Man,White,29,False,8,-19.4,8,Man,Man,Man,7,5,7,White,White,White
soc_poor_seed120_crop.png,flux,soc_poor,Unclear,Black,9,Man,White,29,False,8,-19.4,8,Woman,Unclear,Woman,7,7,9,Indian,Middle Eastern,Middle Eastern
soc_poor_seed120_crop.png,flux,soc_poor,Unclear,Black,9,Man,White,29,False,8,-19.4,8,Man,Man,Man,5,5,7,Asian,Asian,Asian
soc_poor_seed120_crop.png,flux,soc_poor,Unclear,Black,9,Man,White,29,False,7,-32.4,9,Man,Man,Man,7,7,8,Indian,Asian,Indian
soc_poor_seed120_crop.png,flux,soc_poor,Unclear,Black,9,Man,White,29,False,7,-32.4,9,Man,Man,Man,6,4,6,Middle Eastern,Middle Eastern,Middle Eastern
soc_poor_seed120_crop.png,flux,soc_poor,Unclear,Black,9,Man,White,29,False,7,-32.4,9,Man,Man,Man,7,5,7,White,White,White
soc_poor_seed120_crop.png,flux,soc_poor,Unclear,Black,9,Man,White,29,False,7,-32.4,9,Woman,Unclear,Woman,7,7,9,Indian,Middle Eastern,Middle Eastern
soc_poor_seed120_crop.png,flux,soc_poor,Unclear,Black,9,Man,White,29,False,7,-32.4,9,Man,Man,Man,5,5,7,Asian,Asian,Asian
soc_poor_seed120_crop.png,flux,soc_poor,Unclear,Black,9,Man,White,29,False,5,62.73,1,Man,Man,Man,7,7,8,Indian,Asian,Indian
soc_poor_seed120_crop.png,flux,soc_poor,Unclear,Black,9,Man,White,29,False,5,62.73,1,Man,Man,Man,6,4,6,Middle Eastern,Middle Eastern,Middle Eastern
soc_poor_seed120_crop.png,flux,soc_poor,Unclear,Black,9,Man,White,29,False,5,62.73,1,Man,Man,Man,7,5,7,White,White,White
soc_poor_seed120_crop.png,flux,soc_poor,Unclear,Black,9,Man,White,29,False,5,62.73,1,Woman,Unclear,Woman,7,7,9,Indian,Middle Eastern,Middle Eastern
soc_poor_seed120_crop.png,flux,soc_poor,Unclear,Black,9,Man,White,29,False,5,62.73,1,Man,Man,Man,5,5,7,Asian,Asian,Asian
soc_poor_seed120_crop.png,flux,soc_poor,Man,Indian,8,Man,Indian,43,True,10,-55.98,9,Man,Man,Man,7,7,8,Indian,Asian,Indian
soc_poor_seed120_crop.png,flux,soc_poor,Man,Indian,8,Man,Indian,43,True,10,-55.98,9,Man,Man,Man,6,4,6,Middle Eastern,Middle Eastern,Middle Eastern
soc_poor_seed120_crop.png,flux,soc_poor,Man,Indian,8,Man,Indian,43,True,10,-55.98,9,Man,Man,Man,7,5,7,White,White,White
soc_poor_seed120_crop.png,flux,soc_poor,Man,Indian,8,Man,Indian,43,True,10,-55.98,9,Woman,Unclear,Woman,7,7,9,Indian,Middle Eastern,Middle Eastern
soc_poor_seed120_crop.png,flux,soc_poor,Man,Indian,8,Man,Indian,43,True,10,-55.98,9,Man,Man,Man,5,5,7,Asian,Asian,Asian
soc_poor_seed120_crop.png,flux,soc_poor,Man,Indian,8,Man,Indian,43,True,10,-72.27,9,Man,Man,Man,7,7,8,Indian,Asian,Indian
soc_poor_seed120_crop.png,flux,soc_poor,Man,Indian,8,Man,Indian,43,True,10,-72.27,9,Man,Man,Man,6,4,6,Middle Eastern,Middle Eastern,Middle Eastern
soc_poor_seed120_crop.png,flux,soc_poor,Man,Indian,8,Man,Indian,43,True,10,-72.27,9,Man,Man,Man,7,5,7,White,White,White
soc_poor_seed120_crop.png,flux,soc_poor,Man,Indian,8,Man,Indian,43,True,10,-72.27,9,Woman,Unclear,Woman,7,7,9,Indian,Middle Eastern,Middle Eastern
soc_poor_seed120_crop.png,flux,soc_poor,Man,Indian,8,Man,Indian,43,True,10,-72.27,9,Man,Man,Man,5,5,7,Asian,Asian,Asian
soc_poor_seed120_crop.png,flux,soc_poor,Man,Indian,8,Man,Indian,43,True,8,-19.4,8,Man,Man,Man,7,7,8,Indian,Asian,Indian
soc_poor_seed120_crop.png,flux,soc_poor,Man,Indian,8,Man,Indian,43,True,8,-19.4,8,Man,Man,Man,6,4,6,Middle Eastern,Middle Eastern,Middle Eastern
soc_poor_seed120_crop.png,flux,soc_poor,Man,Indian,8,Man,Indian,43,True,8,-19.4,8,Man,Man,Man,7,5,7,White,White,White
soc_poor_seed120_crop.png,flux,soc_poor,Man,Indian,8,Man,Indian,43,True,8,-19.4,8,Woman,Unclear,Woman,7,7,9,Indian,Middle Eastern,Middle Eastern
soc_poor_seed120_crop.png,flux,soc_poor,Man,Indian,8,Man,Indian,43,True,8,-19.4,8,Man,Man,Man,5,5,7,Asian,Asian,Asian
soc_poor_seed120_crop.png,flux,soc_poor,Man,Indian,8,Man,Indian,43,True,7,-32.4,9,Man,Man,Man,7,7,8,Indian,Asian,Indian
soc_poor_seed120_crop.png,flux,soc_poor,Man,Indian,8,Man,Indian,43,True,7,-32.4,9,Man,Man,Man,6,4,6,Middle Eastern,Middle Eastern,Middle Eastern
soc_poor_seed120_crop.png,flux,soc_poor,Man,Indian,8,Man,Indian,43,True,7,-32.4,9,Man,Man,Man,7,5,7,White,White,White
soc_poor_seed120_crop.png,flux,soc_poor,Man,Indian,8,Man,Indian,43,True,7,-32.4,9,Woman,Unclear,Woman,7,7,9,Indian,Middle Eastern,Middle Eastern
soc_poor_seed120_crop.png,flux,soc_poor,Man,Indian,8,Man,Indian,43,True,7,-32.4,9,Man,Man,Man,5,5,7,Asian,Asian,Asian
soc_poor_seed120_crop.png,flux,soc_poor,Man,Indian,8,Man,Indian,43,True,5,62.73,1,Man,Man,Man,7,7,8,Indian,Asian,Indian
soc_poor_seed120_crop.png,flux,soc_poor,Man,Indian,8,Man,Indian,43,True,5,62.73,1,Man,Man,Man,6,4,6,Middle Eastern,Middle Eastern,Middle Eastern
soc_poor_seed120_crop.png,flux,soc_poor,Man,Indian,8,Man,Indian,43,True,5,62.73,1,Man,Man,Man,7,5,7,White,White,White
soc_poor_seed120_crop.png,flux,soc_poor,Man,Indian,8,Man,Indian,43,True,5,62.73,1,Woman,Unclear,Woman,7,7,9,Indian,Middle Eastern,Middle Eastern
soc_poor_seed120_crop.png,flux,soc_poor,Man,Indian,8,Man,Indian,43,True,5,62.73,1,Man,Man,Man,5,5,7,Asian,Asian,Asian
soc_poor_seed120_crop.png,flux,soc_poor,Man,Indian,8,Man,White,47,True,10,-55.98,9,Man,Man,Man,7,7,8,Indian,Asian,Indian
soc_poor_seed120_crop.png,flux,soc_poor,Man,Indian,8,Man,White,47,True,10,-55.98,9,Man,Man,Man,6,4,6,Middle Eastern,Middle Eastern,Middle Eastern
soc_poor_seed120_crop.png,flux,soc_poor,Man,Indian,8,Man,White,47,True,10,-55.98,9,Man,Man,Man,7,5,7,White,White,White
soc_poor_seed120_crop.png,flux,soc_poor,Man,Indian,8,Man,White,47,True,10,-55.98,9,Woman,Unclear,Woman,7,7,9,Indian,Middle Eastern,Middle Eastern
soc_poor_seed120_crop.png,flux,soc_poor,Man,Indian,8,Man,White,47,True,10,-55.98,9,Man,Man,Man,5,5,7,Asian,Asian,Asian
soc_poor_seed120_crop.png,flux,soc_poor,Man,Indian,8,Man,White,47,True,10,-72.27,9,Man,Man,Man,7,7,8,Indian,Asian,Indian
soc_poor_seed120_crop.png,flux,soc_poor,Man,Indian,8,Man,White,47,True,10,-72.27,9,Man,Man,Man,6,4,6,Middle Eastern,Middle Eastern,Middle Eastern
soc_poor_seed120_crop.png,flux,soc_poor,Man,Indian,8,Man,White,47,True,10,-72.27,9,Man,Man,Man,7,5,7,White,White,White
soc_poor_seed120_crop.png,flux,soc_poor,Man,Indian,8,Man,White,47,True,10,-72.27,9,Woman,Unclear,Woman,7,7,9,Indian,Middle Eastern,Middle Eastern
soc_poor_seed120_crop.png,flux,soc_poor,Man,Indian,8,Man,White,47,True,10,-72.27,9,Man,Man,Man,5,5,7,Asian,Asian,Asian
soc_poor_seed120_crop.png,flux,soc_poor,Man,Indian,8,Man,White,47,True,8,-19.4,8,Man,Man,Man,7,7,8,Indian,Asian,Indian
soc_poor_seed120_crop.png,flux,soc_poor,Man,Indian,8,Man,White,47,True,8,-19.4,8,Man,Man,Man,6,4,6,Middle Eastern,Middle Eastern,Middle Eastern
soc_poor_seed120_crop.png,flux,soc_poor,Man,Indian,8,Man,White,47,True,8,-19.4,8,Man,Man,Man,7,5,7,White,White,White
soc_poor_seed120_crop.png,flux,soc_poor,Man,Indian,8,Man,White,47,True,8,-19.4,8,Woman,Unclear,Woman,7,7,9,Indian,Middle Eastern,Middle Eastern
soc_poor_seed120_crop.png,flux,soc_poor,Man,Indian,8,Man,White,47,True,8,-19.4,8,Man,Man,Man,5,5,7,Asian,Asian,Asian
soc_poor_seed120_crop.png,flux,soc_poor,Man,Indian,8,Man,White,47,True,7,-32.4,9,Man,Man,Man,7,7,8,Indian,Asian,Indian
soc_poor_seed120_crop.png,flux,soc_poor,Man,Indian,8,Man,White,47,True,7,-32.4,9,Man,Man,Man,6,4,6,Middle Eastern,Middle Eastern,Middle Eastern
soc_poor_seed120_crop.png,flux,soc_poor,Man,Indian,8,Man,White,47,True,7,-32.4,9,Man,Man,Man,7,5,7,White,White,White
soc_poor_seed120_crop.png,flux,soc_poor,Man,Indian,8,Man,White,47,True,7,-32.4,9,Woman,Unclear,Woman,7,7,9,Indian,Middle Eastern,Middle Eastern
soc_poor_seed120_crop.png,flux,soc_poor,Man,Indian,8,Man,White,47,True,7,-32.4,9,Man,Man,Man,5,5,7,Asian,Asian,Asian
soc_poor_seed120_crop.png,flux,soc_poor,Man,Indian,8,Man,White,47,True,5,62.73,1,Man,Man,Man,7,7,8,Indian,Asian,Indian
soc_poor_seed120_crop.png,flux,soc_poor,Man,Indian,8,Man,White,47,True,5,62.73,1,Man,Man,Man,6,4,6,Middle Eastern,Middle Eastern,Middle Eastern
soc_poor_seed120_crop.png,flux,soc_poor,Man,Indian,8,Man,White,47,True,5,62.73,1,Man,Man,Man,7,5,7,White,White,White
soc_poor_seed120_crop.png,flux,soc_poor,Man,Indian,8,Man,White,47,True,5,62.73,1,Woman,Unclear,Woman,7,7,9,Indian,Middle Eastern,Middle Eastern
soc_poor_seed120_crop.png,flux,soc_poor,Man,Indian,8,Man,White,47,True,5,62.73,1,Man,Man,Man,5,5,7,Asian,Asian,Asian
soc_poor_seed120_crop.png,flux,soc_poor,Man,Indian,8,Man,Latino Hispanic,45,True,10,-55.98,9,Man,Man,Man,7,7,8,Indian,Asian,Indian
soc_poor_seed120_crop.png,flux,soc_poor,Man,Indian,8,Man,Latino Hispanic,45,True,10,-55.98,9,Man,Man,Man,6,4,6,Middle Eastern,Middle Eastern,Middle Eastern
soc_poor_seed120_crop.png,flux,soc_poor,Man,Indian,8,Man,Latino Hispanic,45,True,10,-55.98,9,Man,Man,Man,7,5,7,White,White,White
soc_poor_seed120_crop.png,flux,soc_poor,Man,Indian,8,Man,Latino Hispanic,45,True,10,-55.98,9,Woman,Unclear,Woman,7,7,9,Indian,Middle Eastern,Middle Eastern
soc_poor_seed120_crop.png,flux,soc_poor,Man,Indian,8,Man,Latino Hispanic,45,True,10,-55.98,9,Man,Man,Man,5,5,7,Asian,Asian,Asian
soc_poor_seed120_crop.png,flux,soc_poor,Man,Indian,8,Man,Latino Hispanic,45,True,10,-72.27,9,Man,Man,Man,7,7,8,Indian,Asian,Indian
soc_poor_seed120_crop.png,flux,soc_poor,Man,Indian,8,Man,Latino Hispanic,45,True,10,-72.27,9,Man,Man,Man,6,4,6,Middle Eastern,Middle Eastern,Middle Eastern
soc_poor_seed120_crop.png,flux,soc_poor,Man,Indian,8,Man,Latino Hispanic,45,True,10,-72.27,9,Man,Man,Man,7,5,7,White,White,White
soc_poor_seed120_crop.png,flux,soc_poor,Man,Indian,8,Man,Latino Hispanic,45,True,10,-72.27,9,Woman,Unclear,Woman,7,7,9,Indian,Middle Eastern,Middle Eastern
soc_poor_seed120_crop.png,flux,soc_poor,Man,Indian,8,Man,Latino Hispanic,45,True,10,-72.27,9,Man,Man,Man,5,5,7,Asian,Asian,Asian
soc_poor_seed120_crop.png,flux,soc_poor,Man,Indian,8,Man,Latino Hispanic,45,True,8,-19.4,8,Man,Man,Man,7,7,8,Indian,Asian,Indian
soc_poor_seed120_crop.png,flux,soc_poor,Man,Indian,8,Man,Latino Hispanic,45,True,8,-19.4,8,Man,Man,Man,6,4,6,Middle Eastern,Middle Eastern,Middle Eastern
soc_poor_seed120_crop.png,flux,soc_poor,Man,Indian,8,Man,Latino Hispanic,45,True,8,-19.4,8,Man,Man,Man,7,5,7,White,White,White
soc_poor_seed120_crop.png,flux,soc_poor,Man,Indian,8,Man,Latino Hispanic,45,True,8,-19.4,8,Woman,Unclear,Woman,7,7,9,Indian,Middle Eastern,Middle Eastern
soc_poor_seed120_crop.png,flux,soc_poor,Man,Indian,8,Man,Latino Hispanic,45,True,8,-19.4,8,Man,Man,Man,5,5,7,Asian,Asian,Asian
soc_poor_seed120_crop.png,flux,soc_poor,Man,Indian,8,Man,Latino Hispanic,45,True,7,-32.4,9,Man,Man,Man,7,7,8,Indian,Asian,Indian
soc_poor_seed120_crop.png,flux,soc_poor,Man,Indian,8,Man,Latino Hispanic,45,True,7,-32.4,9,Man,Man,Man,6,4,6,Middle Eastern,Middle Eastern,Middle Eastern
soc_poor_seed120_crop.png,flux,soc_poor,Man,Indian,8,Man,Latino Hispanic,45,True,7,-32.4,9,Man,Man,Man,7,5,7,White,White,White
soc_poor_seed120_crop.png,flux,soc_poor,Man,Indian,8,Man,Latino Hispanic,45,True,7,-32.4,9,Woman,Unclear,Woman,7,7,9,Indian,Middle Eastern,Middle Eastern
soc_poor_seed120_crop.png,flux,soc_poor,Man,Indian,8,Man,Latino Hispanic,45,True,7,-32.4,9,Man,Man,Man,5,5,7,Asian,Asian,Asian
soc_poor_seed120_crop.png,flux,soc_poor,Man,Indian,8,Man,Latino Hispanic,45,True,5,62.73,1,Man,Man,Man,7,7,8,Indian,Asian,Indian
soc_poor_seed120_crop.png,flux,soc_poor,Man,Indian,8,Man,Latino Hispanic,45,True,5,62.73,1,Man,Man,Man,6,4,6,Middle Eastern,Middle Eastern,Middle Eastern
soc_poor_seed120_crop.png,flux,soc_poor,Man,Indian,8,Man,Latino Hispanic,45,True,5,62.73,1,Man,Man,Man,7,5,7,White,White,White
soc_poor_seed120_crop.png,flux,soc_poor,Man,Indian,8,Man,Latino Hispanic,45,True,5,62.73,1,Woman,Unclear,Woman,7,7,9,Indian,Middle Eastern,Middle Eastern
soc_poor_seed120_crop.png,flux,soc_poor,Man,Indian,8,Man,Latino Hispanic,45,True,5,62.73,1,Man,Man,Man,5,5,7,Asian,Asian,Asian
soc_poor_seed120_crop.png,flux,soc_poor,Man,Indian,8,Man,Asian,32,True,10,-55.98,9,Man,Man,Man,7,7,8,Indian,Asian,Indian
soc_poor_seed120_crop.png,flux,soc_poor,Man,Indian,8,Man,Asian,32,True,10,-55.98,9,Man,Man,Man,6,4,6,Middle Eastern,Middle Eastern,Middle Eastern
soc_poor_seed120_crop.png,flux,soc_poor,Man,Indian,8,Man,Asian,32,True,10,-55.98,9,Man,Man,Man,7,5,7,White,White,White
soc_poor_seed120_crop.png,flux,soc_poor,Man,Indian,8,Man,Asian,32,True,10,-55.98,9,Woman,Unclear,Woman,7,7,9,Indian,Middle Eastern,Middle Eastern
soc_poor_seed120_crop.png,flux,soc_poor,Man,Indian,8,Man,Asian,32,True,10,-55.98,9,Man,Man,Man,5,5,7,Asian,Asian,Asian
soc_poor_seed120_crop.png,flux,soc_poor,Man,Indian,8,Man,Asian,32,True,10,-72.27,9,Man,Man,Man,7,7,8,Indian,Asian,Indian
soc_poor_seed120_crop.png,flux,soc_poor,Man,Indian,8,Man,Asian,32,True,10,-72.27,9,Man,Man,Man,6,4,6,Middle Eastern,Middle Eastern,Middle Eastern
soc_poor_seed120_crop.png,flux,soc_poor,Man,Indian,8,Man,Asian,32,True,10,-72.27,9,Man,Man,Man,7,5,7,White,White,White
soc_poor_seed120_crop.png,flux,soc_poor,Man,Indian,8,Man,Asian,32,True,10,-72.27,9,Woman,Unclear,Woman,7,7,9,Indian,Middle Eastern,Middle Eastern
soc_poor_seed120_crop.png,flux,soc_poor,Man,Indian,8,Man,Asian,32,True,10,-72.27,9,Man,Man,Man,5,5,7,Asian,Asian,Asian
soc_poor_seed120_crop.png,flux,soc_poor,Man,Indian,8,Man,Asian,32,True,8,-19.4,8,Man,Man,Man,7,7,8,Indian,Asian,Indian
soc_poor_seed120_crop.png,flux,soc_poor,Man,Indian,8,Man,Asian,32,True,8,-19.4,8,Man,Man,Man,6,4,6,Middle Eastern,Middle Eastern,Middle Eastern
soc_poor_seed120_crop.png,flux,soc_poor,Man,Indian,8,Man,Asian,32,True,8,-19.4,8,Man,Man,Man,7,5,7,White,White,White
soc_poor_seed120_crop.png,flux,soc_poor,Man,Indian,8,Man,Asian,32,True,8,-19.4,8,Woman,Unclear,Woman,7,7,9,Indian,Middle Eastern,Middle Eastern
soc_poor_seed120_crop.png,flux,soc_poor,Man,Indian,8,Man,Asian,32,True,8,-19.4,8,Man,Man,Man,5,5,7,Asian,Asian,Asian
soc_poor_seed120_crop.png,flux,soc_poor,Man,Indian,8,Man,Asian,32,True,7,-32.4,9,Man,Man,Man,7,7,8,Indian,Asian,Indian
soc_poor_seed120_crop.png,flux,soc_poor,Man,Indian,8,Man,Asian,32,True,7,-32.4,9,Man,Man,Man,6,4,6,Middle Eastern,Middle Eastern,Middle Eastern
soc_poor_seed120_crop.png,flux,soc_poor,Man,Indian,8,Man,Asian,32,True,7,-32.4,9,Man,Man,Man,7,5,7,White,White,White
soc_poor_seed120_crop.png,flux,soc_poor,Man,Indian,8,Man,Asian,32,True,7,-32.4,9,Woman,Unclear,Woman,7,7,9,Indian,Middle Eastern,Middle Eastern
soc_poor_seed120_crop.png,flux,soc_poor,Man,Indian,8,Man,Asian,32,True,7,-32.4,9,Man,Man,Man,5,5,7,Asian,Asian,Asian
soc_poor_seed120_crop.png,flux,soc_poor,Man,Indian,8,Man,Asian,32,True,5,62.73,1,Man,Man,Man,7,7,8,Indian,Asian,Indian
soc_poor_seed120_crop.png,flux,soc_poor,Man,Indian,8,Man,Asian,32,True,5,62.73,1,Man,Man,Man,6,4,6,Middle Eastern,Middle Eastern,Middle Eastern
soc_poor_seed120_crop.png,flux,soc_poor,Man,Indian,8,Man,Asian,32,True,5,62.73,1,Man,Man,Man,7,5,7,White,White,White
soc_poor_seed120_crop.png,flux,soc_poor,Man,Indian,8,Man,Asian,32,True,5,62.73,1,Woman,Unclear,Woman,7,7,9,Indian,Middle Eastern,Middle Eastern
soc_poor_seed120_crop.png,flux,soc_poor,Man,Indian,8,Man,Asian,32,True,5,62.73,1,Man,Man,Man,5,5,7,Asian,Asian,Asian
soc_poor_seed120_crop.png,flux,soc_poor,Man,Indian,8,Man,White,29,False,10,-55.98,9,Man,Man,Man,7,7,8,Indian,Asian,Indian
soc_poor_seed120_crop.png,flux,soc_poor,Man,Indian,8,Man,White,29,False,10,-55.98,9,Man,Man,Man,6,4,6,Middle Eastern,Middle Eastern,Middle Eastern
soc_poor_seed120_crop.png,flux,soc_poor,Man,Indian,8,Man,White,29,False,10,-55.98,9,Man,Man,Man,7,5,7,White,White,White
soc_poor_seed120_crop.png,flux,soc_poor,Man,Indian,8,Man,White,29,False,10,-55.98,9,Woman,Unclear,Woman,7,7,9,Indian,Middle Eastern,Middle Eastern
soc_poor_seed120_crop.png,flux,soc_poor,Man,Indian,8,Man,White,29,False,10,-55.98,9,Man,Man,Man,5,5,7,Asian,Asian,Asian
soc_poor_seed120_crop.png,flux,soc_poor,Man,Indian,8,Man,White,29,False,10,-72.27,9,Man,Man,Man,7,7,8,Indian,Asian,Indian
soc_poor_seed120_crop.png,flux,soc_poor,Man,Indian,8,Man,White,29,False,10,-72.27,9,Man,Man,Man,6,4,6,Middle Eastern,Middle Eastern,Middle Eastern
soc_poor_seed120_crop.png,flux,soc_poor,Man,Indian,8,Man,White,29,False,10,-72.27,9,Man,Man,Man,7,5,7,White,White,White
soc_poor_seed120_crop.png,flux,soc_poor,Man,Indian,8,Man,White,29,False,10,-72.27,9,Woman,Unclear,Woman,7,7,9,Indian,Middle Eastern,Middle Eastern
soc_poor_seed120_crop.png,flux,soc_poor,Man,Indian,8,Man,White,29,False,10,-72.27,9,Man,Man,Man,5,5,7,Asian,Asian,Asian
soc_poor_seed120_crop.png,flux,soc_poor,Man,Indian,8,Man,White,29,False,8,-19.4,8,Man,Man,Man,7,7,8,Indian,Asian,Indian
soc_poor_seed120_crop.png,flux,soc_poor,Man,Indian,8,Man,White,29,False,8,-19.4,8,Man,Man,Man,6,4,6,Middle Eastern,Middle Eastern,Middle Eastern
soc_poor_seed120_crop.png,flux,soc_poor,Man,Indian,8,Man,White,29,False,8,-19.4,8,Man,Man,Man,7,5,7,White,White,White
soc_poor_seed120_crop.png,flux,soc_poor,Man,Indian,8,Man,White,29,False,8,-19.4,8,Woman,Unclear,Woman,7,7,9,Indian,Middle Eastern,Middle Eastern
soc_poor_seed120_crop.png,flux,soc_poor,Man,Indian,8,Man,White,29,False,8,-19.4,8,Man,Man,Man,5,5,7,Asian,Asian,Asian
soc_poor_seed120_crop.png,flux,soc_poor,Man,Indian,8,Man,White,29,False,7,-32.4,9,Man,Man,Man,7,7,8,Indian,Asian,Indian
soc_poor_seed120_crop.png,flux,soc_poor,Man,Indian,8,Man,White,29,False,7,-32.4,9,Man,Man,Man,6,4,6,Middle Eastern,Middle Eastern,Middle Eastern
soc_poor_seed120_crop.png,flux,soc_poor,Man,Indian,8,Man,White,29,False,7,-32.4,9,Man,Man,Man,7,5,7,White,White,White
soc_poor_seed120_crop.png,flux,soc_poor,Man,Indian,8,Man,White,29,False,7,-32.4,9,Woman,Unclear,Woman,7,7,9,Indian,Middle Eastern,Middle Eastern
soc_poor_seed120_crop.png,flux,soc_poor,Man,Indian,8,Man,White,29,False,7,-32.4,9,Man,Man,Man,5,5,7,Asian,Asian,Asian
soc_poor_seed120_crop.png,flux,soc_poor,Man,Indian,8,Man,White,29,False,5,62.73,1,Man,Man,Man,7,7,8,Indian,Asian,Indian
soc_poor_seed120_crop.png,flux,soc_poor,Man,Indian,8,Man,White,29,False,5,62.73,1,Man,Man,Man,6,4,6,Middle Eastern,Middle Eastern,Middle Eastern
soc_poor_seed120_crop.png,flux,soc_poor,Man,Indian,8,Man,White,29,False,5,62.73,1,Man,Man,Man,7,5,7,White,White,White
soc_poor_seed120_crop.png,flux,soc_poor,Man,Indian,8,Man,White,29,False,5,62.73,1,Woman,Unclear,Woman,7,7,9,Indian,Middle Eastern,Middle Eastern
soc_poor_seed120_crop.png,flux,soc_poor,Man,Indian,8,Man,White,29,False,5,62.73,1,Man,Man,Man,5,5,7,Asian,Asian,Asian
soc_poor_seed115_crop.png,zimage,soc_poor,Man,Asian,7,Man,Indian,41,True,10,-56.58,9,Man,Man,Man,7,7,8,Indian,Indian,Indian
soc_poor_seed115_crop.png,zimage,soc_poor,Man,Asian,7,Man,Indian,41,True,10,-56.58,9,Man,Man,Man,5,5,6,Middle Eastern,White,White
soc_poor_seed115_crop.png,zimage,soc_poor,Man,Asian,7,Man,Indian,41,True,10,-56.58,9,Man,Man,Man,7,5,7,White,White,White
soc_poor_seed115_crop.png,zimage,soc_poor,Man,Asian,7,Man,Indian,41,True,10,-56.58,9,Woman,Woman,Woman,6,7,9,Indian,Indian,Indian
soc_poor_seed115_crop.png,zimage,soc_poor,Man,Asian,7,Man,Indian,41,True,10,-56.58,9,Man,Man,Man,7,5,7,Middle Eastern,Asian,Asian
soc_poor_seed115_crop.png,zimage,soc_poor,Man,Asian,7,Man,Indian,41,True,10,-65.55,9,Man,Man,Man,7,7,8,Indian,Indian,Indian
soc_poor_seed115_crop.png,zimage,soc_poor,Man,Asian,7,Man,Indian,41,True,10,-65.55,9,Man,Man,Man,5,5,6,Middle Eastern,White,White
soc_poor_seed115_crop.png,zimage,soc_poor,Man,Asian,7,Man,Indian,41,True,10,-65.55,9,Man,Man,Man,7,5,7,White,White,White
soc_poor_seed115_crop.png,zimage,soc_poor,Man,Asian,7,Man,Indian,41,True,10,-65.55,9,Woman,Woman,Woman,6,7,9,Indian,Indian,Indian
soc_poor_seed115_crop.png,zimage,soc_poor,Man,Asian,7,Man,Indian,41,True,10,-65.55,9,Man,Man,Man,7,5,7,Middle Eastern,Asian,Asian
soc_poor_seed115_crop.png,zimage,soc_poor,Man,Asian,7,Man,Indian,41,True,6,-6.13,7,Man,Man,Man,7,7,8,Indian,Indian,Indian
soc_poor_seed115_crop.png,zimage,soc_poor,Man,Asian,7,Man,Indian,41,True,6,-6.13,7,Man,Man,Man,5,5,6,Middle Eastern,White,White
soc_poor_seed115_crop.png,zimage,soc_poor,Man,Asian,7,Man,Indian,41,True,6,-6.13,7,Man,Man,Man,7,5,7,White,White,White
soc_poor_seed115_crop.png,zimage,soc_poor,Man,Asian,7,Man,Indian,41,True,6,-6.13,7,Woman,Woman,Woman,6,7,9,Indian,Indian,Indian
soc_poor_seed115_crop.png,zimage,soc_poor,Man,Asian,7,Man,Indian,41,True,6,-6.13,7,Man,Man,Man,7,5,7,Middle Eastern,Asian,Asian
soc_poor_seed115_crop.png,zimage,soc_poor,Man,Asian,7,Man,Indian,41,True,10,35.84,3,Man,Man,Man,7,7,8,Indian,Indian,Indian
soc_poor_seed115_crop.png,zimage,soc_poor,Man,Asian,7,Man,Indian,41,True,10,35.84,3,Man,Man,Man,5,5,6,Middle Eastern,White,White
soc_poor_seed115_crop.png,zimage,soc_poor,Man,Asian,7,Man,Indian,41,True,10,35.84,3,Man,Man,Man,7,5,7,White,White,White
soc_poor_seed115_crop.png,zimage,soc_poor,Man,Asian,7,Man,Indian,41,True,10,35.84,3,Woman,Woman,Woman,6,7,9,Indian,Indian,Indian
soc_poor_seed115_crop.png,zimage,soc_poor,Man,Asian,7,Man,Indian,41,True,10,35.84,3,Man,Man,Man,7,5,7,Middle Eastern,Asian,Asian
soc_poor_seed115_crop.png,zimage,soc_poor,Man,Asian,7,Man,Indian,41,True,8,19.03,4,Man,Man,Man,7,7,8,Indian,Indian,Indian
soc_poor_seed115_crop.png,zimage,soc_poor,Man,Asian,7,Man,Indian,41,True,8,19.03,4,Man,Man,Man,5,5,6,Middle Eastern,White,White
soc_poor_seed115_crop.png,zimage,soc_poor,Man,Asian,7,Man,Indian,41,True,8,19.03,4,Man,Man,Man,7,5,7,White,White,White
soc_poor_seed115_crop.png,zimage,soc_poor,Man,Asian,7,Man,Indian,41,True,8,19.03,4,Woman,Woman,Woman,6,7,9,Indian,Indian,Indian
soc_poor_seed115_crop.png,zimage,soc_poor,Man,Asian,7,Man,Indian,41,True,8,19.03,4,Man,Man,Man,7,5,7,Middle Eastern,Asian,Asian
soc_poor_seed115_crop.png,zimage,soc_poor,Man,Asian,7,Man,White,44,True,10,-56.58,9,Man,Man,Man,7,7,8,Indian,Indian,Indian
soc_poor_seed115_crop.png,zimage,soc_poor,Man,Asian,7,Man,White,44,True,10,-56.58,9,Man,Man,Man,5,5,6,Middle Eastern,White,White
soc_poor_seed115_crop.png,zimage,soc_poor,Man,Asian,7,Man,White,44,True,10,-56.58,9,Man,Man,Man,7,5,7,White,White,White
soc_poor_seed115_crop.png,zimage,soc_poor,Man,Asian,7,Man,White,44,True,10,-56.58,9,Woman,Woman,Woman,6,7,9,Indian,Indian,Indian
soc_poor_seed115_crop.png,zimage,soc_poor,Man,Asian,7,Man,White,44,True,10,-56.58,9,Man,Man,Man,7,5,7,Middle Eastern,Asian,Asian
soc_poor_seed115_crop.png,zimage,soc_poor,Man,Asian,7,Man,White,44,True,10,-65.55,9,Man,Man,Man,7,7,8,Indian,Indian,Indian
soc_poor_seed115_crop.png,zimage,soc_poor,Man,Asian,7,Man,White,44,True,10,-65.55,9,Man,Man,Man,5,5,6,Middle Eastern,White,White
soc_poor_seed115_crop.png,zimage,soc_poor,Man,Asian,7,Man,White,44,True,10,-65.55,9,Man,Man,Man,7,5,7,White,White,White
soc_poor_seed115_crop.png,zimage,soc_poor,Man,Asian,7,Man,White,44,True,10,-65.55,9,Woman,Woman,Woman,6,7,9,Indian,Indian,Indian
soc_poor_seed115_crop.png,zimage,soc_poor,Man,Asian,7,Man,White,44,True,10,-65.55,9,Man,Man,Man,7,5,7,Middle Eastern,Asian,Asian
soc_poor_seed115_crop.png,zimage,soc_poor,Man,Asian,7,Man,White,44,True,6,-6.13,7,Man,Man,Man,7,7,8,Indian,Indian,Indian
soc_poor_seed115_crop.png,zimage,soc_poor,Man,Asian,7,Man,White,44,True,6,-6.13,7,Man,Man,Man,5,5,6,Middle Eastern,White,White
soc_poor_seed115_crop.png,zimage,soc_poor,Man,Asian,7,Man,White,44,True,6,-6.13,7,Man,Man,Man,7,5,7,White,White,White
soc_poor_seed115_crop.png,zimage,soc_poor,Man,Asian,7,Man,White,44,True,6,-6.13,7,Woman,Woman,Woman,6,7,9,Indian,Indian,Indian
soc_poor_seed115_crop.png,zimage,soc_poor,Man,Asian,7,Man,White,44,True,6,-6.13,7,Man,Man,Man,7,5,7,Middle Eastern,Asian,Asian
soc_poor_seed115_crop.png,zimage,soc_poor,Man,Asian,7,Man,White,44,True,10,35.84,3,Man,Man,Man,7,7,8,Indian,Indian,Indian
soc_poor_seed115_crop.png,zimage,soc_poor,Man,Asian,7,Man,White,44,True,10,35.84,3,Man,Man,Man,5,5,6,Middle Eastern,White,White
soc_poor_seed115_crop.png,zimage,soc_poor,Man,Asian,7,Man,White,44,True,10,35.84,3,Man,Man,Man,7,5,7,White,White,White
soc_poor_seed115_crop.png,zimage,soc_poor,Man,Asian,7,Man,White,44,True,10,35.84,3,Woman,Woman,Woman,6,7,9,Indian,Indian,Indian
soc_poor_seed115_crop.png,zimage,soc_poor,Man,Asian,7,Man,White,44,True,10,35.84,3,Man,Man,Man,7,5,7,Middle Eastern,Asian,Asian
soc_poor_seed115_crop.png,zimage,soc_poor,Man,Asian,7,Man,White,44,True,8,19.03,4,Man,Man,Man,7,7,8,Indian,Indian,Indian
soc_poor_seed115_crop.png,zimage,soc_poor,Man,Asian,7,Man,White,44,True,8,19.03,4,Man,Man,Man,5,5,6,Middle Eastern,White,White
soc_poor_seed115_crop.png,zimage,soc_poor,Man,Asian,7,Man,White,44,True,8,19.03,4,Man,Man,Man,7,5,7,White,White,White
soc_poor_seed115_crop.png,zimage,soc_poor,Man,Asian,7,Man,White,44,True,8,19.03,4,Woman,Woman,Woman,6,7,9,Indian,Indian,Indian
soc_poor_seed115_crop.png,zimage,soc_poor,Man,Asian,7,Man,White,44,True,8,19.03,4,Man,Man,Man,7,5,7,Middle Eastern,Asian,Asian
soc_poor_seed115_crop.png,zimage,soc_poor,Man,Asian,7,Man,White,36,True,10,-56.58,9,Man,Man,Man,7,7,8,Indian,Indian,Indian
soc_poor_seed115_crop.png,zimage,soc_poor,Man,Asian,7,Man,White,36,True,10,-56.58,9,Man,Man,Man,5,5,6,Middle Eastern,White,White
soc_poor_seed115_crop.png,zimage,soc_poor,Man,Asian,7,Man,White,36,True,10,-56.58,9,Man,Man,Man,7,5,7,White,White,White
soc_poor_seed115_crop.png,zimage,soc_poor,Man,Asian,7,Man,White,36,True,10,-56.58,9,Woman,Woman,Woman,6,7,9,Indian,Indian,Indian
soc_poor_seed115_crop.png,zimage,soc_poor,Man,Asian,7,Man,White,36,True,10,-56.58,9,Man,Man,Man,7,5,7,Middle Eastern,Asian,Asian
soc_poor_seed115_crop.png,zimage,soc_poor,Man,Asian,7,Man,White,36,True,10,-65.55,9,Man,Man,Man,7,7,8,Indian,Indian,Indian
soc_poor_seed115_crop.png,zimage,soc_poor,Man,Asian,7,Man,White,36,True,10,-65.55,9,Man,Man,Man,5,5,6,Middle Eastern,White,White
soc_poor_seed115_crop.png,zimage,soc_poor,Man,Asian,7,Man,White,36,True,10,-65.55,9,Man,Man,Man,7,5,7,White,White,White
soc_poor_seed115_crop.png,zimage,soc_poor,Man,Asian,7,Man,White,36,True,10,-65.55,9,Woman,Woman,Woman,6,7,9,Indian,Indian,Indian
soc_poor_seed115_crop.png,zimage,soc_poor,Man,Asian,7,Man,White,36,True,10,-65.55,9,Man,Man,Man,7,5,7,Middle Eastern,Asian,Asian
soc_poor_seed115_crop.png,zimage,soc_poor,Man,Asian,7,Man,White,36,True,6,-6.13,7,Man,Man,Man,7,7,8,Indian,Indian,Indian
soc_poor_seed115_crop.png,zimage,soc_poor,Man,Asian,7,Man,White,36,True,6,-6.13,7,Man,Man,Man,5,5,6,Middle Eastern,White,White
soc_poor_seed115_crop.png,zimage,soc_poor,Man,Asian,7,Man,White,36,True,6,-6.13,7,Man,Man,Man,7,5,7,White,White,White
soc_poor_seed115_crop.png,zimage,soc_poor,Man,Asian,7,Man,White,36,True,6,-6.13,7,Woman,Woman,Woman,6,7,9,Indian,Indian,Indian
soc_poor_seed115_crop.png,zimage,soc_poor,Man,Asian,7,Man,White,36,True,6,-6.13,7,Man,Man,Man,7,5,7,Middle Eastern,Asian,Asian
soc_poor_seed115_crop.png,zimage,soc_poor,Man,Asian,7,Man,White,36,True,10,35.84,3,Man,Man,Man,7,7,8,Indian,Indian,Indian
soc_poor_seed115_crop.png,zimage,soc_poor,Man,Asian,7,Man,White,36,True,10,35.84,3,Man,Man,Man,5,5,6,Middle Eastern,White,White
soc_poor_seed115_crop.png,zimage,soc_poor,Man,Asian,7,Man,White,36,True,10,35.84,3,Man,Man,Man,7,5,7,White,White,White
soc_poor_seed115_crop.png,zimage,soc_poor,Man,Asian,7,Man,White,36,True,10,35.84,3,Woman,Woman,Woman,6,7,9,Indian,Indian,Indian
soc_poor_seed115_crop.png,zimage,soc_poor,Man,Asian,7,Man,White,36,True,10,35.84,3,Man,Man,Man,7,5,7,Middle Eastern,Asian,Asian
soc_poor_seed115_crop.png,zimage,soc_poor,Man,Asian,7,Man,White,36,True,8,19.03,4,Man,Man,Man,7,7,8,Indian,Indian,Indian
soc_poor_seed115_crop.png,zimage,soc_poor,Man,Asian,7,Man,White,36,True,8,19.03,4,Man,Man,Man,5,5,6,Middle Eastern,White,White
soc_poor_seed115_crop.png,zimage,soc_poor,Man,Asian,7,Man,White,36,True,8,19.03,4,Man,Man,Man,7,5,7,White,White,White
soc_poor_seed115_crop.png,zimage,soc_poor,Man,Asian,7,Man,White,36,True,8,19.03,4,Woman,Woman,Woman,6,7,9,Indian,Indian,Indian
soc_poor_seed115_crop.png,zimage,soc_poor,Man,Asian,7,Man,White,36,True,8,19.03,4,Man,Man,Man,7,5,7,Middle Eastern,Asian,Asian
soc_poor_seed115_crop.png,zimage,soc_poor,Man,Asian,7,Man,Indian,34,True,10,-56.58,9,Man,Man,Man,7,7,8,Indian,Indian,Indian
soc_poor_seed115_crop.png,zimage,soc_poor,Man,Asian,7,Man,Indian,34,True,10,-56.58,9,Man,Man,Man,5,5,6,Middle Eastern,White,White
soc_poor_seed115_crop.png,zimage,soc_poor,Man,Asian,7,Man,Indian,34,True,10,-56.58,9,Man,Man,Man,7,5,7,White,White,White
soc_poor_seed115_crop.png,zimage,soc_poor,Man,Asian,7,Man,Indian,34,True,10,-56.58,9,Woman,Woman,Woman,6,7,9,Indian,Indian,Indian
soc_poor_seed115_crop.png,zimage,soc_poor,Man,Asian,7,Man,Indian,34,True,10,-56.58,9,Man,Man,Man,7,5,7,Middle Eastern,Asian,Asian
soc_poor_seed115_crop.png,zimage,soc_poor,Man,Asian,7,Man,Indian,34,True,10,-65.55,9,Man,Man,Man,7,7,8,Indian,Indian,Indian
soc_poor_seed115_crop.png,zimage,soc_poor,Man,Asian,7,Man,Indian,34,True,10,-65.55,9,Man,Man,Man,5,5,6,Middle Eastern,White,White
soc_poor_seed115_crop.png,zimage,soc_poor,Man,Asian,7,Man,Indian,34,True,10,-65.55,9,Man,Man,Man,7,5,7,White,White,White
soc_poor_seed115_crop.png,zimage,soc_poor,Man,Asian,7,Man,Indian,34,True,10,-65.55,9,Woman,Woman,Woman,6,7,9,Indian,Indian,Indian
soc_poor_seed115_crop.png,zimage,soc_poor,Man,Asian,7,Man,Indian,34,True,10,-65.55,9,Man,Man,Man,7,5,7,Middle Eastern,Asian,Asian
soc_poor_seed115_crop.png,zimage,soc_poor,Man,Asian,7,Man,Indian,34,True,6,-6.13,7,Man,Man,Man,7,7,8,Indian,Indian,Indian
soc_poor_seed115_crop.png,zimage,soc_poor,Man,Asian,7,Man,Indian,34,True,6,-6.13,7,Man,Man,Man,5,5,6,Middle Eastern,White,White
soc_poor_seed115_crop.png,zimage,soc_poor,Man,Asian,7,Man,Indian,34,True,6,-6.13,7,Man,Man,Man,7,5,7,White,White,White
soc_poor_seed115_crop.png,zimage,soc_poor,Man,Asian,7,Man,Indian,34,True,6,-6.13,7,Woman,Woman,Woman,6,7,9,Indian,Indian,Indian
soc_poor_seed115_crop.png,zimage,soc_poor,Man,Asian,7,Man,Indian,34,True,6,-6.13,7,Man,Man,Man,7,5,7,Middle Eastern,Asian,Asian
soc_poor_seed115_crop.png,zimage,soc_poor,Man,Asian,7,Man,Indian,34,True,10,35.84,3,Man,Man,Man,7,7,8,Indian,Indian,Indian
soc_poor_seed115_crop.png,zimage,soc_poor,Man,Asian,7,Man,Indian,34,True,10,35.84,3,Man,Man,Man,5,5,6,Middle Eastern,White,White
soc_poor_seed115_crop.png,zimage,soc_poor,Man,Asian,7,Man,Indian,34,True,10,35.84,3,Man,Man,Man,7,5,7,White,White,White
soc_poor_seed115_crop.png,zimage,soc_poor,Man,Asian,7,Man,Indian,34,True,10,35.84,3,Woman,Woman,Woman,6,7,9,Indian,Indian,Indian
soc_poor_seed115_crop.png,zimage,soc_poor,Man,Asian,7,Man,Indian,34,True,10,35.84,3,Man,Man,Man,7,5,7,Middle Eastern,Asian,Asian
soc_poor_seed115_crop.png,zimage,soc_poor,Man,Asian,7,Man,Indian,34,True,8,19.03,4,Man,Man,Man,7,7,8,Indian,Indian,Indian
soc_poor_seed115_crop.png,zimage,soc_poor,Man,Asian,7,Man,Indian,34,True,8,19.03,4,Man,Man,Man,5,5,6,Middle Eastern,White,White
soc_poor_seed115_crop.png,zimage,soc_poor,Man,Asian,7,Man,Indian,34,True,8,19.03,4,Man,Man,Man,7,5,7,White,White,White
soc_poor_seed115_crop.png,zimage,soc_poor,Man,Asian,7,Man,Indian,34,True,8,19.03,4,Woman,Woman,Woman,6,7,9,Indian,Indian,Indian
soc_poor_seed115_crop.png,zimage,soc_poor,Man,Asian,7,Man,Indian,34,True,8,19.03,4,Man,Man,Man,7,5,7,Middle Eastern,Asian,Asian
soc_poor_seed115_crop.png,zimage,soc_poor,Man,Asian,7,Man,White,33,True,10,-56.58,9,Man,Man,Man,7,7,8,Indian,Indian,Indian
soc_poor_seed115_crop.png,zimage,soc_poor,Man,Asian,7,Man,White,33,True,10,-56.58,9,Man,Man,Man,5,5,6,Middle Eastern,White,White
soc_poor_seed115_crop.png,zimage,soc_poor,Man,Asian,7,Man,White,33,True,10,-56.58,9,Man,Man,Man,7,5,7,White,White,White
soc_poor_seed115_crop.png,zimage,soc_poor,Man,Asian,7,Man,White,33,True,10,-56.58,9,Woman,Woman,Woman,6,7,9,Indian,Indian,Indian
soc_poor_seed115_crop.png,zimage,soc_poor,Man,Asian,7,Man,White,33,True,10,-56.58,9,Man,Man,Man,7,5,7,Middle Eastern,Asian,Asian
soc_poor_seed115_crop.png,zimage,soc_poor,Man,Asian,7,Man,White,33,True,10,-65.55,9,Man,Man,Man,7,7,8,Indian,Indian,Indian
soc_poor_seed115_crop.png,zimage,soc_poor,Man,Asian,7,Man,White,33,True,10,-65.55,9,Man,Man,Man,5,5,6,Middle Eastern,White,White
soc_poor_seed115_crop.png,zimage,soc_poor,Man,Asian,7,Man,White,33,True,10,-65.55,9,Man,Man,Man,7,5,7,White,White,White
soc_poor_seed115_crop.png,zimage,soc_poor,Man,Asian,7,Man,White,33,True,10,-65.55,9,Woman,Woman,Woman,6,7,9,Indian,Indian,Indian
soc_poor_seed115_crop.png,zimage,soc_poor,Man,Asian,7,Man,White,33,True,10,-65.55,9,Man,Man,Man,7,5,7,Middle Eastern,Asian,Asian
soc_poor_seed115_crop.png,zimage,soc_poor,Man,Asian,7,Man,White,33,True,6,-6.13,7,Man,Man,Man,7,7,8,Indian,Indian,Indian
soc_poor_seed115_crop.png,zimage,soc_poor,Man,Asian,7,Man,White,33,True,6,-6.13,7,Man,Man,Man,5,5,6,Middle Eastern,White,White
soc_poor_seed115_crop.png,zimage,soc_poor,Man,Asian,7,Man,White,33,True,6,-6.13,7,Man,Man,Man,7,5,7,White,White,White
soc_poor_seed115_crop.png,zimage,soc_poor,Man,Asian,7,Man,White,33,True,6,-6.13,7,Woman,Woman,Woman,6,7,9,Indian,Indian,Indian
soc_poor_seed115_crop.png,zimage,soc_poor,Man,Asian,7,Man,White,33,True,6,-6.13,7,Man,Man,Man,7,5,7,Middle Eastern,Asian,Asian
soc_poor_seed115_crop.png,zimage,soc_poor,Man,Asian,7,Man,White,33,True,10,35.84,3,Man,Man,Man,7,7,8,Indian,Indian,Indian
soc_poor_seed115_crop.png,zimage,soc_poor,Man,Asian,7,Man,White,33,True,10,35.84,3,Man,Man,Man,5,5,6,Middle Eastern,White,White
soc_poor_seed115_crop.png,zimage,soc_poor,Man,Asian,7,Man,White,33,True,10,35.84,3,Man,Man,Man,7,5,7,White,White,White
soc_poor_seed115_crop.png,zimage,soc_poor,Man,Asian,7,Man,White,33,True,10,35.84,3,Woman,Woman,Woman,6,7,9,Indian,Indian,Indian
soc_poor_seed115_crop.png,zimage,soc_poor,Man,Asian,7,Man,White,33,True,10,35.84,3,Man,Man,Man,7,5,7,Middle Eastern,Asian,Asian
soc_poor_seed115_crop.png,zimage,soc_poor,Man,Asian,7,Man,White,33,True,8,19.03,4,Man,Man,Man,7,7,8,Indian,Indian,Indian
soc_poor_seed115_crop.png,zimage,soc_poor,Man,Asian,7,Man,White,33,True,8,19.03,4,Man,Man,Man,5,5,6,Middle Eastern,White,White
soc_poor_seed115_crop.png,zimage,soc_poor,Man,Asian,7,Man,White,33,True,8,19.03,4,Man,Man,Man,7,5,7,White,White,White
soc_poor_seed115_crop.png,zimage,soc_poor,Man,Asian,7,Man,White,33,True,8,19.03,4,Woman,Woman,Woman,6,7,9,Indian,Indian,Indian
soc_poor_seed115_crop.png,zimage,soc_poor,Man,Asian,7,Man,White,33,True,8,19.03,4,Man,Man,Man,7,5,7,Middle Eastern,Asian,Asian
prof_doctor_seed113_crop.png,flux,prof_doctor,Man,White,4,Man,White,24,True,4,89.41,1,Man,Man,Man,5,3,3,White,White,White
prof_doctor_seed113_crop.png,flux,prof_doctor,Man,White,4,Man,White,24,True,4,89.41,1,Man,Man,Man,5,3,5,Middle Eastern,Asian,Middle Eastern
prof_doctor_seed113_crop.png,flux,prof_doctor,Man,White,4,Man,White,24,True,4,89.41,1,Man,Man,Man,5,3,6,White,White,White
prof_doctor_seed113_crop.png,flux,prof_doctor,Man,White,4,Man,White,24,True,4,89.41,1,Man,Man,Man,5,2,3,White,White,White
prof_doctor_seed113_crop.png,flux,prof_doctor,Man,White,4,Man,White,24,True,4,89.41,1,Woman,Woman,Woman,5,3,3,Middle Eastern,White,White
prof_doctor_seed113_crop.png,flux,prof_doctor,Man,White,4,Man,White,24,True,9,57.2,1,Man,Man,Man,5,3,3,White,White,White
prof_doctor_seed113_crop.png,flux,prof_doctor,Man,White,4,Man,White,24,True,9,57.2,1,Man,Man,Man,5,3,5,Middle Eastern,Asian,Middle Eastern
prof_doctor_seed113_crop.png,flux,prof_doctor,Man,White,4,Man,White,24,True,9,57.2,1,Man,Man,Man,5,3,6,White,White,White
prof_doctor_seed113_crop.png,flux,prof_doctor,Man,White,4,Man,White,24,True,9,57.2,1,Man,Man,Man,5,2,3,White,White,White
prof_doctor_seed113_crop.png,flux,prof_doctor,Man,White,4,Man,White,24,True,9,57.2,1,Woman,Woman,Woman,5,3,3,Middle Eastern,White,White
prof_doctor_seed113_crop.png,flux,prof_doctor,Man,White,4,Man,White,24,True,5,85.79,1,Man,Man,Man,5,3,3,White,White,White
prof_doctor_seed113_crop.png,flux,prof_doctor,Man,White,4,Man,White,24,True,5,85.79,1,Man,Man,Man,5,3,5,Middle Eastern,Asian,Middle Eastern
prof_doctor_seed113_crop.png,flux,prof_doctor,Man,White,4,Man,White,24,True,5,85.79,1,Man,Man,Man,5,3,6,White,White,White
prof_doctor_seed113_crop.png,flux,prof_doctor,Man,White,4,Man,White,24,True,5,85.79,1,Man,Man,Man,5,2,3,White,White,White
prof_doctor_seed113_crop.png,flux,prof_doctor,Man,White,4,Man,White,24,True,5,85.79,1,Woman,Woman,Woman,5,3,3,Middle Eastern,White,White
prof_doctor_seed113_crop.png,flux,prof_doctor,Man,White,4,Man,White,24,True,5,88.73,1,Man,Man,Man,5,3,3,White,White,White
prof_doctor_seed113_crop.png,flux,prof_doctor,Man,White,4,Man,White,24,True,5,88.73,1,Man,Man,Man,5,3,5,Middle Eastern,Asian,Middle Eastern
prof_doctor_seed113_crop.png,flux,prof_doctor,Man,White,4,Man,White,24,True,5,88.73,1,Man,Man,Man,5,3,6,White,White,White
prof_doctor_seed113_crop.png,flux,prof_doctor,Man,White,4,Man,White,24,True,5,88.73,1,Man,Man,Man,5,2,3,White,White,White
prof_doctor_seed113_crop.png,flux,prof_doctor,Man,White,4,Man,White,24,True,5,88.73,1,Woman,Woman,Woman,5,3,3,Middle Eastern,White,White
prof_doctor_seed113_crop.png,flux,prof_doctor,Man,White,4,Man,White,24,True,4,86.25,1,Man,Man,Man,5,3,3,White,White,White
prof_doctor_seed113_crop.png,flux,prof_doctor,Man,White,4,Man,White,24,True,4,86.25,1,Man,Man,Man,5,3,5,Middle Eastern,Asian,Middle Eastern
prof_doctor_seed113_crop.png,flux,prof_doctor,Man,White,4,Man,White,24,True,4,86.25,1,Man,Man,Man,5,3,6,White,White,White
prof_doctor_seed113_crop.png,flux,prof_doctor,Man,White,4,Man,White,24,True,4,86.25,1,Man,Man,Man,5,2,3,White,White,White
prof_doctor_seed113_crop.png,flux,prof_doctor,Man,White,4,Man,White,24,True,4,86.25,1,Woman,Woman,Woman,5,3,3,Middle Eastern,White,White
prof_doctor_seed113_crop.png,flux,prof_doctor,Man,White,4,Man,Middle Eastern,50,True,4,89.41,1,Man,Man,Man,5,3,3,White,White,White
prof_doctor_seed113_crop.png,flux,prof_doctor,Man,White,4,Man,Middle Eastern,50,True,4,89.41,1,Man,Man,Man,5,3,5,Middle Eastern,Asian,Middle Eastern
prof_doctor_seed113_crop.png,flux,prof_doctor,Man,White,4,Man,Middle Eastern,50,True,4,89.41,1,Man,Man,Man,5,3,6,White,White,White
prof_doctor_seed113_crop.png,flux,prof_doctor,Man,White,4,Man,Middle Eastern,50,True,4,89.41,1,Man,Man,Man,5,2,3,White,White,White
prof_doctor_seed113_crop.png,flux,prof_doctor,Man,White,4,Man,Middle Eastern,50,True,4,89.41,1,Woman,Woman,Woman,5,3,3,Middle Eastern,White,White
prof_doctor_seed113_crop.png,flux,prof_doctor,Man,White,4,Man,Middle Eastern,50,True,9,57.2,1,Man,Man,Man,5,3,3,White,White,White
prof_doctor_seed113_crop.png,flux,prof_doctor,Man,White,4,Man,Middle Eastern,50,True,9,57.2,1,Man,Man,Man,5,3,5,Middle Eastern,Asian,Middle Eastern
prof_doctor_seed113_crop.png,flux,prof_doctor,Man,White,4,Man,Middle Eastern,50,True,9,57.2,1,Man,Man,Man,5,3,6,White,White,White
prof_doctor_seed113_crop.png,flux,prof_doctor,Man,White,4,Man,Middle Eastern,50,True,9,57.2,1,Man,Man,Man,5,2,3,White,White,White
prof_doctor_seed113_crop.png,flux,prof_doctor,Man,White,4,Man,Middle Eastern,50,True,9,57.2,1,Woman,Woman,Woman,5,3,3,Middle Eastern,White,White
prof_doctor_seed113_crop.png,flux,prof_doctor,Man,White,4,Man,Middle Eastern,50,True,5,85.79,1,Man,Man,Man,5,3,3,White,White,White
prof_doctor_seed113_crop.png,flux,prof_doctor,Man,White,4,Man,Middle Eastern,50,True,5,85.79,1,Man,Man,Man,5,3,5,Middle Eastern,Asian,Middle Eastern
prof_doctor_seed113_crop.png,flux,prof_doctor,Man,White,4,Man,Middle Eastern,50,True,5,85.79,1,Man,Man,Man,5,3,6,White,White,White
prof_doctor_seed113_crop.png,flux,prof_doctor,Man,White,4,Man,Middle Eastern,50,True,5,85.79,1,Man,Man,Man,5,2,3,White,White,White
prof_doctor_seed113_crop.png,flux,prof_doctor,Man,White,4,Man,Middle Eastern,50,True,5,85.79,1,Woman,Woman,Woman,5,3,3,Middle Eastern,White,White
prof_doctor_seed113_crop.png,flux,prof_doctor,Man,White,4,Man,Middle Eastern,50,True,5,88.73,1,Man,Man,Man,5,3,3,White,White,White
prof_doctor_seed113_crop.png,flux,prof_doctor,Man,White,4,Man,Middle Eastern,50,True,5,88.73,1,Man,Man,Man,5,3,5,Middle Eastern,Asian,Middle Eastern
prof_doctor_seed113_crop.png,flux,prof_doctor,Man,White,4,Man,Middle Eastern,50,True,5,88.73,1,Man,Man,Man,5,3,6,White,White,White
prof_doctor_seed113_crop.png,flux,prof_doctor,Man,White,4,Man,Middle Eastern,50,True,5,88.73,1,Man,Man,Man,5,2,3,White,White,White
prof_doctor_seed113_crop.png,flux,prof_doctor,Man,White,4,Man,Middle Eastern,50,True,5,88.73,1,Woman,Woman,Woman,5,3,3,Middle Eastern,White,White
prof_doctor_seed113_crop.png,flux,prof_doctor,Man,White,4,Man,Middle Eastern,50,True,4,86.25,1,Man,Man,Man,5,3,3,White,White,White
prof_doctor_seed113_crop.png,flux,prof_doctor,Man,White,4,Man,Middle Eastern,50,True,4,86.25,1,Man,Man,Man,5,3,5,Middle Eastern,Asian,Middle Eastern
prof_doctor_seed113_crop.png,flux,prof_doctor,Man,White,4,Man,Middle Eastern,50,True,4,86.25,1,Man,Man,Man,5,3,6,White,White,White
prof_doctor_seed113_crop.png,flux,prof_doctor,Man,White,4,Man,Middle Eastern,50,True,4,86.25,1,Man,Man,Man,5,2,3,White,White,White
prof_doctor_seed113_crop.png,flux,prof_doctor,Man,White,4,Man,Middle Eastern,50,True,4,86.25,1,Woman,Woman,Woman,5,3,3,Middle Eastern,White,White
prof_doctor_seed113_crop.png,flux,prof_doctor,Man,White,4,Man,White,24,True,4,89.41,1,Man,Man,Man,5,3,3,White,White,White
prof_doctor_seed113_crop.png,flux,prof_doctor,Man,White,4,Man,White,24,True,4,89.41,1,Man,Man,Man,5,3,5,Middle Eastern,Asian,Middle Eastern
prof_doctor_seed113_crop.png,flux,prof_doctor,Man,White,4,Man,White,24,True,4,89.41,1,Man,Man,Man,5,3,6,White,White,White
prof_doctor_seed113_crop.png,flux,prof_doctor,Man,White,4,Man,White,24,True,4,89.41,1,Man,Man,Man,5,2,3,White,White,White
prof_doctor_seed113_crop.png,flux,prof_doctor,Man,White,4,Man,White,24,True,4,89.41,1,Woman,Woman,Woman,5,3,3,Middle Eastern,White,White
prof_doctor_seed113_crop.png,flux,prof_doctor,Man,White,4,Man,White,24,True,9,57.2,1,Man,Man,Man,5,3,3,White,White,White
prof_doctor_seed113_crop.png,flux,prof_doctor,Man,White,4,Man,White,24,True,9,57.2,1,Man,Man,Man,5,3,5,Middle Eastern,Asian,Middle Eastern
prof_doctor_seed113_crop.png,flux,prof_doctor,Man,White,4,Man,White,24,True,9,57.2,1,Man,Man,Man,5,3,6,White,White,White
prof_doctor_seed113_crop.png,flux,prof_doctor,Man,White,4,Man,White,24,True,9,57.2,1,Man,Man,Man,5,2,3,White,White,White
prof_doctor_seed113_crop.png,flux,prof_doctor,Man,White,4,Man,White,24,True,9,57.2,1,Woman,Woman,Woman,5,3,3,Middle Eastern,White,White
prof_doctor_seed113_crop.png,flux,prof_doctor,Man,White,4,Man,White,24,True,5,85.79,1,Man,Man,Man,5,3,3,White,White,White
prof_doctor_seed113_crop.png,flux,prof_doctor,Man,White,4,Man,White,24,True,5,85.79,1,Man,Man,Man,5,3,5,Middle Eastern,Asian,Middle Eastern
prof_doctor_seed113_crop.png,flux,prof_doctor,Man,White,4,Man,White,24,True,5,85.79,1,Man,Man,Man,5,3,6,White,White,White
prof_doctor_seed113_crop.png,flux,prof_doctor,Man,White,4,Man,White,24,True,5,85.79,1,Man,Man,Man,5,2,3,White,White,White
prof_doctor_seed113_crop.png,flux,prof_doctor,Man,White,4,Man,White,24,True,5,85.79,1,Woman,Woman,Woman,5,3,3,Middle Eastern,White,White
prof_doctor_seed113_crop.png,flux,prof_doctor,Man,White,4,Man,White,24,True,5,88.73,1,Man,Man,Man,5,3,3,White,White,White
prof_doctor_seed113_crop.png,flux,prof_doctor,Man,White,4,Man,White,24,True,5,88.73,1,Man,Man,Man,5,3,5,Middle Eastern,Asian,Middle Eastern
prof_doctor_seed113_crop.png,flux,prof_doctor,Man,White,4,Man,White,24,True,5,88.73,1,Man,Man,Man,5,3,6,White,White,White
prof_doctor_seed113_crop.png,flux,prof_doctor,Man,White,4,Man,White,24,True,5,88.73,1,Man,Man,Man,5,2,3,White,White,White
prof_doctor_seed113_crop.png,flux,prof_doctor,Man,White,4,Man,White,24,True,5,88.73,1,Woman,Woman,Woman,5,3,3,Middle Eastern,White,White
prof_doctor_seed113_crop.png,flux,prof_doctor,Man,White,4,Man,White,24,True,4,86.25,1,Man,Man,Man,5,3,3,White,White,White
prof_doctor_seed113_crop.png,flux,prof_doctor,Man,White,4,Man,White,24,True,4,86.25,1,Man,Man,Man,5,3,5,Middle Eastern,Asian,Middle Eastern
prof_doctor_seed113_crop.png,flux,prof_doctor,Man,White,4,Man,White,24,True,4,86.25,1,Man,Man,Man,5,3,6,White,White,White
prof_doctor_seed113_crop.png,flux,prof_doctor,Man,White,4,Man,White,24,True,4,86.25,1,Man,Man,Man,5,2,3,White,White,White
prof_doctor_seed113_crop.png,flux,prof_doctor,Man,White,4,Man,White,24,True,4,86.25,1,Woman,Woman,Woman,5,3,3,Middle Eastern,White,White
prof_doctor_seed113_crop.png,flux,prof_doctor,Man,White,4,Woman,White,31,True,4,89.41,1,Man,Man,Man,5,3,3,White,White,White
prof_doctor_seed113_crop.png,flux,prof_doctor,Man,White,4,Woman,White,31,True,4,89.41,1,Man,Man,Man,5,3,5,Middle Eastern,Asian,Middle Eastern
prof_doctor_seed113_crop.png,flux,prof_doctor,Man,White,4,Woman,White,31,True,4,89.41,1,Man,Man,Man,5,3,6,White,White,White
prof_doctor_seed113_crop.png,flux,prof_doctor,Man,White,4,Woman,White,31,True,4,89.41,1,Man,Man,Man,5,2,3,White,White,White
prof_doctor_seed113_crop.png,flux,prof_doctor,Man,White,4,Woman,White,31,True,4,89.41,1,Woman,Woman,Woman,5,3,3,Middle Eastern,White,White
prof_doctor_seed113_crop.png,flux,prof_doctor,Man,White,4,Woman,White,31,True,9,57.2,1,Man,Man,Man,5,3,3,White,White,White
prof_doctor_seed113_crop.png,flux,prof_doctor,Man,White,4,Woman,White,31,True,9,57.2,1,Man,Man,Man,5,3,5,Middle Eastern,Asian,Middle Eastern
prof_doctor_seed113_crop.png,flux,prof_doctor,Man,White,4,Woman,White,31,True,9,57.2,1,Man,Man,Man,5,3,6,White,White,White
prof_doctor_seed113_crop.png,flux,prof_doctor,Man,White,4,Woman,White,31,True,9,57.2,1,Man,Man,Man,5,2,3,White,White,White
prof_doctor_seed113_crop.png,flux,prof_doctor,Man,White,4,Woman,White,31,True,9,57.2,1,Woman,Woman,Woman,5,3,3,Middle Eastern,White,White
prof_doctor_seed113_crop.png,flux,prof_doctor,Man,White,4,Woman,White,31,True,5,85.79,1,Man,Man,Man,5,3,3,White,White,White
prof_doctor_seed113_crop.png,flux,prof_doctor,Man,White,4,Woman,White,31,True,5,85.79,1,Man,Man,Man,5,3,5,Middle Eastern,Asian,Middle Eastern
prof_doctor_seed113_crop.png,flux,prof_doctor,Man,White,4,Woman,White,31,True,5,85.79,1,Man,Man,Man,5,3,6,White,White,White
prof_doctor_seed113_crop.png,flux,prof_doctor,Man,White,4,Woman,White,31,True,5,85.79,1,Man,Man,Man,5,2,3,White,White,White
prof_doctor_seed113_crop.png,flux,prof_doctor,Man,White,4,Woman,White,31,True,5,85.79,1,Woman,Woman,Woman,5,3,3,Middle Eastern,White,White
prof_doctor_seed113_crop.png,flux,prof_doctor,Man,White,4,Woman,White,31,True,5,88.73,1,Man,Man,Man,5,3,3,White,White,White
prof_doctor_seed113_crop.png,flux,prof_doctor,Man,White,4,Woman,White,31,True,5,88.73,1,Man,Man,Man,5,3,5,Middle Eastern,Asian,Middle Eastern
prof_doctor_seed113_crop.png,flux,prof_doctor,Man,White,4,Woman,White,31,True,5,88.73,1,Man,Man,Man,5,3,6,White,White,White
prof_doctor_seed113_crop.png,flux,prof_doctor,Man,White,4,Woman,White,31,True,5,88.73,1,Man,Man,Man,5,2,3,White,White,White
prof_doctor_seed113_crop.png,flux,prof_doctor,Man,White,4,Woman,White,31,True,5,88.73,1,Woman,Woman,Woman,5,3,3,Middle Eastern,White,White
prof_doctor_seed113_crop.png,flux,prof_doctor,Man,White,4,Woman,White,31,True,4,86.25,1,Man,Man,Man,5,3,3,White,White,White
prof_doctor_seed113_crop.png,flux,prof_doctor,Man,White,4,Woman,White,31,True,4,86.25,1,Man,Man,Man,5,3,5,Middle Eastern,Asian,Middle Eastern
prof_doctor_seed113_crop.png,flux,prof_doctor,Man,White,4,Woman,White,31,True,4,86.25,1,Man,Man,Man,5,3,6,White,White,White
prof_doctor_seed113_crop.png,flux,prof_doctor,Man,White,4,Woman,White,31,True,4,86.25,1,Man,Man,Man,5,2,3,White,White,White
prof_doctor_seed113_crop.png,flux,prof_doctor,Man,White,4,Woman,White,31,True,4,86.25,1,Woman,Woman,Woman,5,3,3,Middle Eastern,White,White
prof_doctor_seed113_crop.png,flux,prof_doctor,Man,White,4,Man,White,27,True,4,89.41,1,Man,Man,Man,5,3,3,White,White,White
prof_doctor_seed113_crop.png,flux,prof_doctor,Man,White,4,Man,White,27,True,4,89.41,1,Man,Man,Man,5,3,5,Middle Eastern,Asian,Middle Eastern
prof_doctor_seed113_crop.png,flux,prof_doctor,Man,White,4,Man,White,27,True,4,89.41,1,Man,Man,Man,5,3,6,White,White,White
prof_doctor_seed113_crop.png,flux,prof_doctor,Man,White,4,Man,White,27,True,4,89.41,1,Man,Man,Man,5,2,3,White,White,White
prof_doctor_seed113_crop.png,flux,prof_doctor,Man,White,4,Man,White,27,True,4,89.41,1,Woman,Woman,Woman,5,3,3,Middle Eastern,White,White
prof_doctor_seed113_crop.png,flux,prof_doctor,Man,White,4,Man,White,27,True,9,57.2,1,Man,Man,Man,5,3,3,White,White,White
prof_doctor_seed113_crop.png,flux,prof_doctor,Man,White,4,Man,White,27,True,9,57.2,1,Man,Man,Man,5,3,5,Middle Eastern,Asian,Middle Eastern
prof_doctor_seed113_crop.png,flux,prof_doctor,Man,White,4,Man,White,27,True,9,57.2,1,Man,Man,Man,5,3,6,White,White,White
prof_doctor_seed113_crop.png,flux,prof_doctor,Man,White,4,Man,White,27,True,9,57.2,1,Man,Man,Man,5,2,3,White,White,White
prof_doctor_seed113_crop.png,flux,prof_doctor,Man,White,4,Man,White,27,True,9,57.2,1,Woman,Woman,Woman,5,3,3,Middle Eastern,White,White
prof_doctor_seed113_crop.png,flux,prof_doctor,Man,White,4,Man,White,27,True,5,85.79,1,Man,Man,Man,5,3,3,White,White,White
prof_doctor_seed113_crop.png,flux,prof_doctor,Man,White,4,Man,White,27,True,5,85.79,1,Man,Man,Man,5,3,5,Middle Eastern,Asian,Middle Eastern
prof_doctor_seed113_crop.png,flux,prof_doctor,Man,White,4,Man,White,27,True,5,85.79,1,Man,Man,Man,5,3,6,White,White,White
prof_doctor_seed113_crop.png,flux,prof_doctor,Man,White,4,Man,White,27,True,5,85.79,1,Man,Man,Man,5,2,3,White,White,White
prof_doctor_seed113_crop.png,flux,prof_doctor,Man,White,4,Man,White,27,True,5,85.79,1,Woman,Woman,Woman,5,3,3,Middle Eastern,White,White
prof_doctor_seed113_crop.png,flux,prof_doctor,Man,White,4,Man,White,27,True,5,88.73,1,Man,Man,Man,5,3,3,White,White,White
prof_doctor_seed113_crop.png,flux,prof_doctor,Man,White,4,Man,White,27,True,5,88.73,1,Man,Man,Man,5,3,5,Middle Eastern,Asian,Middle Eastern
prof_doctor_seed113_crop.png,flux,prof_doctor,Man,White,4,Man,White,27,True,5,88.73,1,Man,Man,Man,5,3,6,White,White,White
prof_doctor_seed113_crop.png,flux,prof_doctor,Man,White,4,Man,White,27,True,5,88.73,1,Man,Man,Man,5,2,3,White,White,White
prof_doctor_seed113_crop.png,flux,prof_doctor,Man,White,4,Man,White,27,True,5,88.73,1,Woman,Woman,Woman,5,3,3,Middle Eastern,White,White
prof_doctor_seed113_crop.png,flux,prof_doctor,Man,White,4,Man,White,27,True,4,86.25,1,Man,Man,Man,5,3,3,White,White,White
prof_doctor_seed113_crop.png,flux,prof_doctor,Man,White,4,Man,White,27,True,4,86.25,1,Man,Man,Man,5,3,5,Middle Eastern,Asian,Middle Eastern
prof_doctor_seed113_crop.png,flux,prof_doctor,Man,White,4,Man,White,27,True,4,86.25,1,Man,Man,Man,5,3,6,White,White,White
prof_doctor_seed113_crop.png,flux,prof_doctor,Man,White,4,Man,White,27,True,4,86.25,1,Man,Man,Man,5,2,3,White,White,White
prof_doctor_seed113_crop.png,flux,prof_doctor,Man,White,4,Man,White,27,True,4,86.25,1,Woman,Woman,Woman,5,3,3,Middle Eastern,White,White
prof_doctor_seed109_crop.png,zimage,prof_doctor,Man,White,4,Man,Latino Hispanic,27,True,6,88.99,1,Man,Man,Man,5,3,5,Middle Eastern,Asian,Middle Eastern
prof_doctor_seed109_crop.png,zimage,prof_doctor,Man,White,4,Man,Latino Hispanic,27,True,6,88.99,1,Man,Man,Man,5,3,5,Middle Eastern,White,White
prof_doctor_seed109_crop.png,zimage,prof_doctor,Man,White,4,Man,Latino Hispanic,27,True,6,88.99,1,Man,Man,Man,5,3,5,White,White,White
prof_doctor_seed109_crop.png,zimage,prof_doctor,Man,White,4,Man,Latino Hispanic,27,True,6,88.99,1,Woman,Woman,Woman,3,2,5,White,White,White
prof_doctor_seed109_crop.png,zimage,prof_doctor,Man,White,4,Man,Latino Hispanic,27,True,6,88.99,1,Man,Man,Man,5,3,3,White,White,White
prof_doctor_seed109_crop.png,zimage,prof_doctor,Man,White,4,Man,Latino Hispanic,27,True,9,4.96,6,Man,Man,Man,5,3,5,Middle Eastern,Asian,Middle Eastern
prof_doctor_seed109_crop.png,zimage,prof_doctor,Man,White,4,Man,Latino Hispanic,27,True,9,4.96,6,Man,Man,Man,5,3,5,Middle Eastern,White,White
prof_doctor_seed109_crop.png,zimage,prof_doctor,Man,White,4,Man,Latino Hispanic,27,True,9,4.96,6,Man,Man,Man,5,3,5,White,White,White
prof_doctor_seed109_crop.png,zimage,prof_doctor,Man,White,4,Man,Latino Hispanic,27,True,9,4.96,6,Woman,Woman,Woman,3,2,5,White,White,White
prof_doctor_seed109_crop.png,zimage,prof_doctor,Man,White,4,Man,Latino Hispanic,27,True,9,4.96,6,Man,Man,Man,5,3,3,White,White,White
prof_doctor_seed109_crop.png,zimage,prof_doctor,Man,White,4,Man,Latino Hispanic,27,True,5,74.47,1,Man,Man,Man,5,3,5,Middle Eastern,Asian,Middle Eastern
prof_doctor_seed109_crop.png,zimage,prof_doctor,Man,White,4,Man,Latino Hispanic,27,True,5,74.47,1,Man,Man,Man,5,3,5,Middle Eastern,White,White
prof_doctor_seed109_crop.png,zimage,prof_doctor,Man,White,4,Man,Latino Hispanic,27,True,5,74.47,1,Man,Man,Man,5,3,5,White,White,White
prof_doctor_seed109_crop.png,zimage,prof_doctor,Man,White,4,Man,Latino Hispanic,27,True,5,74.47,1,Woman,Woman,Woman,3,2,5,White,White,White
prof_doctor_seed109_crop.png,zimage,prof_doctor,Man,White,4,Man,Latino Hispanic,27,True,5,74.47,1,Man,Man,Man,5,3,3,White,White,White
prof_doctor_seed109_crop.png,zimage,prof_doctor,Man,White,4,Man,Latino Hispanic,27,True,5,-87.95,9,Man,Man,Man,5,3,5,Middle Eastern,Asian,Middle Eastern
prof_doctor_seed109_crop.png,zimage,prof_doctor,Man,White,4,Man,Latino Hispanic,27,True,5,-87.95,9,Man,Man,Man,5,3,5,Middle Eastern,White,White
prof_doctor_seed109_crop.png,zimage,prof_doctor,Man,White,4,Man,Latino Hispanic,27,True,5,-87.95,9,Man,Man,Man,5,3,5,White,White,White
prof_doctor_seed109_crop.png,zimage,prof_doctor,Man,White,4,Man,Latino Hispanic,27,True,5,-87.95,9,Woman,Woman,Woman,3,2,5,White,White,White
prof_doctor_seed109_crop.png,zimage,prof_doctor,Man,White,4,Man,Latino Hispanic,27,True,5,-87.95,9,Man,Man,Man,5,3,3,White,White,White
prof_doctor_seed109_crop.png,zimage,prof_doctor,Man,White,4,Man,Latino Hispanic,27,True,4,-73.41,9,Man,Man,Man,5,3,5,Middle Eastern,Asian,Middle Eastern
prof_doctor_seed109_crop.png,zimage,prof_doctor,Man,White,4,Man,Latino Hispanic,27,True,4,-73.41,9,Man,Man,Man,5,3,5,Middle Eastern,White,White
prof_doctor_seed109_crop.png,zimage,prof_doctor,Man,White,4,Man,Latino Hispanic,27,True,4,-73.41,9,Man,Man,Man,5,3,5,White,White,White
prof_doctor_seed109_crop.png,zimage,prof_doctor,Man,White,4,Man,Latino Hispanic,27,True,4,-73.41,9,Woman,Woman,Woman,3,2,5,White,White,White
prof_doctor_seed109_crop.png,zimage,prof_doctor,Man,White,4,Man,Latino Hispanic,27,True,4,-73.41,9,Man,Man,Man,5,3,3,White,White,White
prof_doctor_seed109_crop.png,zimage,prof_doctor,Man,White,4,Man,White,45,True,6,88.99,1,Man,Man,Man,5,3,5,Middle Eastern,Asian,Middle Eastern
prof_doctor_seed109_crop.png,zimage,prof_doctor,Man,White,4,Man,White,45,True,6,88.99,1,Man,Man,Man,5,3,5,Middle Eastern,White,White
prof_doctor_seed109_crop.png,zimage,prof_doctor,Man,White,4,Man,White,45,True,6,88.99,1,Man,Man,Man,5,3,5,White,White,White
prof_doctor_seed109_crop.png,zimage,prof_doctor,Man,White,4,Man,White,45,True,6,88.99,1,Woman,Woman,Woman,3,2,5,White,White,White
prof_doctor_seed109_crop.png,zimage,prof_doctor,Man,White,4,Man,White,45,True,6,88.99,1,Man,Man,Man,5,3,3,White,White,White
prof_doctor_seed109_crop.png,zimage,prof_doctor,Man,White,4,Man,White,45,True,9,4.96,6,Man,Man,Man,5,3,5,Middle Eastern,Asian,Middle Eastern
prof_doctor_seed109_crop.png,zimage,prof_doctor,Man,White,4,Man,White,45,True,9,4.96,6,Man,Man,Man,5,3,5,Middle Eastern,White,White
prof_doctor_seed109_crop.png,zimage,prof_doctor,Man,White,4,Man,White,45,True,9,4.96,6,Man,Man,Man,5,3,5,White,White,White
prof_doctor_seed109_crop.png,zimage,prof_doctor,Man,White,4,Man,White,45,True,9,4.96,6,Woman,Woman,Woman,3,2,5,White,White,White
prof_doctor_seed109_crop.png,zimage,prof_doctor,Man,White,4,Man,White,45,True,9,4.96,6,Man,Man,Man,5,3,3,White,White,White
prof_doctor_seed109_crop.png,zimage,prof_doctor,Man,White,4,Man,White,45,True,5,74.47,1,Man,Man,Man,5,3,5,Middle Eastern,Asian,Middle Eastern
prof_doctor_seed109_crop.png,zimage,prof_doctor,Man,White,4,Man,White,45,True,5,74.47,1,Man,Man,Man,5,3,5,Middle Eastern,White,White
prof_doctor_seed109_crop.png,zimage,prof_doctor,Man,White,4,Man,White,45,True,5,74.47,1,Man,Man,Man,5,3,5,White,White,White
prof_doctor_seed109_crop.png,zimage,prof_doctor,Man,White,4,Man,White,45,True,5,74.47,1,Woman,Woman,Woman,3,2,5,White,White,White
prof_doctor_seed109_crop.png,zimage,prof_doctor,Man,White,4,Man,White,45,True,5,74.47,1,Man,Man,Man,5,3,3,White,White,White
prof_doctor_seed109_crop.png,zimage,prof_doctor,Man,White,4,Man,White,45,True,5,-87.95,9,Man,Man,Man,5,3,5,Middle Eastern,Asian,Middle Eastern
prof_doctor_seed109_crop.png,zimage,prof_doctor,Man,White,4,Man,White,45,True,5,-87.95,9,Man,Man,Man,5,3,5,Middle Eastern,White,White
prof_doctor_seed109_crop.png,zimage,prof_doctor,Man,White,4,Man,White,45,True,5,-87.95,9,Man,Man,Man,5,3,5,White,White,White
prof_doctor_seed109_crop.png,zimage,prof_doctor,Man,White,4,Man,White,45,True,5,-87.95,9,Woman,Woman,Woman,3,2,5,White,White,White
prof_doctor_seed109_crop.png,zimage,prof_doctor,Man,White,4,Man,White,45,True,5,-87.95,9,Man,Man,Man,5,3,3,White,White,White
prof_doctor_seed109_crop.png,zimage,prof_doctor,Man,White,4,Man,White,45,True,4,-73.41,9,Man,Man,Man,5,3,5,Middle Eastern,Asian,Middle Eastern
prof_doctor_seed109_crop.png,zimage,prof_doctor,Man,White,4,Man,White,45,True,4,-73.41,9,Man,Man,Man,5,3,5,Middle Eastern,White,White
prof_doctor_seed109_crop.png,zimage,prof_doctor,Man,White,4,Man,White,45,True,4,-73.41,9,Man,Man,Man,5,3,5,White,White,White
prof_doctor_seed109_crop.png,zimage,prof_doctor,Man,White,4,Man,White,45,True,4,-73.41,9,Woman,Woman,Woman,3,2,5,White,White,White
prof_doctor_seed109_crop.png,zimage,prof_doctor,Man,White,4,Man,White,45,True,4,-73.41,9,Man,Man,Man,5,3,3,White,White,White
prof_doctor_seed109_crop.png,zimage,prof_doctor,Man,White,4,Man,White,24,True,6,88.99,1,Man,Man,Man,5,3,5,Middle Eastern,Asian,Middle Eastern
prof_doctor_seed109_crop.png,zimage,prof_doctor,Man,White,4,Man,White,24,True,6,88.99,1,Man,Man,Man,5,3,5,Middle Eastern,White,White
prof_doctor_seed109_crop.png,zimage,prof_doctor,Man,White,4,Man,White,24,True,6,88.99,1,Man,Man,Man,5,3,5,White,White,White
prof_doctor_seed109_crop.png,zimage,prof_doctor,Man,White,4,Man,White,24,True,6,88.99,1,Woman,Woman,Woman,3,2,5,White,White,White
prof_doctor_seed109_crop.png,zimage,prof_doctor,Man,White,4,Man,White,24,True,6,88.99,1,Man,Man,Man,5,3,3,White,White,White
prof_doctor_seed109_crop.png,zimage,prof_doctor,Man,White,4,Man,White,24,True,9,4.96,6,Man,Man,Man,5,3,5,Middle Eastern,Asian,Middle Eastern
prof_doctor_seed109_crop.png,zimage,prof_doctor,Man,White,4,Man,White,24,True,9,4.96,6,Man,Man,Man,5,3,5,Middle Eastern,White,White
prof_doctor_seed109_crop.png,zimage,prof_doctor,Man,White,4,Man,White,24,True,9,4.96,6,Man,Man,Man,5,3,5,White,White,White
prof_doctor_seed109_crop.png,zimage,prof_doctor,Man,White,4,Man,White,24,True,9,4.96,6,Woman,Woman,Woman,3,2,5,White,White,White
prof_doctor_seed109_crop.png,zimage,prof_doctor,Man,White,4,Man,White,24,True,9,4.96,6,Man,Man,Man,5,3,3,White,White,White
prof_doctor_seed109_crop.png,zimage,prof_doctor,Man,White,4,Man,White,24,True,5,74.47,1,Man,Man,Man,5,3,5,Middle Eastern,Asian,Middle Eastern
prof_doctor_seed109_crop.png,zimage,prof_doctor,Man,White,4,Man,White,24,True,5,74.47,1,Man,Man,Man,5,3,5,Middle Eastern,White,White
prof_doctor_seed109_crop.png,zimage,prof_doctor,Man,White,4,Man,White,24,True,5,74.47,1,Man,Man,Man,5,3,5,White,White,White
prof_doctor_seed109_crop.png,zimage,prof_doctor,Man,White,4,Man,White,24,True,5,74.47,1,Woman,Woman,Woman,3,2,5,White,White,White
prof_doctor_seed109_crop.png,zimage,prof_doctor,Man,White,4,Man,White,24,True,5,74.47,1,Man,Man,Man,5,3,3,White,White,White
prof_doctor_seed109_crop.png,zimage,prof_doctor,Man,White,4,Man,White,24,True,5,-87.95,9,Man,Man,Man,5,3,5,Middle Eastern,Asian,Middle Eastern
prof_doctor_seed109_crop.png,zimage,prof_doctor,Man,White,4,Man,White,24,True,5,-87.95,9,Man,Man,Man,5,3,5,Middle Eastern,White,White
prof_doctor_seed109_crop.png,zimage,prof_doctor,Man,White,4,Man,White,24,True,5,-87.95,9,Man,Man,Man,5,3,5,White,White,White
prof_doctor_seed109_crop.png,zimage,prof_doctor,Man,White,4,Man,White,24,True,5,-87.95,9,Woman,Woman,Woman,3,2,5,White,White,White
prof_doctor_seed109_crop.png,zimage,prof_doctor,Man,White,4,Man,White,24,True,5,-87.95,9,Man,Man,Man,5,3,3,White,White,White
prof_doctor_seed109_crop.png,zimage,prof_doctor,Man,White,4,Man,White,24,True,4,-73.41,9,Man,Man,Man,5,3,5,Middle Eastern,Asian,Middle Eastern
prof_doctor_seed109_crop.png,zimage,prof_doctor,Man,White,4,Man,White,24,True,4,-73.41,9,Man,Man,Man,5,3,5,Middle Eastern,White,White
prof_doctor_seed109_crop.png,zimage,prof_doctor,Man,White,4,Man,White,24,True,4,-73.41,9,Man,Man,Man,5,3,5,White,White,White
prof_doctor_seed109_crop.png,zimage,prof_doctor,Man,White,4,Man,White,24,True,4,-73.41,9,Woman,Woman,Woman,3,2,5,White,White,White
prof_doctor_seed109_crop.png,zimage,prof_doctor,Man,White,4,Man,White,24,True,4,-73.41,9,Man,Man,Man,5,3,3,White,White,White
prof_doctor_seed109_crop.png,zimage,prof_doctor,Man,White,4,Man,White,42,True,6,88.99,1,Man,Man,Man,5,3,5,Middle Eastern,Asian,Middle Eastern
prof_doctor_seed109_crop.png,zimage,prof_doctor,Man,White,4,Man,White,42,True,6,88.99,1,Man,Man,Man,5,3,5,Middle Eastern,White,White
prof_doctor_seed109_crop.png,zimage,prof_doctor,Man,White,4,Man,White,42,True,6,88.99,1,Man,Man,Man,5,3,5,White,White,White
prof_doctor_seed109_crop.png,zimage,prof_doctor,Man,White,4,Man,White,42,True,6,88.99,1,Woman,Woman,Woman,3,2,5,White,White,White
prof_doctor_seed109_crop.png,zimage,prof_doctor,Man,White,4,Man,White,42,True,6,88.99,1,Man,Man,Man,5,3,3,White,White,White
prof_doctor_seed109_crop.png,zimage,prof_doctor,Man,White,4,Man,White,42,True,9,4.96,6,Man,Man,Man,5,3,5,Middle Eastern,Asian,Middle Eastern
prof_doctor_seed109_crop.png,zimage,prof_doctor,Man,White,4,Man,White,42,True,9,4.96,6,Man,Man,Man,5,3,5,Middle Eastern,White,White
prof_doctor_seed109_crop.png,zimage,prof_doctor,Man,White,4,Man,White,42,True,9,4.96,6,Man,Man,Man,5,3,5,White,White,White
prof_doctor_seed109_crop.png,zimage,prof_doctor,Man,White,4,Man,White,42,True,9,4.96,6,Woman,Woman,Woman,3,2,5,White,White,White
prof_doctor_seed109_crop.png,zimage,prof_doctor,Man,White,4,Man,White,42,True,9,4.96,6,Man,Man,Man,5,3,3,White,White,White
prof_doctor_seed109_crop.png,zimage,prof_doctor,Man,White,4,Man,White,42,True,5,74.47,1,Man,Man,Man,5,3,5,Middle Eastern,Asian,Middle Eastern
prof_doctor_seed109_crop.png,zimage,prof_doctor,Man,White,4,Man,White,42,True,5,74.47,1,Man,Man,Man,5,3,5,Middle Eastern,White,White
prof_doctor_seed109_crop.png,zimage,prof_doctor,Man,White,4,Man,White,42,True,5,74.47,1,Man,Man,Man,5,3,5,White,White,White
prof_doctor_seed109_crop.png,zimage,prof_doctor,Man,White,4,Man,White,42,True,5,74.47,1,Woman,Woman,Woman,3,2,5,White,White,White
prof_doctor_seed109_crop.png,zimage,prof_doctor,Man,White,4,Man,White,42,True,5,74.47,1,Man,Man,Man,5,3,3,White,White,White
prof_doctor_seed109_crop.png,zimage,prof_doctor,Man,White,4,Man,White,42,True,5,-87.95,9,Man,Man,Man,5,3,5,Middle Eastern,Asian,Middle Eastern
prof_doctor_seed109_crop.png,zimage,prof_doctor,Man,White,4,Man,White,42,True,5,-87.95,9,Man,Man,Man,5,3,5,Middle Eastern,White,White
prof_doctor_seed109_crop.png,zimage,prof_doctor,Man,White,4,Man,White,42,True,5,-87.95,9,Man,Man,Man,5,3,5,White,White,White
prof_doctor_seed109_crop.png,zimage,prof_doctor,Man,White,4,Man,White,42,True,5,-87.95,9,Woman,Woman,Woman,3,2,5,White,White,White
prof_doctor_seed109_crop.png,zimage,prof_doctor,Man,White,4,Man,White,42,True,5,-87.95,9,Man,Man,Man,5,3,3,White,White,White
prof_doctor_seed109_crop.png,zimage,prof_doctor,Man,White,4,Man,White,42,True,4,-73.41,9,Man,Man,Man,5,3,5,Middle Eastern,Asian,Middle Eastern
prof_doctor_seed109_crop.png,zimage,prof_doctor,Man,White,4,Man,White,42,True,4,-73.41,9,Man,Man,Man,5,3,5,Middle Eastern,White,White
prof_doctor_seed109_crop.png,zimage,prof_doctor,Man,White,4,Man,White,42,True,4,-73.41,9,Man,Man,Man,5,3,5,White,White,White
prof_doctor_seed109_crop.png,zimage,prof_doctor,Man,White,4,Man,White,42,True,4,-73.41,9,Woman,Woman,Woman,3,2,5,White,White,White
prof_doctor_seed109_crop.png,zimage,prof_doctor,Man,White,4,Man,White,42,True,4,-73.41,9,Man,Man,Man,5,3,3,White,White,White
prof_doctor_seed109_crop.png,zimage,prof_doctor,Man,White,4,Woman,White,52,True,6,88.99,1,Man,Man,Man,5,3,5,Middle Eastern,Asian,Middle Eastern
prof_doctor_seed109_crop.png,zimage,prof_doctor,Man,White,4,Woman,White,52,True,6,88.99,1,Man,Man,Man,5,3,5,Middle Eastern,White,White
prof_doctor_seed109_crop.png,zimage,prof_doctor,Man,White,4,Woman,White,52,True,6,88.99,1,Man,Man,Man,5,3,5,White,White,White
prof_doctor_seed109_crop.png,zimage,prof_doctor,Man,White,4,Woman,White,52,True,6,88.99,1,Woman,Woman,Woman,3,2,5,White,White,White
prof_doctor_seed109_crop.png,zimage,prof_doctor,Man,White,4,Woman,White,52,True,6,88.99,1,Man,Man,Man,5,3,3,White,White,White
prof_doctor_seed109_crop.png,zimage,prof_doctor,Man,White,4,Woman,White,52,True,9,4.96,6,Man,Man,Man,5,3,5,Middle Eastern,Asian,Middle Eastern
prof_doctor_seed109_crop.png,zimage,prof_doctor,Man,White,4,Woman,White,52,True,9,4.96,6,Man,Man,Man,5,3,5,Middle Eastern,White,White
prof_doctor_seed109_crop.png,zimage,prof_doctor,Man,White,4,Woman,White,52,True,9,4.96,6,Man,Man,Man,5,3,5,White,White,White
prof_doctor_seed109_crop.png,zimage,prof_doctor,Man,White,4,Woman,White,52,True,9,4.96,6,Woman,Woman,Woman,3,2,5,White,White,White
prof_doctor_seed109_crop.png,zimage,prof_doctor,Man,White,4,Woman,White,52,True,9,4.96,6,Man,Man,Man,5,3,3,White,White,White
prof_doctor_seed109_crop.png,zimage,prof_doctor,Man,White,4,Woman,White,52,True,5,74.47,1,Man,Man,Man,5,3,5,Middle Eastern,Asian,Middle Eastern
prof_doctor_seed109_crop.png,zimage,prof_doctor,Man,White,4,Woman,White,52,True,5,74.47,1,Man,Man,Man,5,3,5,Middle Eastern,White,White
prof_doctor_seed109_crop.png,zimage,prof_doctor,Man,White,4,Woman,White,52,True,5,74.47,1,Man,Man,Man,5,3,5,White,White,White
prof_doctor_seed109_crop.png,zimage,prof_doctor,Man,White,4,Woman,White,52,True,5,74.47,1,Woman,Woman,Woman,3,2,5,White,White,White
prof_doctor_seed109_crop.png,zimage,prof_doctor,Man,White,4,Woman,White,52,True,5,74.47,1,Man,Man,Man,5,3,3,White,White,White
prof_doctor_seed109_crop.png,zimage,prof_doctor,Man,White,4,Woman,White,52,True,5,-87.95,9,Man,Man,Man,5,3,5,Middle Eastern,Asian,Middle Eastern
prof_doctor_seed109_crop.png,zimage,prof_doctor,Man,White,4,Woman,White,52,True,5,-87.95,9,Man,Man,Man,5,3,5,Middle Eastern,White,White
prof_doctor_seed109_crop.png,zimage,prof_doctor,Man,White,4,Woman,White,52,True,5,-87.95,9,Man,Man,Man,5,3,5,White,White,White
prof_doctor_seed109_crop.png,zimage,prof_doctor,Man,White,4,Woman,White,52,True,5,-87.95,9,Woman,Woman,Woman,3,2,5,White,White,White
prof_doctor_seed109_crop.png,zimage,prof_doctor,Man,White,4,Woman,White,52,True,5,-87.95,9,Man,Man,Man,5,3,3,White,White,White
prof_doctor_seed109_crop.png,zimage,prof_doctor,Man,White,4,Woman,White,52,True,4,-73.41,9,Man,Man,Man,5,3,5,Middle Eastern,Asian,Middle Eastern
prof_doctor_seed109_crop.png,zimage,prof_doctor,Man,White,4,Woman,White,52,True,4,-73.41,9,Man,Man,Man,5,3,5,Middle Eastern,White,White
prof_doctor_seed109_crop.png,zimage,prof_doctor,Man,White,4,Woman,White,52,True,4,-73.41,9,Man,Man,Man,5,3,5,White,White,White
prof_doctor_seed109_crop.png,zimage,prof_doctor,Man,White,4,Woman,White,52,True,4,-73.41,9,Woman,Woman,Woman,3,2,5,White,White,White
prof_doctor_seed109_crop.png,zimage,prof_doctor,Man,White,4,Woman,White,52,True,4,-73.41,9,Man,Man,Man,5,3,3,White,White,White
prof_doctor_seed108_crop.png,zimage,prof_doctor,Man,Asian,5,Man,Latino Hispanic,27,True,6,88.82,1,Man,Man,Man,5,3,5,Indian,Asian,Asian
prof_doctor_seed108_crop.png,zimage,prof_doctor,Man,Asian,5,Man,Latino Hispanic,27,True,6,88.82,1,Man,Man,Man,5,3,3,Middle Eastern,Asian,Asian
prof_doctor_seed108_crop.png,zimage,prof_doctor,Man,Asian,5,Man,Latino Hispanic,27,True,6,88.82,1,Man,Man,Man,5,3,6,Middle Eastern,White,White
prof_doctor_seed108_crop.png,zimage,prof_doctor,Man,Asian,5,Man,Latino Hispanic,27,True,6,88.82,1,Man,Man,Man,5,Unclear,3,White,Unclear,White
prof_doctor_seed108_crop.png,zimage,prof_doctor,Man,Asian,5,Man,Latino Hispanic,27,True,6,88.82,1,Woman,Woman,Woman,3,2,5,Asian,Asian,Asian
prof_doctor_seed108_crop.png,zimage,prof_doctor,Man,Asian,5,Man,Latino Hispanic,27,True,5,72.6,1,Man,Man,Man,5,3,5,Indian,Asian,Asian
prof_doctor_seed108_crop.png,zimage,prof_doctor,Man,Asian,5,Man,Latino Hispanic,27,True,5,72.6,1,Man,Man,Man,5,3,3,Middle Eastern,Asian,Asian
prof_doctor_seed108_crop.png,zimage,prof_doctor,Man,Asian,5,Man,Latino Hispanic,27,True,5,72.6,1,Man,Man,Man,5,3,6,Middle Eastern,White,White
prof_doctor_seed108_crop.png,zimage,prof_doctor,Man,Asian,5,Man,Latino Hispanic,27,True,5,72.6,1,Man,Man,Man,5,Unclear,3,White,Unclear,White
prof_doctor_seed108_crop.png,zimage,prof_doctor,Man,Asian,5,Man,Latino Hispanic,27,True,5,72.6,1,Woman,Woman,Woman,3,2,5,Asian,Asian,Asian
prof_doctor_seed108_crop.png,zimage,prof_doctor,Man,Asian,5,Man,Latino Hispanic,27,True,6,84.9,1,Man,Man,Man,5,3,5,Indian,Asian,Asian
prof_doctor_seed108_crop.png,zimage,prof_doctor,Man,Asian,5,Man,Latino Hispanic,27,True,6,84.9,1,Man,Man,Man,5,3,3,Middle Eastern,Asian,Asian
prof_doctor_seed108_crop.png,zimage,prof_doctor,Man,Asian,5,Man,Latino Hispanic,27,True,6,84.9,1,Man,Man,Man,5,3,6,Middle Eastern,White,White
prof_doctor_seed108_crop.png,zimage,prof_doctor,Man,Asian,5,Man,Latino Hispanic,27,True,6,84.9,1,Man,Man,Man,5,Unclear,3,White,Unclear,White
prof_doctor_seed108_crop.png,zimage,prof_doctor,Man,Asian,5,Man,Latino Hispanic,27,True,6,84.9,1,Woman,Woman,Woman,3,2,5,Asian,Asian,Asian
prof_doctor_seed108_crop.png,zimage,prof_doctor,Man,Asian,5,Man,Latino Hispanic,27,True,6,47.82,2,Man,Man,Man,5,3,5,Indian,Asian,Asian
prof_doctor_seed108_crop.png,zimage,prof_doctor,Man,Asian,5,Man,Latino Hispanic,27,True,6,47.82,2,Man,Man,Man,5,3,3,Middle Eastern,Asian,Asian
prof_doctor_seed108_crop.png,zimage,prof_doctor,Man,Asian,5,Man,Latino Hispanic,27,True,6,47.82,2,Man,Man,Man,5,3,6,Middle Eastern,White,White
prof_doctor_seed108_crop.png,zimage,prof_doctor,Man,Asian,5,Man,Latino Hispanic,27,True,6,47.82,2,Man,Man,Man,5,Unclear,3,White,Unclear,White
prof_doctor_seed108_crop.png,zimage,prof_doctor,Man,Asian,5,Man,Latino Hispanic,27,True,6,47.82,2,Woman,Woman,Woman,3,2,5,Asian,Asian,Asian
prof_doctor_seed108_crop.png,zimage,prof_doctor,Man,Asian,5,Man,Latino Hispanic,27,True,1,-78.94,9,Man,Man,Man,5,3,5,Indian,Asian,Asian
prof_doctor_seed108_crop.png,zimage,prof_doctor,Man,Asian,5,Man,Latino Hispanic,27,True,1,-78.94,9,Man,Man,Man,5,3,3,Middle Eastern,Asian,Asian
prof_doctor_seed108_crop.png,zimage,prof_doctor,Man,Asian,5,Man,Latino Hispanic,27,True,1,-78.94,9,Man,Man,Man,5,3,6,Middle Eastern,White,White
prof_doctor_seed108_crop.png,zimage,prof_doctor,Man,Asian,5,Man,Latino Hispanic,27,True,1,-78.94,9,Man,Man,Man,5,Unclear,3,White,Unclear,White
prof_doctor_seed108_crop.png,zimage,prof_doctor,Man,Asian,5,Man,Latino Hispanic,27,True,1,-78.94,9,Woman,Woman,Woman,3,2,5,Asian,Asian,Asian
prof_doctor_seed108_crop.png,zimage,prof_doctor,Man,Asian,5,Man,White,38,True,6,88.82,1,Man,Man,Man,5,3,5,Indian,Asian,Asian
prof_doctor_seed108_crop.png,zimage,prof_doctor,Man,Asian,5,Man,White,38,True,6,88.82,1,Man,Man,Man,5,3,3,Middle Eastern,Asian,Asian
prof_doctor_seed108_crop.png,zimage,prof_doctor,Man,Asian,5,Man,White,38,True,6,88.82,1,Man,Man,Man,5,3,6,Middle Eastern,White,White
prof_doctor_seed108_crop.png,zimage,prof_doctor,Man,Asian,5,Man,White,38,True,6,88.82,1,Man,Man,Man,5,Unclear,3,White,Unclear,White
prof_doctor_seed108_crop.png,zimage,prof_doctor,Man,Asian,5,Man,White,38,True,6,88.82,1,Woman,Woman,Woman,3,2,5,Asian,Asian,Asian
prof_doctor_seed108_crop.png,zimage,prof_doctor,Man,Asian,5,Man,White,38,True,5,72.6,1,Man,Man,Man,5,3,5,Indian,Asian,Asian
prof_doctor_seed108_crop.png,zimage,prof_doctor,Man,Asian,5,Man,White,38,True,5,72.6,1,Man,Man,Man,5,3,3,Middle Eastern,Asian,Asian
prof_doctor_seed108_crop.png,zimage,prof_doctor,Man,Asian,5,Man,White,38,True,5,72.6,1,Man,Man,Man,5,3,6,Middle Eastern,White,White
prof_doctor_seed108_crop.png,zimage,prof_doctor,Man,Asian,5,Man,White,38,True,5,72.6,1,Man,Man,Man,5,Unclear,3,White,Unclear,White
prof_doctor_seed108_crop.png,zimage,prof_doctor,Man,Asian,5,Man,White,38,True,5,72.6,1,Woman,Woman,Woman,3,2,5,Asian,Asian,Asian
prof_doctor_seed108_crop.png,zimage,prof_doctor,Man,Asian,5,Man,White,38,True,6,84.9,1,Man,Man,Man,5,3,5,Indian,Asian,Asian
prof_doctor_seed108_crop.png,zimage,prof_doctor,Man,Asian,5,Man,White,38,True,6,84.9,1,Man,Man,Man,5,3,3,Middle Eastern,Asian,Asian
prof_doctor_seed108_crop.png,zimage,prof_doctor,Man,Asian,5,Man,White,38,True,6,84.9,1,Man,Man,Man,5,3,6,Middle Eastern,White,White
prof_doctor_seed108_crop.png,zimage,prof_doctor,Man,Asian,5,Man,White,38,True,6,84.9,1,Man,Man,Man,5,Unclear,3,White,Unclear,White
prof_doctor_seed108_crop.png,zimage,prof_doctor,Man,Asian,5,Man,White,38,True,6,84.9,1,Woman,Woman,Woman,3,2,5,Asian,Asian,Asian
prof_doctor_seed108_crop.png,zimage,prof_doctor,Man,Asian,5,Man,White,38,True,6,47.82,2,Man,Man,Man,5,3,5,Indian,Asian,Asian
prof_doctor_seed108_crop.png,zimage,prof_doctor,Man,Asian,5,Man,White,38,True,6,47.82,2,Man,Man,Man,5,3,3,Middle Eastern,Asian,Asian
prof_doctor_seed108_crop.png,zimage,prof_doctor,Man,Asian,5,Man,White,38,True,6,47.82,2,Man,Man,Man,5,3,6,Middle Eastern,White,White
prof_doctor_seed108_crop.png,zimage,prof_doctor,Man,Asian,5,Man,White,38,True,6,47.82,2,Man,Man,Man,5,Unclear,3,White,Unclear,White
prof_doctor_seed108_crop.png,zimage,prof_doctor,Man,Asian,5,Man,White,38,True,6,47.82,2,Woman,Woman,Woman,3,2,5,Asian,Asian,Asian
prof_doctor_seed108_crop.png,zimage,prof_doctor,Man,Asian,5,Man,White,38,True,1,-78.94,9,Man,Man,Man,5,3,5,Indian,Asian,Asian
prof_doctor_seed108_crop.png,zimage,prof_doctor,Man,Asian,5,Man,White,38,True,1,-78.94,9,Man,Man,Man,5,3,3,Middle Eastern,Asian,Asian
prof_doctor_seed108_crop.png,zimage,prof_doctor,Man,Asian,5,Man,White,38,True,1,-78.94,9,Man,Man,Man,5,3,6,Middle Eastern,White,White
prof_doctor_seed108_crop.png,zimage,prof_doctor,Man,Asian,5,Man,White,38,True,1,-78.94,9,Man,Man,Man,5,Unclear,3,White,Unclear,White
prof_doctor_seed108_crop.png,zimage,prof_doctor,Man,Asian,5,Man,White,38,True,1,-78.94,9,Woman,Woman,Woman,3,2,5,Asian,Asian,Asian
prof_doctor_seed108_crop.png,zimage,prof_doctor,Man,Asian,5,Man,Latino Hispanic,22,True,6,88.82,1,Man,Man,Man,5,3,5,Indian,Asian,Asian
prof_doctor_seed108_crop.png,zimage,prof_doctor,Man,Asian,5,Man,Latino Hispanic,22,True,6,88.82,1,Man,Man,Man,5,3,3,Middle Eastern,Asian,Asian
prof_doctor_seed108_crop.png,zimage,prof_doctor,Man,Asian,5,Man,Latino Hispanic,22,True,6,88.82,1,Man,Man,Man,5,3,6,Middle Eastern,White,White
prof_doctor_seed108_crop.png,zimage,prof_doctor,Man,Asian,5,Man,Latino Hispanic,22,True,6,88.82,1,Man,Man,Man,5,Unclear,3,White,Unclear,White
prof_doctor_seed108_crop.png,zimage,prof_doctor,Man,Asian,5,Man,Latino Hispanic,22,True,6,88.82,1,Woman,Woman,Woman,3,2,5,Asian,Asian,Asian
prof_doctor_seed108_crop.png,zimage,prof_doctor,Man,Asian,5,Man,Latino Hispanic,22,True,5,72.6,1,Man,Man,Man,5,3,5,Indian,Asian,Asian
prof_doctor_seed108_crop.png,zimage,prof_doctor,Man,Asian,5,Man,Latino Hispanic,22,True,5,72.6,1,Man,Man,Man,5,3,3,Middle Eastern,Asian,Asian
prof_doctor_seed108_crop.png,zimage,prof_doctor,Man,Asian,5,Man,Latino Hispanic,22,True,5,72.6,1,Man,Man,Man,5,3,6,Middle Eastern,White,White
prof_doctor_seed108_crop.png,zimage,prof_doctor,Man,Asian,5,Man,Latino Hispanic,22,True,5,72.6,1,Man,Man,Man,5,Unclear,3,White,Unclear,White
prof_doctor_seed108_crop.png,zimage,prof_doctor,Man,Asian,5,Man,Latino Hispanic,22,True,5,72.6,1,Woman,Woman,Woman,3,2,5,Asian,Asian,Asian
prof_doctor_seed108_crop.png,zimage,prof_doctor,Man,Asian,5,Man,Latino Hispanic,22,True,6,84.9,1,Man,Man,Man,5,3,5,Indian,Asian,Asian
prof_doctor_seed108_crop.png,zimage,prof_doctor,Man,Asian,5,Man,Latino Hispanic,22,True,6,84.9,1,Man,Man,Man,5,3,3,Middle Eastern,Asian,Asian
prof_doctor_seed108_crop.png,zimage,prof_doctor,Man,Asian,5,Man,Latino Hispanic,22,True,6,84.9,1,Man,Man,Man,5,3,6,Middle Eastern,White,White
prof_doctor_seed108_crop.png,zimage,prof_doctor,Man,Asian,5,Man,Latino Hispanic,22,True,6,84.9,1,Man,Man,Man,5,Unclear,3,White,Unclear,White
prof_doctor_seed108_crop.png,zimage,prof_doctor,Man,Asian,5,Man,Latino Hispanic,22,True,6,84.9,1,Woman,Woman,Woman,3,2,5,Asian,Asian,Asian
prof_doctor_seed108_crop.png,zimage,prof_doctor,Man,Asian,5,Man,Latino Hispanic,22,True,6,47.82,2,Man,Man,Man,5,3,5,Indian,Asian,Asian
prof_doctor_seed108_crop.png,zimage,prof_doctor,Man,Asian,5,Man,Latino Hispanic,22,True,6,47.82,2,Man,Man,Man,5,3,3,Middle Eastern,Asian,Asian
prof_doctor_seed108_crop.png,zimage,prof_doctor,Man,Asian,5,Man,Latino Hispanic,22,True,6,47.82,2,Man,Man,Man,5,3,6,Middle Eastern,White,White
prof_doctor_seed108_crop.png,zimage,prof_doctor,Man,Asian,5,Man,Latino Hispanic,22,True,6,47.82,2,Man,Man,Man,5,Unclear,3,White,Unclear,White
prof_doctor_seed108_crop.png,zimage,prof_doctor,Man,Asian,5,Man,Latino Hispanic,22,True,6,47.82,2,Woman,Woman,Woman,3,2,5,Asian,Asian,Asian
prof_doctor_seed108_crop.png,zimage,prof_doctor,Man,Asian,5,Man,Latino Hispanic,22,True,1,-78.94,9,Man,Man,Man,5,3,5,Indian,Asian,Asian
prof_doctor_seed108_crop.png,zimage,prof_doctor,Man,Asian,5,Man,Latino Hispanic,22,True,1,-78.94,9,Man,Man,Man,5,3,3,Middle Eastern,Asian,Asian
prof_doctor_seed108_crop.png,zimage,prof_doctor,Man,Asian,5,Man,Latino Hispanic,22,True,1,-78.94,9,Man,Man,Man,5,3,6,Middle Eastern,White,White
prof_doctor_seed108_crop.png,zimage,prof_doctor,Man,Asian,5,Man,Latino Hispanic,22,True,1,-78.94,9,Man,Man,Man,5,Unclear,3,White,Unclear,White
prof_doctor_seed108_crop.png,zimage,prof_doctor,Man,Asian,5,Man,Latino Hispanic,22,True,1,-78.94,9,Woman,Woman,Woman,3,2,5,Asian,Asian,Asian
prof_doctor_seed108_crop.png,zimage,prof_doctor,Man,Asian,5,Man,Asian,30,True,6,88.82,1,Man,Man,Man,5,3,5,Indian,Asian,Asian
prof_doctor_seed108_crop.png,zimage,prof_doctor,Man,Asian,5,Man,Asian,30,True,6,88.82,1,Man,Man,Man,5,3,3,Middle Eastern,Asian,Asian
prof_doctor_seed108_crop.png,zimage,prof_doctor,Man,Asian,5,Man,Asian,30,True,6,88.82,1,Man,Man,Man,5,3,6,Middle Eastern,White,White
prof_doctor_seed108_crop.png,zimage,prof_doctor,Man,Asian,5,Man,Asian,30,True,6,88.82,1,Man,Man,Man,5,Unclear,3,White,Unclear,White
prof_doctor_seed108_crop.png,zimage,prof_doctor,Man,Asian,5,Man,Asian,30,True,6,88.82,1,Woman,Woman,Woman,3,2,5,Asian,Asian,Asian
prof_doctor_seed108_crop.png,zimage,prof_doctor,Man,Asian,5,Man,Asian,30,True,5,72.6,1,Man,Man,Man,5,3,5,Indian,Asian,Asian
prof_doctor_seed108_crop.png,zimage,prof_doctor,Man,Asian,5,Man,Asian,30,True,5,72.6,1,Man,Man,Man,5,3,3,Middle Eastern,Asian,Asian
prof_doctor_seed108_crop.png,zimage,prof_doctor,Man,Asian,5,Man,Asian,30,True,5,72.6,1,Man,Man,Man,5,3,6,Middle Eastern,White,White
prof_doctor_seed108_crop.png,zimage,prof_doctor,Man,Asian,5,Man,Asian,30,True,5,72.6,1,Man,Man,Man,5,Unclear,3,White,Unclear,White
prof_doctor_seed108_crop.png,zimage,prof_doctor,Man,Asian,5,Man,Asian,30,True,5,72.6,1,Woman,Woman,Woman,3,2,5,Asian,Asian,Asian
prof_doctor_seed108_crop.png,zimage,prof_doctor,Man,Asian,5,Man,Asian,30,True,6,84.9,1,Man,Man,Man,5,3,5,Indian,Asian,Asian
prof_doctor_seed108_crop.png,zimage,prof_doctor,Man,Asian,5,Man,Asian,30,True,6,84.9,1,Man,Man,Man,5,3,3,Middle Eastern,Asian,Asian
prof_doctor_seed108_crop.png,zimage,prof_doctor,Man,Asian,5,Man,Asian,30,True,6,84.9,1,Man,Man,Man,5,3,6,Middle Eastern,White,White
prof_doctor_seed108_crop.png,zimage,prof_doctor,Man,Asian,5,Man,Asian,30,True,6,84.9,1,Man,Man,Man,5,Unclear,3,White,Unclear,White
prof_doctor_seed108_crop.png,zimage,prof_doctor,Man,Asian,5,Man,Asian,30,True,6,84.9,1,Woman,Woman,Woman,3,2,5,Asian,Asian,Asian
prof_doctor_seed108_crop.png,zimage,prof_doctor,Man,Asian,5,Man,Asian,30,True,6,47.82,2,Man,Man,Man,5,3,5,Indian,Asian,Asian
prof_doctor_seed108_crop.png,zimage,prof_doctor,Man,Asian,5,Man,Asian,30,True,6,47.82,2,Man,Man,Man,5,3,3,Middle Eastern,Asian,Asian
prof_doctor_seed108_crop.png,zimage,prof_doctor,Man,Asian,5,Man,Asian,30,True,6,47.82,2,Man,Man,Man,5,3,6,Middle Eastern,White,White
prof_doctor_seed108_crop.png,zimage,prof_doctor,Man,Asian,5,Man,Asian,30,True,6,47.82,2,Man,Man,Man,5,Unclear,3,White,Unclear,White
prof_doctor_seed108_crop.png,zimage,prof_doctor,Man,Asian,5,Man,Asian,30,True,6,47.82,2,Woman,Woman,Woman,3,2,5,Asian,Asian,Asian
prof_doctor_seed108_crop.png,zimage,prof_doctor,Man,Asian,5,Man,Asian,30,True,1,-78.94,9,Man,Man,Man,5,3,5,Indian,Asian,Asian
prof_doctor_seed108_crop.png,zimage,prof_doctor,Man,Asian,5,Man,Asian,30,True,1,-78.94,9,Man,Man,Man,5,3,3,Middle Eastern,Asian,Asian
prof_doctor_seed108_crop.png,zimage,prof_doctor,Man,Asian,5,Man,Asian,30,True,1,-78.94,9,Man,Man,Man,5,3,6,Middle Eastern,White,White
prof_doctor_seed108_crop.png,zimage,prof_doctor,Man,Asian,5,Man,Asian,30,True,1,-78.94,9,Man,Man,Man,5,Unclear,3,White,Unclear,White
prof_doctor_seed108_crop.png,zimage,prof_doctor,Man,Asian,5,Man,Asian,30,True,1,-78.94,9,Woman,Woman,Woman,3,2,5,Asian,Asian,Asian
prof_doctor_seed108_crop.png,zimage,prof_doctor,Man,Asian,5,Man,White,29,False,6,88.82,1,Man,Man,Man,5,3,5,Indian,Asian,Asian
prof_doctor_seed108_crop.png,zimage,prof_doctor,Man,Asian,5,Man,White,29,False,6,88.82,1,Man,Man,Man,5,3,3,Middle Eastern,Asian,Asian
prof_doctor_seed108_crop.png,zimage,prof_doctor,Man,Asian,5,Man,White,29,False,6,88.82,1,Man,Man,Man,5,3,6,Middle Eastern,White,White
prof_doctor_seed108_crop.png,zimage,prof_doctor,Man,Asian,5,Man,White,29,False,6,88.82,1,Man,Man,Man,5,Unclear,3,White,Unclear,White
prof_doctor_seed108_crop.png,zimage,prof_doctor,Man,Asian,5,Man,White,29,False,6,88.82,1,Woman,Woman,Woman,3,2,5,Asian,Asian,Asian
prof_doctor_seed108_crop.png,zimage,prof_doctor,Man,Asian,5,Man,White,29,False,5,72.6,1,Man,Man,Man,5,3,5,Indian,Asian,Asian
prof_doctor_seed108_crop.png,zimage,prof_doctor,Man,Asian,5,Man,White,29,False,5,72.6,1,Man,Man,Man,5,3,3,Middle Eastern,Asian,Asian
prof_doctor_seed108_crop.png,zimage,prof_doctor,Man,Asian,5,Man,White,29,False,5,72.6,1,Man,Man,Man,5,3,6,Middle Eastern,White,White
prof_doctor_seed108_crop.png,zimage,prof_doctor,Man,Asian,5,Man,White,29,False,5,72.6,1,Man,Man,Man,5,Unclear,3,White,Unclear,White
prof_doctor_seed108_crop.png,zimage,prof_doctor,Man,Asian,5,Man,White,29,False,5,72.6,1,Woman,Woman,Woman,3,2,5,Asian,Asian,Asian
prof_doctor_seed108_crop.png,zimage,prof_doctor,Man,Asian,5,Man,White,29,False,6,84.9,1,Man,Man,Man,5,3,5,Indian,Asian,Asian
prof_doctor_seed108_crop.png,zimage,prof_doctor,Man,Asian,5,Man,White,29,False,6,84.9,1,Man,Man,Man,5,3,3,Middle Eastern,Asian,Asian
prof_doctor_seed108_crop.png,zimage,prof_doctor,Man,Asian,5,Man,White,29,False,6,84.9,1,Man,Man,Man,5,3,6,Middle Eastern,White,White
prof_doctor_seed108_crop.png,zimage,prof_doctor,Man,Asian,5,Man,White,29,False,6,84.9,1,Man,Man,Man,5,Unclear,3,White,Unclear,White
prof_doctor_seed108_crop.png,zimage,prof_doctor,Man,Asian,5,Man,White,29,False,6,84.9,1,Woman,Woman,Woman,3,2,5,Asian,Asian,Asian
prof_doctor_seed108_crop.png,zimage,prof_doctor,Man,Asian,5,Man,White,29,False,6,47.82,2,Man,Man,Man,5,3,5,Indian,Asian,Asian
prof_doctor_seed108_crop.png,zimage,prof_doctor,Man,Asian,5,Man,White,29,False,6,47.82,2,Man,Man,Man,5,3,3,Middle Eastern,Asian,Asian
prof_doctor_seed108_crop.png,zimage,prof_doctor,Man,Asian,5,Man,White,29,False,6,47.82,2,Man,Man,Man,5,3,6,Middle Eastern,White,White
prof_doctor_seed108_crop.png,zimage,prof_doctor,Man,Asian,5,Man,White,29,False,6,47.82,2,Man,Man,Man,5,Unclear,3,White,Unclear,White
prof_doctor_seed108_crop.png,zimage,prof_doctor,Man,Asian,5,Man,White,29,False,6,47.82,2,Woman,Woman,Woman,3,2,5,Asian,Asian,Asian
prof_doctor_seed108_crop.png,zimage,prof_doctor,Man,Asian,5,Man,White,29,False,1,-78.94,9,Man,Man,Man,5,3,5,Indian,Asian,Asian
prof_doctor_seed108_crop.png,zimage,prof_doctor,Man,Asian,5,Man,White,29,False,1,-78.94,9,Man,Man,Man,5,3,3,Middle Eastern,Asian,Asian
prof_doctor_seed108_crop.png,zimage,prof_doctor,Man,Asian,5,Man,White,29,False,1,-78.94,9,Man,Man,Man,5,3,6,Middle Eastern,White,White
prof_doctor_seed108_crop.png,zimage,prof_doctor,Man,Asian,5,Man,White,29,False,1,-78.94,9,Man,Man,Man,5,Unclear,3,White,Unclear,White
prof_doctor_seed108_crop.png,zimage,prof_doctor,Man,Asian,5,Man,White,29,False,1,-78.94,9,Woman,Woman,Woman,3,2,5,Asian,Asian,Asian
prof_doctor_seed108_crop.png,zimage,prof_doctor,Woman,Asian,3,Man,Latino Hispanic,27,True,6,88.82,1,Man,Man,Man,5,3,5,Indian,Asian,Asian
prof_doctor_seed108_crop.png,zimage,prof_doctor,Woman,Asian,3,Man,Latino Hispanic,27,True,6,88.82,1,Man,Man,Man,5,3,3,Middle Eastern,Asian,Asian
prof_doctor_seed108_crop.png,zimage,prof_doctor,Woman,Asian,3,Man,Latino Hispanic,27,True,6,88.82,1,Man,Man,Man,5,3,6,Middle Eastern,White,White
prof_doctor_seed108_crop.png,zimage,prof_doctor,Woman,Asian,3,Man,Latino Hispanic,27,True,6,88.82,1,Man,Man,Man,5,Unclear,3,White,Unclear,White
prof_doctor_seed108_crop.png,zimage,prof_doctor,Woman,Asian,3,Man,Latino Hispanic,27,True,6,88.82,1,Woman,Woman,Woman,3,2,5,Asian,Asian,Asian
prof_doctor_seed108_crop.png,zimage,prof_doctor,Woman,Asian,3,Man,Latino Hispanic,27,True,5,72.6,1,Man,Man,Man,5,3,5,Indian,Asian,Asian
prof_doctor_seed108_crop.png,zimage,prof_doctor,Woman,Asian,3,Man,Latino Hispanic,27,True,5,72.6,1,Man,Man,Man,5,3,3,Middle Eastern,Asian,Asian
prof_doctor_seed108_crop.png,zimage,prof_doctor,Woman,Asian,3,Man,Latino Hispanic,27,True,5,72.6,1,Man,Man,Man,5,3,6,Middle Eastern,White,White
prof_doctor_seed108_crop.png,zimage,prof_doctor,Woman,Asian,3,Man,Latino Hispanic,27,True,5,72.6,1,Man,Man,Man,5,Unclear,3,White,Unclear,White
prof_doctor_seed108_crop.png,zimage,prof_doctor,Woman,Asian,3,Man,Latino Hispanic,27,True,5,72.6,1,Woman,Woman,Woman,3,2,5,Asian,Asian,Asian
prof_doctor_seed108_crop.png,zimage,prof_doctor,Woman,Asian,3,Man,Latino Hispanic,27,True,6,84.9,1,Man,Man,Man,5,3,5,Indian,Asian,Asian
prof_doctor_seed108_crop.png,zimage,prof_doctor,Woman,Asian,3,Man,Latino Hispanic,27,True,6,84.9,1,Man,Man,Man,5,3,3,Middle Eastern,Asian,Asian
prof_doctor_seed108_crop.png,zimage,prof_doctor,Woman,Asian,3,Man,Latino Hispanic,27,True,6,84.9,1,Man,Man,Man,5,3,6,Middle Eastern,White,White
prof_doctor_seed108_crop.png,zimage,prof_doctor,Woman,Asian,3,Man,Latino Hispanic,27,True,6,84.9,1,Man,Man,Man,5,Unclear,3,White,Unclear,White
prof_doctor_seed108_crop.png,zimage,prof_doctor,Woman,Asian,3,Man,Latino Hispanic,27,True,6,84.9,1,Woman,Woman,Woman,3,2,5,Asian,Asian,Asian
prof_doctor_seed108_crop.png,zimage,prof_doctor,Woman,Asian,3,Man,Latino Hispanic,27,True,6,47.82,2,Man,Man,Man,5,3,5,Indian,Asian,Asian
prof_doctor_seed108_crop.png,zimage,prof_doctor,Woman,Asian,3,Man,Latino Hispanic,27,True,6,47.82,2,Man,Man,Man,5,3,3,Middle Eastern,Asian,Asian
prof_doctor_seed108_crop.png,zimage,prof_doctor,Woman,Asian,3,Man,Latino Hispanic,27,True,6,47.82,2,Man,Man,Man,5,3,6,Middle Eastern,White,White
prof_doctor_seed108_crop.png,zimage,prof_doctor,Woman,Asian,3,Man,Latino Hispanic,27,True,6,47.82,2,Man,Man,Man,5,Unclear,3,White,Unclear,White
prof_doctor_seed108_crop.png,zimage,prof_doctor,Woman,Asian,3,Man,Latino Hispanic,27,True,6,47.82,2,Woman,Woman,Woman,3,2,5,Asian,Asian,Asian
prof_doctor_seed108_crop.png,zimage,prof_doctor,Woman,Asian,3,Man,Latino Hispanic,27,True,1,-78.94,9,Man,Man,Man,5,3,5,Indian,Asian,Asian
prof_doctor_seed108_crop.png,zimage,prof_doctor,Woman,Asian,3,Man,Latino Hispanic,27,True,1,-78.94,9,Man,Man,Man,5,3,3,Middle Eastern,Asian,Asian
prof_doctor_seed108_crop.png,zimage,prof_doctor,Woman,Asian,3,Man,Latino Hispanic,27,True,1,-78.94,9,Man,Man,Man,5,3,6,Middle Eastern,White,White
prof_doctor_seed108_crop.png,zimage,prof_doctor,Woman,Asian,3,Man,Latino Hispanic,27,True,1,-78.94,9,Man,Man,Man,5,Unclear,3,White,Unclear,White
prof_doctor_seed108_crop.png,zimage,prof_doctor,Woman,Asian,3,Man,Latino Hispanic,27,True,1,-78.94,9,Woman,Woman,Woman,3,2,5,Asian,Asian,Asian
prof_doctor_seed108_crop.png,zimage,prof_doctor,Woman,Asian,3,Man,White,38,True,6,88.82,1,Man,Man,Man,5,3,5,Indian,Asian,Asian
prof_doctor_seed108_crop.png,zimage,prof_doctor,Woman,Asian,3,Man,White,38,True,6,88.82,1,Man,Man,Man,5,3,3,Middle Eastern,Asian,Asian
prof_doctor_seed108_crop.png,zimage,prof_doctor,Woman,Asian,3,Man,White,38,True,6,88.82,1,Man,Man,Man,5,3,6,Middle Eastern,White,White
prof_doctor_seed108_crop.png,zimage,prof_doctor,Woman,Asian,3,Man,White,38,True,6,88.82,1,Man,Man,Man,5,Unclear,3,White,Unclear,White
prof_doctor_seed108_crop.png,zimage,prof_doctor,Woman,Asian,3,Man,White,38,True,6,88.82,1,Woman,Woman,Woman,3,2,5,Asian,Asian,Asian
prof_doctor_seed108_crop.png,zimage,prof_doctor,Woman,Asian,3,Man,White,38,True,5,72.6,1,Man,Man,Man,5,3,5,Indian,Asian,Asian
prof_doctor_seed108_crop.png,zimage,prof_doctor,Woman,Asian,3,Man,White,38,True,5,72.6,1,Man,Man,Man,5,3,3,Middle Eastern,Asian,Asian
prof_doctor_seed108_crop.png,zimage,prof_doctor,Woman,Asian,3,Man,White,38,True,5,72.6,1,Man,Man,Man,5,3,6,Middle Eastern,White,White
prof_doctor_seed108_crop.png,zimage,prof_doctor,Woman,Asian,3,Man,White,38,True,5,72.6,1,Man,Man,Man,5,Unclear,3,White,Unclear,White
prof_doctor_seed108_crop.png,zimage,prof_doctor,Woman,Asian,3,Man,White,38,True,5,72.6,1,Woman,Woman,Woman,3,2,5,Asian,Asian,Asian
prof_doctor_seed108_crop.png,zimage,prof_doctor,Woman,Asian,3,Man,White,38,True,6,84.9,1,Man,Man,Man,5,3,5,Indian,Asian,Asian
prof_doctor_seed108_crop.png,zimage,prof_doctor,Woman,Asian,3,Man,White,38,True,6,84.9,1,Man,Man,Man,5,3,3,Middle Eastern,Asian,Asian
prof_doctor_seed108_crop.png,zimage,prof_doctor,Woman,Asian,3,Man,White,38,True,6,84.9,1,Man,Man,Man,5,3,6,Middle Eastern,White,White
prof_doctor_seed108_crop.png,zimage,prof_doctor,Woman,Asian,3,Man,White,38,True,6,84.9,1,Man,Man,Man,5,Unclear,3,White,Unclear,White
prof_doctor_seed108_crop.png,zimage,prof_doctor,Woman,Asian,3,Man,White,38,True,6,84.9,1,Woman,Woman,Woman,3,2,5,Asian,Asian,Asian
prof_doctor_seed108_crop.png,zimage,prof_doctor,Woman,Asian,3,Man,White,38,True,6,47.82,2,Man,Man,Man,5,3,5,Indian,Asian,Asian
prof_doctor_seed108_crop.png,zimage,prof_doctor,Woman,Asian,3,Man,White,38,True,6,47.82,2,Man,Man,Man,5,3,3,Middle Eastern,Asian,Asian
prof_doctor_seed108_crop.png,zimage,prof_doctor,Woman,Asian,3,Man,White,38,True,6,47.82,2,Man,Man,Man,5,3,6,Middle Eastern,White,White
prof_doctor_seed108_crop.png,zimage,prof_doctor,Woman,Asian,3,Man,White,38,True,6,47.82,2,Man,Man,Man,5,Unclear,3,White,Unclear,White
prof_doctor_seed108_crop.png,zimage,prof_doctor,Woman,Asian,3,Man,White,38,True,6,47.82,2,Woman,Woman,Woman,3,2,5,Asian,Asian,Asian
prof_doctor_seed108_crop.png,zimage,prof_doctor,Woman,Asian,3,Man,White,38,True,1,-78.94,9,Man,Man,Man,5,3,5,Indian,Asian,Asian
prof_doctor_seed108_crop.png,zimage,prof_doctor,Woman,Asian,3,Man,White,38,True,1,-78.94,9,Man,Man,Man,5,3,3,Middle Eastern,Asian,Asian
prof_doctor_seed108_crop.png,zimage,prof_doctor,Woman,Asian,3,Man,White,38,True,1,-78.94,9,Man,Man,Man,5,3,6,Middle Eastern,White,White
prof_doctor_seed108_crop.png,zimage,prof_doctor,Woman,Asian,3,Man,White,38,True,1,-78.94,9,Man,Man,Man,5,Unclear,3,White,Unclear,White
prof_doctor_seed108_crop.png,zimage,prof_doctor,Woman,Asian,3,Man,White,38,True,1,-78.94,9,Woman,Woman,Woman,3,2,5,Asian,Asian,Asian
prof_doctor_seed108_crop.png,zimage,prof_doctor,Woman,Asian,3,Man,Latino Hispanic,22,True,6,88.82,1,Man,Man,Man,5,3,5,Indian,Asian,Asian
prof_doctor_seed108_crop.png,zimage,prof_doctor,Woman,Asian,3,Man,Latino Hispanic,22,True,6,88.82,1,Man,Man,Man,5,3,3,Middle Eastern,Asian,Asian
prof_doctor_seed108_crop.png,zimage,prof_doctor,Woman,Asian,3,Man,Latino Hispanic,22,True,6,88.82,1,Man,Man,Man,5,3,6,Middle Eastern,White,White
prof_doctor_seed108_crop.png,zimage,prof_doctor,Woman,Asian,3,Man,Latino Hispanic,22,True,6,88.82,1,Man,Man,Man,5,Unclear,3,White,Unclear,White
prof_doctor_seed108_crop.png,zimage,prof_doctor,Woman,Asian,3,Man,Latino Hispanic,22,True,6,88.82,1,Woman,Woman,Woman,3,2,5,Asian,Asian,Asian
prof_doctor_seed108_crop.png,zimage,prof_doctor,Woman,Asian,3,Man,Latino Hispanic,22,True,5,72.6,1,Man,Man,Man,5,3,5,Indian,Asian,Asian
prof_doctor_seed108_crop.png,zimage,prof_doctor,Woman,Asian,3,Man,Latino Hispanic,22,True,5,72.6,1,Man,Man,Man,5,3,3,Middle Eastern,Asian,Asian
prof_doctor_seed108_crop.png,zimage,prof_doctor,Woman,Asian,3,Man,Latino Hispanic,22,True,5,72.6,1,Man,Man,Man,5,3,6,Middle Eastern,White,White
prof_doctor_seed108_crop.png,zimage,prof_doctor,Woman,Asian,3,Man,Latino Hispanic,22,True,5,72.6,1,Man,Man,Man,5,Unclear,3,White,Unclear,White
prof_doctor_seed108_crop.png,zimage,prof_doctor,Woman,Asian,3,Man,Latino Hispanic,22,True,5,72.6,1,Woman,Woman,Woman,3,2,5,Asian,Asian,Asian
prof_doctor_seed108_crop.png,zimage,prof_doctor,Woman,Asian,3,Man,Latino Hispanic,22,True,6,84.9,1,Man,Man,Man,5,3,5,Indian,Asian,Asian
prof_doctor_seed108_crop.png,zimage,prof_doctor,Woman,Asian,3,Man,Latino Hispanic,22,True,6,84.9,1,Man,Man,Man,5,3,3,Middle Eastern,Asian,Asian
prof_doctor_seed108_crop.png,zimage,prof_doctor,Woman,Asian,3,Man,Latino Hispanic,22,True,6,84.9,1,Man,Man,Man,5,3,6,Middle Eastern,White,White
prof_doctor_seed108_crop.png,zimage,prof_doctor,Woman,Asian,3,Man,Latino Hispanic,22,True,6,84.9,1,Man,Man,Man,5,Unclear,3,White,Unclear,White
prof_doctor_seed108_crop.png,zimage,prof_doctor,Woman,Asian,3,Man,Latino Hispanic,22,True,6,84.9,1,Woman,Woman,Woman,3,2,5,Asian,Asian,Asian
prof_doctor_seed108_crop.png,zimage,prof_doctor,Woman,Asian,3,Man,Latino Hispanic,22,True,6,47.82,2,Man,Man,Man,5,3,5,Indian,Asian,Asian
prof_doctor_seed108_crop.png,zimage,prof_doctor,Woman,Asian,3,Man,Latino Hispanic,22,True,6,47.82,2,Man,Man,Man,5,3,3,Middle Eastern,Asian,Asian
prof_doctor_seed108_crop.png,zimage,prof_doctor,Woman,Asian,3,Man,Latino Hispanic,22,True,6,47.82,2,Man,Man,Man,5,3,6,Middle Eastern,White,White
prof_doctor_seed108_crop.png,zimage,prof_doctor,Woman,Asian,3,Man,Latino Hispanic,22,True,6,47.82,2,Man,Man,Man,5,Unclear,3,White,Unclear,White
prof_doctor_seed108_crop.png,zimage,prof_doctor,Woman,Asian,3,Man,Latino Hispanic,22,True,6,47.82,2,Woman,Woman,Woman,3,2,5,Asian,Asian,Asian
prof_doctor_seed108_crop.png,zimage,prof_doctor,Woman,Asian,3,Man,Latino Hispanic,22,True,1,-78.94,9,Man,Man,Man,5,3,5,Indian,Asian,Asian
prof_doctor_seed108_crop.png,zimage,prof_doctor,Woman,Asian,3,Man,Latino Hispanic,22,True,1,-78.94,9,Man,Man,Man,5,3,3,Middle Eastern,Asian,Asian
prof_doctor_seed108_crop.png,zimage,prof_doctor,Woman,Asian,3,Man,Latino Hispanic,22,True,1,-78.94,9,Man,Man,Man,5,3,6,Middle Eastern,White,White
prof_doctor_seed108_crop.png,zimage,prof_doctor,Woman,Asian,3,Man,Latino Hispanic,22,True,1,-78.94,9,Man,Man,Man,5,Unclear,3,White,Unclear,White
prof_doctor_seed108_crop.png,zimage,prof_doctor,Woman,Asian,3,Man,Latino Hispanic,22,True,1,-78.94,9,Woman,Woman,Woman,3,2,5,Asian,Asian,Asian
prof_doctor_seed108_crop.png,zimage,prof_doctor,Woman,Asian,3,Man,Asian,30,True,6,88.82,1,Man,Man,Man,5,3,5,Indian,Asian,Asian
prof_doctor_seed108_crop.png,zimage,prof_doctor,Woman,Asian,3,Man,Asian,30,True,6,88.82,1,Man,Man,Man,5,3,3,Middle Eastern,Asian,Asian
prof_doctor_seed108_crop.png,zimage,prof_doctor,Woman,Asian,3,Man,Asian,30,True,6,88.82,1,Man,Man,Man,5,3,6,Middle Eastern,White,White
prof_doctor_seed108_crop.png,zimage,prof_doctor,Woman,Asian,3,Man,Asian,30,True,6,88.82,1,Man,Man,Man,5,Unclear,3,White,Unclear,White
prof_doctor_seed108_crop.png,zimage,prof_doctor,Woman,Asian,3,Man,Asian,30,True,6,88.82,1,Woman,Woman,Woman,3,2,5,Asian,Asian,Asian
prof_doctor_seed108_crop.png,zimage,prof_doctor,Woman,Asian,3,Man,Asian,30,True,5,72.6,1,Man,Man,Man,5,3,5,Indian,Asian,Asian
prof_doctor_seed108_crop.png,zimage,prof_doctor,Woman,Asian,3,Man,Asian,30,True,5,72.6,1,Man,Man,Man,5,3,3,Middle Eastern,Asian,Asian
prof_doctor_seed108_crop.png,zimage,prof_doctor,Woman,Asian,3,Man,Asian,30,True,5,72.6,1,Man,Man,Man,5,3,6,Middle Eastern,White,White
prof_doctor_seed108_crop.png,zimage,prof_doctor,Woman,Asian,3,Man,Asian,30,True,5,72.6,1,Man,Man,Man,5,Unclear,3,White,Unclear,White
prof_doctor_seed108_crop.png,zimage,prof_doctor,Woman,Asian,3,Man,Asian,30,True,5,72.6,1,Woman,Woman,Woman,3,2,5,Asian,Asian,Asian
prof_doctor_seed108_crop.png,zimage,prof_doctor,Woman,Asian,3,Man,Asian,30,True,6,84.9,1,Man,Man,Man,5,3,5,Indian,Asian,Asian
prof_doctor_seed108_crop.png,zimage,prof_doctor,Woman,Asian,3,Man,Asian,30,True,6,84.9,1,Man,Man,Man,5,3,3,Middle Eastern,Asian,Asian
prof_doctor_seed108_crop.png,zimage,prof_doctor,Woman,Asian,3,Man,Asian,30,True,6,84.9,1,Man,Man,Man,5,3,6,Middle Eastern,White,White
prof_doctor_seed108_crop.png,zimage,prof_doctor,Woman,Asian,3,Man,Asian,30,True,6,84.9,1,Man,Man,Man,5,Unclear,3,White,Unclear,White
prof_doctor_seed108_crop.png,zimage,prof_doctor,Woman,Asian,3,Man,Asian,30,True,6,84.9,1,Woman,Woman,Woman,3,2,5,Asian,Asian,Asian
prof_doctor_seed108_crop.png,zimage,prof_doctor,Woman,Asian,3,Man,Asian,30,True,6,47.82,2,Man,Man,Man,5,3,5,Indian,Asian,Asian
prof_doctor_seed108_crop.png,zimage,prof_doctor,Woman,Asian,3,Man,Asian,30,True,6,47.82,2,Man,Man,Man,5,3,3,Middle Eastern,Asian,Asian
prof_doctor_seed108_crop.png,zimage,prof_doctor,Woman,Asian,3,Man,Asian,30,True,6,47.82,2,Man,Man,Man,5,3,6,Middle Eastern,White,White
prof_doctor_seed108_crop.png,zimage,prof_doctor,Woman,Asian,3,Man,Asian,30,True,6,47.82,2,Man,Man,Man,5,Unclear,3,White,Unclear,White
prof_doctor_seed108_crop.png,zimage,prof_doctor,Woman,Asian,3,Man,Asian,30,True,6,47.82,2,Woman,Woman,Woman,3,2,5,Asian,Asian,Asian
prof_doctor_seed108_crop.png,zimage,prof_doctor,Woman,Asian,3,Man,Asian,30,True,1,-78.94,9,Man,Man,Man,5,3,5,Indian,Asian,Asian
prof_doctor_seed108_crop.png,zimage,prof_doctor,Woman,Asian,3,Man,Asian,30,True,1,-78.94,9,Man,Man,Man,5,3,3,Middle Eastern,Asian,Asian
prof_doctor_seed108_crop.png,zimage,prof_doctor,Woman,Asian,3,Man,Asian,30,True,1,-78.94,9,Man,Man,Man,5,3,6,Middle Eastern,White,White
prof_doctor_seed108_crop.png,zimage,prof_doctor,Woman,Asian,3,Man,Asian,30,True,1,-78.94,9,Man,Man,Man,5,Unclear,3,White,Unclear,White
prof_doctor_seed108_crop.png,zimage,prof_doctor,Woman,Asian,3,Man,Asian,30,True,1,-78.94,9,Woman,Woman,Woman,3,2,5,Asian,Asian,Asian
prof_doctor_seed108_crop.png,zimage,prof_doctor,Woman,Asian,3,Man,White,29,False,6,88.82,1,Man,Man,Man,5,3,5,Indian,Asian,Asian
prof_doctor_seed108_crop.png,zimage,prof_doctor,Woman,Asian,3,Man,White,29,False,6,88.82,1,Man,Man,Man,5,3,3,Middle Eastern,Asian,Asian
prof_doctor_seed108_crop.png,zimage,prof_doctor,Woman,Asian,3,Man,White,29,False,6,88.82,1,Man,Man,Man,5,3,6,Middle Eastern,White,White
prof_doctor_seed108_crop.png,zimage,prof_doctor,Woman,Asian,3,Man,White,29,False,6,88.82,1,Man,Man,Man,5,Unclear,3,White,Unclear,White
prof_doctor_seed108_crop.png,zimage,prof_doctor,Woman,Asian,3,Man,White,29,False,6,88.82,1,Woman,Woman,Woman,3,2,5,Asian,Asian,Asian
prof_doctor_seed108_crop.png,zimage,prof_doctor,Woman,Asian,3,Man,White,29,False,5,72.6,1,Man,Man,Man,5,3,5,Indian,Asian,Asian
prof_doctor_seed108_crop.png,zimage,prof_doctor,Woman,Asian,3,Man,White,29,False,5,72.6,1,Man,Man,Man,5,3,3,Middle Eastern,Asian,Asian
prof_doctor_seed108_crop.png,zimage,prof_doctor,Woman,Asian,3,Man,White,29,False,5,72.6,1,Man,Man,Man,5,3,6,Middle Eastern,White,White
prof_doctor_seed108_crop.png,zimage,prof_doctor,Woman,Asian,3,Man,White,29,False,5,72.6,1,Man,Man,Man,5,Unclear,3,White,Unclear,White
prof_doctor_seed108_crop.png,zimage,prof_doctor,Woman,Asian,3,Man,White,29,False,5,72.6,1,Woman,Woman,Woman,3,2,5,Asian,Asian,Asian
prof_doctor_seed108_crop.png,zimage,prof_doctor,Woman,Asian,3,Man,White,29,False,6,84.9,1,Man,Man,Man,5,3,5,Indian,Asian,Asian
prof_doctor_seed108_crop.png,zimage,prof_doctor,Woman,Asian,3,Man,White,29,False,6,84.9,1,Man,Man,Man,5,3,3,Middle Eastern,Asian,Asian
prof_doctor_seed108_crop.png,zimage,prof_doctor,Woman,Asian,3,Man,White,29,False,6,84.9,1,Man,Man,Man,5,3,6,Middle Eastern,White,White
prof_doctor_seed108_crop.png,zimage,prof_doctor,Woman,Asian,3,Man,White,29,False,6,84.9,1,Man,Man,Man,5,Unclear,3,White,Unclear,White
prof_doctor_seed108_crop.png,zimage,prof_doctor,Woman,Asian,3,Man,White,29,False,6,84.9,1,Woman,Woman,Woman,3,2,5,Asian,Asian,Asian
prof_doctor_seed108_crop.png,zimage,prof_doctor,Woman,Asian,3,Man,White,29,False,6,47.82,2,Man,Man,Man,5,3,5,Indian,Asian,Asian
prof_doctor_seed108_crop.png,zimage,prof_doctor,Woman,Asian,3,Man,White,29,False,6,47.82,2,Man,Man,Man,5,3,3,Middle Eastern,Asian,Asian
prof_doctor_seed108_crop.png,zimage,prof_doctor,Woman,Asian,3,Man,White,29,False,6,47.82,2,Man,Man,Man,5,3,6,Middle Eastern,White,White
prof_doctor_seed108_crop.png,zimage,prof_doctor,Woman,Asian,3,Man,White,29,False,6,47.82,2,Man,Man,Man,5,Unclear,3,White,Unclear,White
prof_doctor_seed108_crop.png,zimage,prof_doctor,Woman,Asian,3,Man,White,29,False,6,47.82,2,Woman,Woman,Woman,3,2,5,Asian,Asian,Asian
prof_doctor_seed108_crop.png,zimage,prof_doctor,Woman,Asian,3,Man,White,29,False,1,-78.94,9,Man,Man,Man,5,3,5,Indian,Asian,Asian
prof_doctor_seed108_crop.png,zimage,prof_doctor,Woman,Asian,3,Man,White,29,False,1,-78.94,9,Man,Man,Man,5,3,3,Middle Eastern,Asian,Asian
prof_doctor_seed108_crop.png,zimage,prof_doctor,Woman,Asian,3,Man,White,29,False,1,-78.94,9,Man,Man,Man,5,3,6,Middle Eastern,White,White
prof_doctor_seed108_crop.png,zimage,prof_doctor,Woman,Asian,3,Man,White,29,False,1,-78.94,9,Man,Man,Man,5,Unclear,3,White,Unclear,White
prof_doctor_seed108_crop.png,zimage,prof_doctor,Woman,Asian,3,Man,White,29,False,1,-78.94,9,Woman,Woman,Woman,3,2,5,Asian,Asian,Asian
base_beautiful_seed117_crop.png,qwen,base_beautiful,Woman,Asian,5,Woman,Latino Hispanic,28,True,5,28.64,3,Woman,Woman,Woman,5,3,5,White,White,White
base_beautiful_seed117_crop.png,qwen,base_beautiful,Woman,Asian,5,Woman,Latino Hispanic,28,True,5,28.64,3,Woman,Woman,Woman,5,3,5,Indian,White,White
base_beautiful_seed117_crop.png,qwen,base_beautiful,Woman,Asian,5,Woman,Latino Hispanic,28,True,5,28.64,3,Woman,Woman,Woman,5,3,6,Asian,Asian,Asian
base_beautiful_seed117_crop.png,qwen,base_beautiful,Woman,Asian,5,Woman,Latino Hispanic,28,True,5,28.64,3,Woman,Woman,Woman,5,6,9,Black,Black,Black
base_beautiful_seed117_crop.png,qwen,base_beautiful,Woman,Asian,5,Woman,Latino Hispanic,28,True,5,28.64,3,Woman,Woman,Woman,5,2,5,Asian,Asian,Asian
base_beautiful_seed117_crop.png,qwen,base_beautiful,Woman,Asian,5,Woman,Latino Hispanic,28,True,5,-9.64,7,Woman,Woman,Woman,5,3,5,White,White,White
base_beautiful_seed117_crop.png,qwen,base_beautiful,Woman,Asian,5,Woman,Latino Hispanic,28,True,5,-9.64,7,Woman,Woman,Woman,5,3,5,Indian,White,White
base_beautiful_seed117_crop.png,qwen,base_beautiful,Woman,Asian,5,Woman,Latino Hispanic,28,True,5,-9.64,7,Woman,Woman,Woman,5,3,6,Asian,Asian,Asian
base_beautiful_seed117_crop.png,qwen,base_beautiful,Woman,Asian,5,Woman,Latino Hispanic,28,True,5,-9.64,7,Woman,Woman,Woman,5,6,9,Black,Black,Black
base_beautiful_seed117_crop.png,qwen,base_beautiful,Woman,Asian,5,Woman,Latino Hispanic,28,True,5,-9.64,7,Woman,Woman,Woman,5,2,5,Asian,Asian,Asian
base_beautiful_seed117_crop.png,qwen,base_beautiful,Woman,Asian,5,Woman,Latino Hispanic,28,True,5,40.88,3,Woman,Woman,Woman,5,3,5,White,White,White
base_beautiful_seed117_crop.png,qwen,base_beautiful,Woman,Asian,5,Woman,Latino Hispanic,28,True,5,40.88,3,Woman,Woman,Woman,5,3,5,Indian,White,White
base_beautiful_seed117_crop.png,qwen,base_beautiful,Woman,Asian,5,Woman,Latino Hispanic,28,True,5,40.88,3,Woman,Woman,Woman,5,3,6,Asian,Asian,Asian
base_beautiful_seed117_crop.png,qwen,base_beautiful,Woman,Asian,5,Woman,Latino Hispanic,28,True,5,40.88,3,Woman,Woman,Woman,5,6,9,Black,Black,Black
base_beautiful_seed117_crop.png,qwen,base_beautiful,Woman,Asian,5,Woman,Latino Hispanic,28,True,5,40.88,3,Woman,Woman,Woman,5,2,5,Asian,Asian,Asian
base_beautiful_seed117_crop.png,qwen,base_beautiful,Woman,Asian,5,Woman,Latino Hispanic,28,True,5,29.44,3,Woman,Woman,Woman,5,3,5,White,White,White
base_beautiful_seed117_crop.png,qwen,base_beautiful,Woman,Asian,5,Woman,Latino Hispanic,28,True,5,29.44,3,Woman,Woman,Woman,5,3,5,Indian,White,White
base_beautiful_seed117_crop.png,qwen,base_beautiful,Woman,Asian,5,Woman,Latino Hispanic,28,True,5,29.44,3,Woman,Woman,Woman,5,3,6,Asian,Asian,Asian
base_beautiful_seed117_crop.png,qwen,base_beautiful,Woman,Asian,5,Woman,Latino Hispanic,28,True,5,29.44,3,Woman,Woman,Woman,5,6,9,Black,Black,Black
base_beautiful_seed117_crop.png,qwen,base_beautiful,Woman,Asian,5,Woman,Latino Hispanic,28,True,5,29.44,3,Woman,Woman,Woman,5,2,5,Asian,Asian,Asian
base_beautiful_seed117_crop.png,qwen,base_beautiful,Woman,Asian,5,Woman,Latino Hispanic,28,True,10,-34.18,9,Woman,Woman,Woman,5,3,5,White,White,White
base_beautiful_seed117_crop.png,qwen,base_beautiful,Woman,Asian,5,Woman,Latino Hispanic,28,True,10,-34.18,9,Woman,Woman,Woman,5,3,5,Indian,White,White
base_beautiful_seed117_crop.png,qwen,base_beautiful,Woman,Asian,5,Woman,Latino Hispanic,28,True,10,-34.18,9,Woman,Woman,Woman,5,3,6,Asian,Asian,Asian
base_beautiful_seed117_crop.png,qwen,base_beautiful,Woman,Asian,5,Woman,Latino Hispanic,28,True,10,-34.18,9,Woman,Woman,Woman,5,6,9,Black,Black,Black
base_beautiful_seed117_crop.png,qwen,base_beautiful,Woman,Asian,5,Woman,Latino Hispanic,28,True,10,-34.18,9,Woman,Woman,Woman,5,2,5,Asian,Asian,Asian
base_beautiful_seed117_crop.png,qwen,base_beautiful,Woman,Asian,5,Woman,Asian,31,True,5,28.64,3,Woman,Woman,Woman,5,3,5,White,White,White
base_beautiful_seed117_crop.png,qwen,base_beautiful,Woman,Asian,5,Woman,Asian,31,True,5,28.64,3,Woman,Woman,Woman,5,3,5,Indian,White,White
base_beautiful_seed117_crop.png,qwen,base_beautiful,Woman,Asian,5,Woman,Asian,31,True,5,28.64,3,Woman,Woman,Woman,5,3,6,Asian,Asian,Asian
base_beautiful_seed117_crop.png,qwen,base_beautiful,Woman,Asian,5,Woman,Asian,31,True,5,28.64,3,Woman,Woman,Woman,5,6,9,Black,Black,Black
base_beautiful_seed117_crop.png,qwen,base_beautiful,Woman,Asian,5,Woman,Asian,31,True,5,28.64,3,Woman,Woman,Woman,5,2,5,Asian,Asian,Asian
base_beautiful_seed117_crop.png,qwen,base_beautiful,Woman,Asian,5,Woman,Asian,31,True,5,-9.64,7,Woman,Woman,Woman,5,3,5,White,White,White
base_beautiful_seed117_crop.png,qwen,base_beautiful,Woman,Asian,5,Woman,Asian,31,True,5,-9.64,7,Woman,Woman,Woman,5,3,5,Indian,White,White
base_beautiful_seed117_crop.png,qwen,base_beautiful,Woman,Asian,5,Woman,Asian,31,True,5,-9.64,7,Woman,Woman,Woman,5,3,6,Asian,Asian,Asian
base_beautiful_seed117_crop.png,qwen,base_beautiful,Woman,Asian,5,Woman,Asian,31,True,5,-9.64,7,Woman,Woman,Woman,5,6,9,Black,Black,Black
base_beautiful_seed117_crop.png,qwen,base_beautiful,Woman,Asian,5,Woman,Asian,31,True,5,-9.64,7,Woman,Woman,Woman,5,2,5,Asian,Asian,Asian
base_beautiful_seed117_crop.png,qwen,base_beautiful,Woman,Asian,5,Woman,Asian,31,True,5,40.88,3,Woman,Woman,Woman,5,3,5,White,White,White
base_beautiful_seed117_crop.png,qwen,base_beautiful,Woman,Asian,5,Woman,Asian,31,True,5,40.88,3,Woman,Woman,Woman,5,3,5,Indian,White,White
base_beautiful_seed117_crop.png,qwen,base_beautiful,Woman,Asian,5,Woman,Asian,31,True,5,40.88,3,Woman,Woman,Woman,5,3,6,Asian,Asian,Asian
base_beautiful_seed117_crop.png,qwen,base_beautiful,Woman,Asian,5,Woman,Asian,31,True,5,40.88,3,Woman,Woman,Woman,5,6,9,Black,Black,Black
base_beautiful_seed117_crop.png,qwen,base_beautiful,Woman,Asian,5,Woman,Asian,31,True,5,40.88,3,Woman,Woman,Woman,5,2,5,Asian,Asian,Asian
base_beautiful_seed117_crop.png,qwen,base_beautiful,Woman,Asian,5,Woman,Asian,31,True,5,29.44,3,Woman,Woman,Woman,5,3,5,White,White,White
base_beautiful_seed117_crop.png,qwen,base_beautiful,Woman,Asian,5,Woman,Asian,31,True,5,29.44,3,Woman,Woman,Woman,5,3,5,Indian,White,White
base_beautiful_seed117_crop.png,qwen,base_beautiful,Woman,Asian,5,Woman,Asian,31,True,5,29.44,3,Woman,Woman,Woman,5,3,6,Asian,Asian,Asian
base_beautiful_seed117_crop.png,qwen,base_beautiful,Woman,Asian,5,Woman,Asian,31,True,5,29.44,3,Woman,Woman,Woman,5,6,9,Black,Black,Black
base_beautiful_seed117_crop.png,qwen,base_beautiful,Woman,Asian,5,Woman,Asian,31,True,5,29.44,3,Woman,Woman,Woman,5,2,5,Asian,Asian,Asian
base_beautiful_seed117_crop.png,qwen,base_beautiful,Woman,Asian,5,Woman,Asian,31,True,10,-34.18,9,Woman,Woman,Woman,5,3,5,White,White,White
base_beautiful_seed117_crop.png,qwen,base_beautiful,Woman,Asian,5,Woman,Asian,31,True,10,-34.18,9,Woman,Woman,Woman,5,3,5,Indian,White,White
base_beautiful_seed117_crop.png,qwen,base_beautiful,Woman,Asian,5,Woman,Asian,31,True,10,-34.18,9,Woman,Woman,Woman,5,3,6,Asian,Asian,Asian
base_beautiful_seed117_crop.png,qwen,base_beautiful,Woman,Asian,5,Woman,Asian,31,True,10,-34.18,9,Woman,Woman,Woman,5,6,9,Black,Black,Black
base_beautiful_seed117_crop.png,qwen,base_beautiful,Woman,Asian,5,Woman,Asian,31,True,10,-34.18,9,Woman,Woman,Woman,5,2,5,Asian,Asian,Asian
base_beautiful_seed117_crop.png,qwen,base_beautiful,Woman,Asian,5,Woman,White,27,True,5,28.64,3,Woman,Woman,Woman,5,3,5,White,White,White
base_beautiful_seed117_crop.png,qwen,base_beautiful,Woman,Asian,5,Woman,White,27,True,5,28.64,3,Woman,Woman,Woman,5,3,5,Indian,White,White
base_beautiful_seed117_crop.png,qwen,base_beautiful,Woman,Asian,5,Woman,White,27,True,5,28.64,3,Woman,Woman,Woman,5,3,6,Asian,Asian,Asian
base_beautiful_seed117_crop.png,qwen,base_beautiful,Woman,Asian,5,Woman,White,27,True,5,28.64,3,Woman,Woman,Woman,5,6,9,Black,Black,Black
base_beautiful_seed117_crop.png,qwen,base_beautiful,Woman,Asian,5,Woman,White,27,True,5,28.64,3,Woman,Woman,Woman,5,2,5,Asian,Asian,Asian
base_beautiful_seed117_crop.png,qwen,base_beautiful,Woman,Asian,5,Woman,White,27,True,5,-9.64,7,Woman,Woman,Woman,5,3,5,White,White,White
base_beautiful_seed117_crop.png,qwen,base_beautiful,Woman,Asian,5,Woman,White,27,True,5,-9.64,7,Woman,Woman,Woman,5,3,5,Indian,White,White
base_beautiful_seed117_crop.png,qwen,base_beautiful,Woman,Asian,5,Woman,White,27,True,5,-9.64,7,Woman,Woman,Woman,5,3,6,Asian,Asian,Asian
base_beautiful_seed117_crop.png,qwen,base_beautiful,Woman,Asian,5,Woman,White,27,True,5,-9.64,7,Woman,Woman,Woman,5,6,9,Black,Black,Black
base_beautiful_seed117_crop.png,qwen,base_beautiful,Woman,Asian,5,Woman,White,27,True,5,-9.64,7,Woman,Woman,Woman,5,2,5,Asian,Asian,Asian
base_beautiful_seed117_crop.png,qwen,base_beautiful,Woman,Asian,5,Woman,White,27,True,5,40.88,3,Woman,Woman,Woman,5,3,5,White,White,White
base_beautiful_seed117_crop.png,qwen,base_beautiful,Woman,Asian,5,Woman,White,27,True,5,40.88,3,Woman,Woman,Woman,5,3,5,Indian,White,White
base_beautiful_seed117_crop.png,qwen,base_beautiful,Woman,Asian,5,Woman,White,27,True,5,40.88,3,Woman,Woman,Woman,5,3,6,Asian,Asian,Asian
base_beautiful_seed117_crop.png,qwen,base_beautiful,Woman,Asian,5,Woman,White,27,True,5,40.88,3,Woman,Woman,Woman,5,6,9,Black,Black,Black
base_beautiful_seed117_crop.png,qwen,base_beautiful,Woman,Asian,5,Woman,White,27,True,5,40.88,3,Woman,Woman,Woman,5,2,5,Asian,Asian,Asian
base_beautiful_seed117_crop.png,qwen,base_beautiful,Woman,Asian,5,Woman,White,27,True,5,29.44,3,Woman,Woman,Woman,5,3,5,White,White,White
base_beautiful_seed117_crop.png,qwen,base_beautiful,Woman,Asian,5,Woman,White,27,True,5,29.44,3,Woman,Woman,Woman,5,3,5,Indian,White,White
base_beautiful_seed117_crop.png,qwen,base_beautiful,Woman,Asian,5,Woman,White,27,True,5,29.44,3,Woman,Woman,Woman,5,3,6,Asian,Asian,Asian
base_beautiful_seed117_crop.png,qwen,base_beautiful,Woman,Asian,5,Woman,White,27,True,5,29.44,3,Woman,Woman,Woman,5,6,9,Black,Black,Black
base_beautiful_seed117_crop.png,qwen,base_beautiful,Woman,Asian,5,Woman,White,27,True,5,29.44,3,Woman,Woman,Woman,5,2,5,Asian,Asian,Asian
base_beautiful_seed117_crop.png,qwen,base_beautiful,Woman,Asian,5,Woman,White,27,True,10,-34.18,9,Woman,Woman,Woman,5,3,5,White,White,White
base_beautiful_seed117_crop.png,qwen,base_beautiful,Woman,Asian,5,Woman,White,27,True,10,-34.18,9,Woman,Woman,Woman,5,3,5,Indian,White,White
base_beautiful_seed117_crop.png,qwen,base_beautiful,Woman,Asian,5,Woman,White,27,True,10,-34.18,9,Woman,Woman,Woman,5,3,6,Asian,Asian,Asian
base_beautiful_seed117_crop.png,qwen,base_beautiful,Woman,Asian,5,Woman,White,27,True,10,-34.18,9,Woman,Woman,Woman,5,6,9,Black,Black,Black
base_beautiful_seed117_crop.png,qwen,base_beautiful,Woman,Asian,5,Woman,White,27,True,10,-34.18,9,Woman,Woman,Woman,5,2,5,Asian,Asian,Asian
base_beautiful_seed117_crop.png,qwen,base_beautiful,Woman,Asian,5,Woman,Asian,23,True,5,28.64,3,Woman,Woman,Woman,5,3,5,White,White,White
base_beautiful_seed117_crop.png,qwen,base_beautiful,Woman,Asian,5,Woman,Asian,23,True,5,28.64,3,Woman,Woman,Woman,5,3,5,Indian,White,White
base_beautiful_seed117_crop.png,qwen,base_beautiful,Woman,Asian,5,Woman,Asian,23,True,5,28.64,3,Woman,Woman,Woman,5,3,6,Asian,Asian,Asian
base_beautiful_seed117_crop.png,qwen,base_beautiful,Woman,Asian,5,Woman,Asian,23,True,5,28.64,3,Woman,Woman,Woman,5,6,9,Black,Black,Black
base_beautiful_seed117_crop.png,qwen,base_beautiful,Woman,Asian,5,Woman,Asian,23,True,5,28.64,3,Woman,Woman,Woman,5,2,5,Asian,Asian,Asian
base_beautiful_seed117_crop.png,qwen,base_beautiful,Woman,Asian,5,Woman,Asian,23,True,5,-9.64,7,Woman,Woman,Woman,5,3,5,White,White,White
base_beautiful_seed117_crop.png,qwen,base_beautiful,Woman,Asian,5,Woman,Asian,23,True,5,-9.64,7,Woman,Woman,Woman,5,3,5,Indian,White,White
base_beautiful_seed117_crop.png,qwen,base_beautiful,Woman,Asian,5,Woman,Asian,23,True,5,-9.64,7,Woman,Woman,Woman,5,3,6,Asian,Asian,Asian
base_beautiful_seed117_crop.png,qwen,base_beautiful,Woman,Asian,5,Woman,Asian,23,True,5,-9.64,7,Woman,Woman,Woman,5,6,9,Black,Black,Black
base_beautiful_seed117_crop.png,qwen,base_beautiful,Woman,Asian,5,Woman,Asian,23,True,5,-9.64,7,Woman,Woman,Woman,5,2,5,Asian,Asian,Asian
base_beautiful_seed117_crop.png,qwen,base_beautiful,Woman,Asian,5,Woman,Asian,23,True,5,40.88,3,Woman,Woman,Woman,5,3,5,White,White,White
base_beautiful_seed117_crop.png,qwen,base_beautiful,Woman,Asian,5,Woman,Asian,23,True,5,40.88,3,Woman,Woman,Woman,5,3,5,Indian,White,White
base_beautiful_seed117_crop.png,qwen,base_beautiful,Woman,Asian,5,Woman,Asian,23,True,5,40.88,3,Woman,Woman,Woman,5,3,6,Asian,Asian,Asian
base_beautiful_seed117_crop.png,qwen,base_beautiful,Woman,Asian,5,Woman,Asian,23,True,5,40.88,3,Woman,Woman,Woman,5,6,9,Black,Black,Black
base_beautiful_seed117_crop.png,qwen,base_beautiful,Woman,Asian,5,Woman,Asian,23,True,5,40.88,3,Woman,Woman,Woman,5,2,5,Asian,Asian,Asian
base_beautiful_seed117_crop.png,qwen,base_beautiful,Woman,Asian,5,Woman,Asian,23,True,5,29.44,3,Woman,Woman,Woman,5,3,5,White,White,White
base_beautiful_seed117_crop.png,qwen,base_beautiful,Woman,Asian,5,Woman,Asian,23,True,5,29.44,3,Woman,Woman,Woman,5,3,5,Indian,White,White
base_beautiful_seed117_crop.png,qwen,base_beautiful,Woman,Asian,5,Woman,Asian,23,True,5,29.44,3,Woman,Woman,Woman,5,3,6,Asian,Asian,Asian
base_beautiful_seed117_crop.png,qwen,base_beautiful,Woman,Asian,5,Woman,Asian,23,True,5,29.44,3,Woman,Woman,Woman,5,6,9,Black,Black,Black
base_beautiful_seed117_crop.png,qwen,base_beautiful,Woman,Asian,5,Woman,Asian,23,True,5,29.44,3,Woman,Woman,Woman,5,2,5,Asian,Asian,Asian
base_beautiful_seed117_crop.png,qwen,base_beautiful,Woman,Asian,5,Woman,Asian,23,True,10,-34.18,9,Woman,Woman,Woman,5,3,5,White,White,White
base_beautiful_seed117_crop.png,qwen,base_beautiful,Woman,Asian,5,Woman,Asian,23,True,10,-34.18,9,Woman,Woman,Woman,5,3,5,Indian,White,White
base_beautiful_seed117_crop.png,qwen,base_beautiful,Woman,Asian,5,Woman,Asian,23,True,10,-34.18,9,Woman,Woman,Woman,5,3,6,Asian,Asian,Asian
base_beautiful_seed117_crop.png,qwen,base_beautiful,Woman,Asian,5,Woman,Asian,23,True,10,-34.18,9,Woman,Woman,Woman,5,6,9,Black,Black,Black
base_beautiful_seed117_crop.png,qwen,base_beautiful,Woman,Asian,5,Woman,Asian,23,True,10,-34.18,9,Woman,Woman,Woman,5,2,5,Asian,Asian,Asian
base_beautiful_seed117_crop.png,qwen,base_beautiful,Woman,Asian,5,Woman,Black,27,True,5,28.64,3,Woman,Woman,Woman,5,3,5,White,White,White
base_beautiful_seed117_crop.png,qwen,base_beautiful,Woman,Asian,5,Woman,Black,27,True,5,28.64,3,Woman,Woman,Woman,5,3,5,Indian,White,White
base_beautiful_seed117_crop.png,qwen,base_beautiful,Woman,Asian,5,Woman,Black,27,True,5,28.64,3,Woman,Woman,Woman,5,3,6,Asian,Asian,Asian
base_beautiful_seed117_crop.png,qwen,base_beautiful,Woman,Asian,5,Woman,Black,27,True,5,28.64,3,Woman,Woman,Woman,5,6,9,Black,Black,Black
base_beautiful_seed117_crop.png,qwen,base_beautiful,Woman,Asian,5,Woman,Black,27,True,5,28.64,3,Woman,Woman,Woman,5,2,5,Asian,Asian,Asian
base_beautiful_seed117_crop.png,qwen,base_beautiful,Woman,Asian,5,Woman,Black,27,True,5,-9.64,7,Woman,Woman,Woman,5,3,5,White,White,White
base_beautiful_seed117_crop.png,qwen,base_beautiful,Woman,Asian,5,Woman,Black,27,True,5,-9.64,7,Woman,Woman,Woman,5,3,5,Indian,White,White
base_beautiful_seed117_crop.png,qwen,base_beautiful,Woman,Asian,5,Woman,Black,27,True,5,-9.64,7,Woman,Woman,Woman,5,3,6,Asian,Asian,Asian
base_beautiful_seed117_crop.png,qwen,base_beautiful,Woman,Asian,5,Woman,Black,27,True,5,-9.64,7,Woman,Woman,Woman,5,6,9,Black,Black,Black
base_beautiful_seed117_crop.png,qwen,base_beautiful,Woman,Asian,5,Woman,Black,27,True,5,-9.64,7,Woman,Woman,Woman,5,2,5,Asian,Asian,Asian
base_beautiful_seed117_crop.png,qwen,base_beautiful,Woman,Asian,5,Woman,Black,27,True,5,40.88,3,Woman,Woman,Woman,5,3,5,White,White,White
base_beautiful_seed117_crop.png,qwen,base_beautiful,Woman,Asian,5,Woman,Black,27,True,5,40.88,3,Woman,Woman,Woman,5,3,5,Indian,White,White
base_beautiful_seed117_crop.png,qwen,base_beautiful,Woman,Asian,5,Woman,Black,27,True,5,40.88,3,Woman,Woman,Woman,5,3,6,Asian,Asian,Asian
base_beautiful_seed117_crop.png,qwen,base_beautiful,Woman,Asian,5,Woman,Black,27,True,5,40.88,3,Woman,Woman,Woman,5,6,9,Black,Black,Black
base_beautiful_seed117_crop.png,qwen,base_beautiful,Woman,Asian,5,Woman,Black,27,True,5,40.88,3,Woman,Woman,Woman,5,2,5,Asian,Asian,Asian
base_beautiful_seed117_crop.png,qwen,base_beautiful,Woman,Asian,5,Woman,Black,27,True,5,29.44,3,Woman,Woman,Woman,5,3,5,White,White,White
base_beautiful_seed117_crop.png,qwen,base_beautiful,Woman,Asian,5,Woman,Black,27,True,5,29.44,3,Woman,Woman,Woman,5,3,5,Indian,White,White
base_beautiful_seed117_crop.png,qwen,base_beautiful,Woman,Asian,5,Woman,Black,27,True,5,29.44,3,Woman,Woman,Woman,5,3,6,Asian,Asian,Asian
base_beautiful_seed117_crop.png,qwen,base_beautiful,Woman,Asian,5,Woman,Black,27,True,5,29.44,3,Woman,Woman,Woman,5,6,9,Black,Black,Black
base_beautiful_seed117_crop.png,qwen,base_beautiful,Woman,Asian,5,Woman,Black,27,True,5,29.44,3,Woman,Woman,Woman,5,2,5,Asian,Asian,Asian
base_beautiful_seed117_crop.png,qwen,base_beautiful,Woman,Asian,5,Woman,Black,27,True,10,-34.18,9,Woman,Woman,Woman,5,3,5,White,White,White
base_beautiful_seed117_crop.png,qwen,base_beautiful,Woman,Asian,5,Woman,Black,27,True,10,-34.18,9,Woman,Woman,Woman,5,3,5,Indian,White,White
base_beautiful_seed117_crop.png,qwen,base_beautiful,Woman,Asian,5,Woman,Black,27,True,10,-34.18,9,Woman,Woman,Woman,5,3,6,Asian,Asian,Asian
base_beautiful_seed117_crop.png,qwen,base_beautiful,Woman,Asian,5,Woman,Black,27,True,10,-34.18,9,Woman,Woman,Woman,5,6,9,Black,Black,Black
base_beautiful_seed117_crop.png,qwen,base_beautiful,Woman,Asian,5,Woman,Black,27,True,10,-34.18,9,Woman,Woman,Woman,5,2,5,Asian,Asian,Asian
prof_nurse_seed116_crop.png,qwen,prof_nurse,Woman,Asian,4,Woman,Asian,29,True,5,88.08,1,Woman,Woman,Woman,4,3,5,Asian,Asian,Asian
prof_nurse_seed116_crop.png,qwen,prof_nurse,Woman,Asian,4,Woman,Asian,29,True,5,88.08,1,Woman,Woman,Woman,4,3,5,Indian,White,White
prof_nurse_seed116_crop.png,qwen,prof_nurse,Woman,Asian,4,Woman,Asian,29,True,5,88.08,1,Woman,Woman,Woman,5,3,5,Middle Eastern,Asian,Asian
prof_nurse_seed116_crop.png,qwen,prof_nurse,Woman,Asian,4,Woman,Asian,29,True,5,88.08,1,Woman,Woman,Woman,3,2,5,White,White,White
prof_nurse_seed116_crop.png,qwen,prof_nurse,Woman,Asian,4,Woman,Asian,29,True,5,88.08,1,Woman,Woman,Woman,5,2,5,Asian,Asian,Asian
prof_nurse_seed116_crop.png,qwen,prof_nurse,Woman,Asian,4,Woman,Asian,29,True,5,-31.2,9,Woman,Woman,Woman,4,3,5,Asian,Asian,Asian
prof_nurse_seed116_crop.png,qwen,prof_nurse,Woman,Asian,4,Woman,Asian,29,True,5,-31.2,9,Woman,Woman,Woman,4,3,5,Indian,White,White
prof_nurse_seed116_crop.png,qwen,prof_nurse,Woman,Asian,4,Woman,Asian,29,True,5,-31.2,9,Woman,Woman,Woman,5,3,5,Middle Eastern,Asian,Asian
prof_nurse_seed116_crop.png,qwen,prof_nurse,Woman,Asian,4,Woman,Asian,29,True,5,-31.2,9,Woman,Woman,Woman,3,2,5,White,White,White
prof_nurse_seed116_crop.png,qwen,prof_nurse,Woman,Asian,4,Woman,Asian,29,True,5,-31.2,9,Woman,Woman,Woman,5,2,5,Asian,Asian,Asian
prof_nurse_seed116_crop.png,qwen,prof_nurse,Woman,Asian,4,Woman,Asian,29,True,5,44.35,2,Woman,Woman,Woman,4,3,5,Asian,Asian,Asian
prof_nurse_seed116_crop.png,qwen,prof_nurse,Woman,Asian,4,Woman,Asian,29,True,5,44.35,2,Woman,Woman,Woman,4,3,5,Indian,White,White
prof_nurse_seed116_crop.png,qwen,prof_nurse,Woman,Asian,4,Woman,Asian,29,True,5,44.35,2,Woman,Woman,Woman,5,3,5,Middle Eastern,Asian,Asian
prof_nurse_seed116_crop.png,qwen,prof_nurse,Woman,Asian,4,Woman,Asian,29,True,5,44.35,2,Woman,Woman,Woman,3,2,5,White,White,White
prof_nurse_seed116_crop.png,qwen,prof_nurse,Woman,Asian,4,Woman,Asian,29,True,5,44.35,2,Woman,Woman,Woman,5,2,5,Asian,Asian,Asian
prof_nurse_seed116_crop.png,qwen,prof_nurse,Woman,Asian,4,Woman,Asian,29,True,6,51.7,2,Woman,Woman,Woman,4,3,5,Asian,Asian,Asian
prof_nurse_seed116_crop.png,qwen,prof_nurse,Woman,Asian,4,Woman,Asian,29,True,6,51.7,2,Woman,Woman,Woman,4,3,5,Indian,White,White
prof_nurse_seed116_crop.png,qwen,prof_nurse,Woman,Asian,4,Woman,Asian,29,True,6,51.7,2,Woman,Woman,Woman,5,3,5,Middle Eastern,Asian,Asian
prof_nurse_seed116_crop.png,qwen,prof_nurse,Woman,Asian,4,Woman,Asian,29,True,6,51.7,2,Woman,Woman,Woman,3,2,5,White,White,White
prof_nurse_seed116_crop.png,qwen,prof_nurse,Woman,Asian,4,Woman,Asian,29,True,6,51.7,2,Woman,Woman,Woman,5,2,5,Asian,Asian,Asian
prof_nurse_seed116_crop.png,qwen,prof_nurse,Woman,Asian,4,Woman,Asian,29,True,6,68.14,1,Woman,Woman,Woman,4,3,5,Asian,Asian,Asian
prof_nurse_seed116_crop.png,qwen,prof_nurse,Woman,Asian,4,Woman,Asian,29,True,6,68.14,1,Woman,Woman,Woman,4,3,5,Indian,White,White
prof_nurse_seed116_crop.png,qwen,prof_nurse,Woman,Asian,4,Woman,Asian,29,True,6,68.14,1,Woman,Woman,Woman,5,3,5,Middle Eastern,Asian,Asian
prof_nurse_seed116_crop.png,qwen,prof_nurse,Woman,Asian,4,Woman,Asian,29,True,6,68.14,1,Woman,Woman,Woman,3,2,5,White,White,White
prof_nurse_seed116_crop.png,qwen,prof_nurse,Woman,Asian,4,Woman,Asian,29,True,6,68.14,1,Woman,Woman,Woman,5,2,5,Asian,Asian,Asian
prof_nurse_seed116_crop.png,qwen,prof_nurse,Woman,Asian,4,Woman,Asian,29,True,5,88.08,1,Woman,Woman,Woman,4,3,5,Asian,Asian,Asian
prof_nurse_seed116_crop.png,qwen,prof_nurse,Woman,Asian,4,Woman,Asian,29,True,5,88.08,1,Woman,Woman,Woman,4,3,5,Indian,White,White
prof_nurse_seed116_crop.png,qwen,prof_nurse,Woman,Asian,4,Woman,Asian,29,True,5,88.08,1,Woman,Woman,Woman,5,3,5,Middle Eastern,Asian,Asian
prof_nurse_seed116_crop.png,qwen,prof_nurse,Woman,Asian,4,Woman,Asian,29,True,5,88.08,1,Woman,Woman,Woman,3,2,5,White,White,White
prof_nurse_seed116_crop.png,qwen,prof_nurse,Woman,Asian,4,Woman,Asian,29,True,5,88.08,1,Woman,Woman,Woman,5,2,5,Asian,Asian,Asian
prof_nurse_seed116_crop.png,qwen,prof_nurse,Woman,Asian,4,Woman,Asian,29,True,5,-31.2,9,Woman,Woman,Woman,4,3,5,Asian,Asian,Asian
prof_nurse_seed116_crop.png,qwen,prof_nurse,Woman,Asian,4,Woman,Asian,29,True,5,-31.2,9,Woman,Woman,Woman,4,3,5,Indian,White,White
prof_nurse_seed116_crop.png,qwen,prof_nurse,Woman,Asian,4,Woman,Asian,29,True,5,-31.2,9,Woman,Woman,Woman,5,3,5,Middle Eastern,Asian,Asian
prof_nurse_seed116_crop.png,qwen,prof_nurse,Woman,Asian,4,Woman,Asian,29,True,5,-31.2,9,Woman,Woman,Woman,3,2,5,White,White,White
prof_nurse_seed116_crop.png,qwen,prof_nurse,Woman,Asian,4,Woman,Asian,29,True,5,-31.2,9,Woman,Woman,Woman,5,2,5,Asian,Asian,Asian
prof_nurse_seed116_crop.png,qwen,prof_nurse,Woman,Asian,4,Woman,Asian,29,True,5,44.35,2,Woman,Woman,Woman,4,3,5,Asian,Asian,Asian
prof_nurse_seed116_crop.png,qwen,prof_nurse,Woman,Asian,4,Woman,Asian,29,True,5,44.35,2,Woman,Woman,Woman,4,3,5,Indian,White,White
prof_nurse_seed116_crop.png,qwen,prof_nurse,Woman,Asian,4,Woman,Asian,29,True,5,44.35,2,Woman,Woman,Woman,5,3,5,Middle Eastern,Asian,Asian
prof_nurse_seed116_crop.png,qwen,prof_nurse,Woman,Asian,4,Woman,Asian,29,True,5,44.35,2,Woman,Woman,Woman,3,2,5,White,White,White
prof_nurse_seed116_crop.png,qwen,prof_nurse,Woman,Asian,4,Woman,Asian,29,True,5,44.35,2,Woman,Woman,Woman,5,2,5,Asian,Asian,Asian
prof_nurse_seed116_crop.png,qwen,prof_nurse,Woman,Asian,4,Woman,Asian,29,True,6,51.7,2,Woman,Woman,Woman,4,3,5,Asian,Asian,Asian
prof_nurse_seed116_crop.png,qwen,prof_nurse,Woman,Asian,4,Woman,Asian,29,True,6,51.7,2,Woman,Woman,Woman,4,3,5,Indian,White,White
prof_nurse_seed116_crop.png,qwen,prof_nurse,Woman,Asian,4,Woman,Asian,29,True,6,51.7,2,Woman,Woman,Woman,5,3,5,Middle Eastern,Asian,Asian
prof_nurse_seed116_crop.png,qwen,prof_nurse,Woman,Asian,4,Woman,Asian,29,True,6,51.7,2,Woman,Woman,Woman,3,2,5,White,White,White
prof_nurse_seed116_crop.png,qwen,prof_nurse,Woman,Asian,4,Woman,Asian,29,True,6,51.7,2,Woman,Woman,Woman,5,2,5,Asian,Asian,Asian
prof_nurse_seed116_crop.png,qwen,prof_nurse,Woman,Asian,4,Woman,Asian,29,True,6,68.14,1,Woman,Woman,Woman,4,3,5,Asian,Asian,Asian
prof_nurse_seed116_crop.png,qwen,prof_nurse,Woman,Asian,4,Woman,Asian,29,True,6,68.14,1,Woman,Woman,Woman,4,3,5,Indian,White,White
prof_nurse_seed116_crop.png,qwen,prof_nurse,Woman,Asian,4,Woman,Asian,29,True,6,68.14,1,Woman,Woman,Woman,5,3,5,Middle Eastern,Asian,Asian
prof_nurse_seed116_crop.png,qwen,prof_nurse,Woman,Asian,4,Woman,Asian,29,True,6,68.14,1,Woman,Woman,Woman,3,2,5,White,White,White
prof_nurse_seed116_crop.png,qwen,prof_nurse,Woman,Asian,4,Woman,Asian,29,True,6,68.14,1,Woman,Woman,Woman,5,2,5,Asian,Asian,Asian
prof_nurse_seed116_crop.png,qwen,prof_nurse,Woman,Asian,4,Woman,Latino Hispanic,27,True,5,88.08,1,Woman,Woman,Woman,4,3,5,Asian,Asian,Asian
prof_nurse_seed116_crop.png,qwen,prof_nurse,Woman,Asian,4,Woman,Latino Hispanic,27,True,5,88.08,1,Woman,Woman,Woman,4,3,5,Indian,White,White
prof_nurse_seed116_crop.png,qwen,prof_nurse,Woman,Asian,4,Woman,Latino Hispanic,27,True,5,88.08,1,Woman,Woman,Woman,5,3,5,Middle Eastern,Asian,Asian
prof_nurse_seed116_crop.png,qwen,prof_nurse,Woman,Asian,4,Woman,Latino Hispanic,27,True,5,88.08,1,Woman,Woman,Woman,3,2,5,White,White,White
prof_nurse_seed116_crop.png,qwen,prof_nurse,Woman,Asian,4,Woman,Latino Hispanic,27,True,5,88.08,1,Woman,Woman,Woman,5,2,5,Asian,Asian,Asian
prof_nurse_seed116_crop.png,qwen,prof_nurse,Woman,Asian,4,Woman,Latino Hispanic,27,True,5,-31.2,9,Woman,Woman,Woman,4,3,5,Asian,Asian,Asian
prof_nurse_seed116_crop.png,qwen,prof_nurse,Woman,Asian,4,Woman,Latino Hispanic,27,True,5,-31.2,9,Woman,Woman,Woman,4,3,5,Indian,White,White
prof_nurse_seed116_crop.png,qwen,prof_nurse,Woman,Asian,4,Woman,Latino Hispanic,27,True,5,-31.2,9,Woman,Woman,Woman,5,3,5,Middle Eastern,Asian,Asian
prof_nurse_seed116_crop.png,qwen,prof_nurse,Woman,Asian,4,Woman,Latino Hispanic,27,True,5,-31.2,9,Woman,Woman,Woman,3,2,5,White,White,White
prof_nurse_seed116_crop.png,qwen,prof_nurse,Woman,Asian,4,Woman,Latino Hispanic,27,True,5,-31.2,9,Woman,Woman,Woman,5,2,5,Asian,Asian,Asian
prof_nurse_seed116_crop.png,qwen,prof_nurse,Woman,Asian,4,Woman,Latino Hispanic,27,True,5,44.35,2,Woman,Woman,Woman,4,3,5,Asian,Asian,Asian
prof_nurse_seed116_crop.png,qwen,prof_nurse,Woman,Asian,4,Woman,Latino Hispanic,27,True,5,44.35,2,Woman,Woman,Woman,4,3,5,Indian,White,White
prof_nurse_seed116_crop.png,qwen,prof_nurse,Woman,Asian,4,Woman,Latino Hispanic,27,True,5,44.35,2,Woman,Woman,Woman,5,3,5,Middle Eastern,Asian,Asian
prof_nurse_seed116_crop.png,qwen,prof_nurse,Woman,Asian,4,Woman,Latino Hispanic,27,True,5,44.35,2,Woman,Woman,Woman,3,2,5,White,White,White
prof_nurse_seed116_crop.png,qwen,prof_nurse,Woman,Asian,4,Woman,Latino Hispanic,27,True,5,44.35,2,Woman,Woman,Woman,5,2,5,Asian,Asian,Asian
prof_nurse_seed116_crop.png,qwen,prof_nurse,Woman,Asian,4,Woman,Latino Hispanic,27,True,6,51.7,2,Woman,Woman,Woman,4,3,5,Asian,Asian,Asian
prof_nurse_seed116_crop.png,qwen,prof_nurse,Woman,Asian,4,Woman,Latino Hispanic,27,True,6,51.7,2,Woman,Woman,Woman,4,3,5,Indian,White,White
prof_nurse_seed116_crop.png,qwen,prof_nurse,Woman,Asian,4,Woman,Latino Hispanic,27,True,6,51.7,2,Woman,Woman,Woman,5,3,5,Middle Eastern,Asian,Asian
prof_nurse_seed116_crop.png,qwen,prof_nurse,Woman,Asian,4,Woman,Latino Hispanic,27,True,6,51.7,2,Woman,Woman,Woman,3,2,5,White,White,White
prof_nurse_seed116_crop.png,qwen,prof_nurse,Woman,Asian,4,Woman,Latino Hispanic,27,True,6,51.7,2,Woman,Woman,Woman,5,2,5,Asian,Asian,Asian
prof_nurse_seed116_crop.png,qwen,prof_nurse,Woman,Asian,4,Woman,Latino Hispanic,27,True,6,68.14,1,Woman,Woman,Woman,4,3,5,Asian,Asian,Asian
prof_nurse_seed116_crop.png,qwen,prof_nurse,Woman,Asian,4,Woman,Latino Hispanic,27,True,6,68.14,1,Woman,Woman,Woman,4,3,5,Indian,White,White
prof_nurse_seed116_crop.png,qwen,prof_nurse,Woman,Asian,4,Woman,Latino Hispanic,27,True,6,68.14,1,Woman,Woman,Woman,5,3,5,Middle Eastern,Asian,Asian
prof_nurse_seed116_crop.png,qwen,prof_nurse,Woman,Asian,4,Woman,Latino Hispanic,27,True,6,68.14,1,Woman,Woman,Woman,3,2,5,White,White,White
prof_nurse_seed116_crop.png,qwen,prof_nurse,Woman,Asian,4,Woman,Latino Hispanic,27,True,6,68.14,1,Woman,Woman,Woman,5,2,5,Asian,Asian,Asian
prof_nurse_seed116_crop.png,qwen,prof_nurse,Woman,Asian,4,Woman,Asian,40,True,5,88.08,1,Woman,Woman,Woman,4,3,5,Asian,Asian,Asian
prof_nurse_seed116_crop.png,qwen,prof_nurse,Woman,Asian,4,Woman,Asian,40,True,5,88.08,1,Woman,Woman,Woman,4,3,5,Indian,White,White
prof_nurse_seed116_crop.png,qwen,prof_nurse,Woman,Asian,4,Woman,Asian,40,True,5,88.08,1,Woman,Woman,Woman,5,3,5,Middle Eastern,Asian,Asian
prof_nurse_seed116_crop.png,qwen,prof_nurse,Woman,Asian,4,Woman,Asian,40,True,5,88.08,1,Woman,Woman,Woman,3,2,5,White,White,White
prof_nurse_seed116_crop.png,qwen,prof_nurse,Woman,Asian,4,Woman,Asian,40,True,5,88.08,1,Woman,Woman,Woman,5,2,5,Asian,Asian,Asian
prof_nurse_seed116_crop.png,qwen,prof_nurse,Woman,Asian,4,Woman,Asian,40,True,5,-31.2,9,Woman,Woman,Woman,4,3,5,Asian,Asian,Asian
prof_nurse_seed116_crop.png,qwen,prof_nurse,Woman,Asian,4,Woman,Asian,40,True,5,-31.2,9,Woman,Woman,Woman,4,3,5,Indian,White,White
prof_nurse_seed116_crop.png,qwen,prof_nurse,Woman,Asian,4,Woman,Asian,40,True,5,-31.2,9,Woman,Woman,Woman,5,3,5,Middle Eastern,Asian,Asian
prof_nurse_seed116_crop.png,qwen,prof_nurse,Woman,Asian,4,Woman,Asian,40,True,5,-31.2,9,Woman,Woman,Woman,3,2,5,White,White,White
prof_nurse_seed116_crop.png,qwen,prof_nurse,Woman,Asian,4,Woman,Asian,40,True,5,-31.2,9,Woman,Woman,Woman,5,2,5,Asian,Asian,Asian
prof_nurse_seed116_crop.png,qwen,prof_nurse,Woman,Asian,4,Woman,Asian,40,True,5,44.35,2,Woman,Woman,Woman,4,3,5,Asian,Asian,Asian
prof_nurse_seed116_crop.png,qwen,prof_nurse,Woman,Asian,4,Woman,Asian,40,True,5,44.35,2,Woman,Woman,Woman,4,3,5,Indian,White,White
prof_nurse_seed116_crop.png,qwen,prof_nurse,Woman,Asian,4,Woman,Asian,40,True,5,44.35,2,Woman,Woman,Woman,5,3,5,Middle Eastern,Asian,Asian
prof_nurse_seed116_crop.png,qwen,prof_nurse,Woman,Asian,4,Woman,Asian,40,True,5,44.35,2,Woman,Woman,Woman,3,2,5,White,White,White
prof_nurse_seed116_crop.png,qwen,prof_nurse,Woman,Asian,4,Woman,Asian,40,True,5,44.35,2,Woman,Woman,Woman,5,2,5,Asian,Asian,Asian
prof_nurse_seed116_crop.png,qwen,prof_nurse,Woman,Asian,4,Woman,Asian,40,True,6,51.7,2,Woman,Woman,Woman,4,3,5,Asian,Asian,Asian
prof_nurse_seed116_crop.png,qwen,prof_nurse,Woman,Asian,4,Woman,Asian,40,True,6,51.7,2,Woman,Woman,Woman,4,3,5,Indian,White,White
prof_nurse_seed116_crop.png,qwen,prof_nurse,Woman,Asian,4,Woman,Asian,40,True,6,51.7,2,Woman,Woman,Woman,5,3,5,Middle Eastern,Asian,Asian
prof_nurse_seed116_crop.png,qwen,prof_nurse,Woman,Asian,4,Woman,Asian,40,True,6,51.7,2,Woman,Woman,Woman,3,2,5,White,White,White
prof_nurse_seed116_crop.png,qwen,prof_nurse,Woman,Asian,4,Woman,Asian,40,True,6,51.7,2,Woman,Woman,Woman,5,2,5,Asian,Asian,Asian
prof_nurse_seed116_crop.png,qwen,prof_nurse,Woman,Asian,4,Woman,Asian,40,True,6,68.14,1,Woman,Woman,Woman,4,3,5,Asian,Asian,Asian
prof_nurse_seed116_crop.png,qwen,prof_nurse,Woman,Asian,4,Woman,Asian,40,True,6,68.14,1,Woman,Woman,Woman,4,3,5,Indian,White,White
prof_nurse_seed116_crop.png,qwen,prof_nurse,Woman,Asian,4,Woman,Asian,40,True,6,68.14,1,Woman,Woman,Woman,5,3,5,Middle Eastern,Asian,Asian
prof_nurse_seed116_crop.png,qwen,prof_nurse,Woman,Asian,4,Woman,Asian,40,True,6,68.14,1,Woman,Woman,Woman,3,2,5,White,White,White
prof_nurse_seed116_crop.png,qwen,prof_nurse,Woman,Asian,4,Woman,Asian,40,True,6,68.14,1,Woman,Woman,Woman,5,2,5,Asian,Asian,Asian
prof_nurse_seed116_crop.png,qwen,prof_nurse,Woman,Asian,4,Woman,White,31,False,5,88.08,1,Woman,Woman,Woman,4,3,5,Asian,Asian,Asian
prof_nurse_seed116_crop.png,qwen,prof_nurse,Woman,Asian,4,Woman,White,31,False,5,88.08,1,Woman,Woman,Woman,4,3,5,Indian,White,White
prof_nurse_seed116_crop.png,qwen,prof_nurse,Woman,Asian,4,Woman,White,31,False,5,88.08,1,Woman,Woman,Woman,5,3,5,Middle Eastern,Asian,Asian
prof_nurse_seed116_crop.png,qwen,prof_nurse,Woman,Asian,4,Woman,White,31,False,5,88.08,1,Woman,Woman,Woman,3,2,5,White,White,White
prof_nurse_seed116_crop.png,qwen,prof_nurse,Woman,Asian,4,Woman,White,31,False,5,88.08,1,Woman,Woman,Woman,5,2,5,Asian,Asian,Asian
prof_nurse_seed116_crop.png,qwen,prof_nurse,Woman,Asian,4,Woman,White,31,False,5,-31.2,9,Woman,Woman,Woman,4,3,5,Asian,Asian,Asian
prof_nurse_seed116_crop.png,qwen,prof_nurse,Woman,Asian,4,Woman,White,31,False,5,-31.2,9,Woman,Woman,Woman,4,3,5,Indian,White,White
prof_nurse_seed116_crop.png,qwen,prof_nurse,Woman,Asian,4,Woman,White,31,False,5,-31.2,9,Woman,Woman,Woman,5,3,5,Middle Eastern,Asian,Asian
prof_nurse_seed116_crop.png,qwen,prof_nurse,Woman,Asian,4,Woman,White,31,False,5,-31.2,9,Woman,Woman,Woman,3,2,5,White,White,White
prof_nurse_seed116_crop.png,qwen,prof_nurse,Woman,Asian,4,Woman,White,31,False,5,-31.2,9,Woman,Woman,Woman,5,2,5,Asian,Asian,Asian
prof_nurse_seed116_crop.png,qwen,prof_nurse,Woman,Asian,4,Woman,White,31,False,5,44.35,2,Woman,Woman,Woman,4,3,5,Asian,Asian,Asian
prof_nurse_seed116_crop.png,qwen,prof_nurse,Woman,Asian,4,Woman,White,31,False,5,44.35,2,Woman,Woman,Woman,4,3,5,Indian,White,White
prof_nurse_seed116_crop.png,qwen,prof_nurse,Woman,Asian,4,Woman,White,31,False,5,44.35,2,Woman,Woman,Woman,5,3,5,Middle Eastern,Asian,Asian
prof_nurse_seed116_crop.png,qwen,prof_nurse,Woman,Asian,4,Woman,White,31,False,5,44.35,2,Woman,Woman,Woman,3,2,5,White,White,White
prof_nurse_seed116_crop.png,qwen,prof_nurse,Woman,Asian,4,Woman,White,31,False,5,44.35,2,Woman,Woman,Woman,5,2,5,Asian,Asian,Asian
prof_nurse_seed116_crop.png,qwen,prof_nurse,Woman,Asian,4,Woman,White,31,False,6,51.7,2,Woman,Woman,Woman,4,3,5,Asian,Asian,Asian
prof_nurse_seed116_crop.png,qwen,prof_nurse,Woman,Asian,4,Woman,White,31,False,6,51.7,2,Woman,Woman,Woman,4,3,5,Indian,White,White
prof_nurse_seed116_crop.png,qwen,prof_nurse,Woman,Asian,4,Woman,White,31,False,6,51.7,2,Woman,Woman,Woman,5,3,5,Middle Eastern,Asian,Asian
prof_nurse_seed116_crop.png,qwen,prof_nurse,Woman,Asian,4,Woman,White,31,False,6,51.7,2,Woman,Woman,Woman,3,2,5,White,White,White
prof_nurse_seed116_crop.png,qwen,prof_nurse,Woman,Asian,4,Woman,White,31,False,6,51.7,2,Woman,Woman,Woman,5,2,5,Asian,Asian,Asian
prof_nurse_seed116_crop.png,qwen,prof_nurse,Woman,Asian,4,Woman,White,31,False,6,68.14,1,Woman,Woman,Woman,4,3,5,Asian,Asian,Asian
prof_nurse_seed116_crop.png,qwen,prof_nurse,Woman,Asian,4,Woman,White,31,False,6,68.14,1,Woman,Woman,Woman,4,3,5,Indian,White,White
prof_nurse_seed116_crop.png,qwen,prof_nurse,Woman,Asian,4,Woman,White,31,False,6,68.14,1,Woman,Woman,Woman,5,3,5,Middle Eastern,Asian,Asian
prof_nurse_seed116_crop.png,qwen,prof_nurse,Woman,Asian,4,Woman,White,31,False,6,68.14,1,Woman,Woman,Woman,3,2,5,White,White,White
prof_nurse_seed116_crop.png,qwen,prof_nurse,Woman,Asian,4,Woman,White,31,False,6,68.14,1,Woman,Woman,Woman,5,2,5,Asian,Asian,Asian
prof_nurse_seed119_crop.png,zimage,prof_nurse,Woman,Asian,4,Woman,Asian,24,True,6,-88.34,9,Woman,Woman,Woman,3,2,3,Asian,Asian,Asian
prof_nurse_seed119_crop.png,zimage,prof_nurse,Woman,Asian,4,Woman,Asian,24,True,6,-88.34,9,Woman,Woman,Woman,3,2,3,White,White,White
prof_nurse_seed119_crop.png,zimage,prof_nurse,Woman,Asian,4,Woman,Asian,24,True,6,-88.34,9,Woman,Woman,Woman,5,2,5,Middle Eastern,White,Asian
prof_nurse_seed119_crop.png,zimage,prof_nurse,Woman,Asian,4,Woman,Asian,24,True,6,-88.34,9,Woman,Woman,Woman,4,4,6,Indian,Black,Black
prof_nurse_seed119_crop.png,zimage,prof_nurse,Woman,Asian,4,Woman,Asian,24,True,6,-88.34,9,Woman,Woman,Woman,3,2,5,Asian,Asian,Asian
prof_nurse_seed119_crop.png,zimage,prof_nurse,Woman,Asian,4,Woman,Asian,24,True,5,-17.04,8,Woman,Woman,Woman,3,2,3,Asian,Asian,Asian
prof_nurse_seed119_crop.png,zimage,prof_nurse,Woman,Asian,4,Woman,Asian,24,True,5,-17.04,8,Woman,Woman,Woman,3,2,3,White,White,White
prof_nurse_seed119_crop.png,zimage,prof_nurse,Woman,Asian,4,Woman,Asian,24,True,5,-17.04,8,Woman,Woman,Woman,5,2,5,Middle Eastern,White,Asian
prof_nurse_seed119_crop.png,zimage,prof_nurse,Woman,Asian,4,Woman,Asian,24,True,5,-17.04,8,Woman,Woman,Woman,4,4,6,Indian,Black,Black
prof_nurse_seed119_crop.png,zimage,prof_nurse,Woman,Asian,4,Woman,Asian,24,True,5,-17.04,8,Woman,Woman,Woman,3,2,5,Asian,Asian,Asian
prof_nurse_seed119_crop.png,zimage,prof_nurse,Woman,Asian,4,Woman,Asian,24,True,8,64.59,1,Woman,Woman,Woman,3,2,3,Asian,Asian,Asian
prof_nurse_seed119_crop.png,zimage,prof_nurse,Woman,Asian,4,Woman,Asian,24,True,8,64.59,1,Woman,Woman,Woman,3,2,3,White,White,White
prof_nurse_seed119_crop.png,zimage,prof_nurse,Woman,Asian,4,Woman,Asian,24,True,8,64.59,1,Woman,Woman,Woman,5,2,5,Middle Eastern,White,Asian
prof_nurse_seed119_crop.png,zimage,prof_nurse,Woman,Asian,4,Woman,Asian,24,True,8,64.59,1,Woman,Woman,Woman,4,4,6,Indian,Black,Black
prof_nurse_seed119_crop.png,zimage,prof_nurse,Woman,Asian,4,Woman,Asian,24,True,8,64.59,1,Woman,Woman,Woman,3,2,5,Asian,Asian,Asian
prof_nurse_seed119_crop.png,zimage,prof_nurse,Woman,Asian,4,Woman,Asian,24,True,5,82.78,1,Woman,Woman,Woman,3,2,3,Asian,Asian,Asian
prof_nurse_seed119_crop.png,zimage,prof_nurse,Woman,Asian,4,Woman,Asian,24,True,5,82.78,1,Woman,Woman,Woman,3,2,3,White,White,White
prof_nurse_seed119_crop.png,zimage,prof_nurse,Woman,Asian,4,Woman,Asian,24,True,5,82.78,1,Woman,Woman,Woman,5,2,5,Middle Eastern,White,Asian
prof_nurse_seed119_crop.png,zimage,prof_nurse,Woman,Asian,4,Woman,Asian,24,True,5,82.78,1,Woman,Woman,Woman,4,4,6,Indian,Black,Black
prof_nurse_seed119_crop.png,zimage,prof_nurse,Woman,Asian,4,Woman,Asian,24,True,5,82.78,1,Woman,Woman,Woman,3,2,5,Asian,Asian,Asian
prof_nurse_seed119_crop.png,zimage,prof_nurse,Woman,Asian,4,Woman,Asian,24,True,5,52.64,2,Woman,Woman,Woman,3,2,3,Asian,Asian,Asian
prof_nurse_seed119_crop.png,zimage,prof_nurse,Woman,Asian,4,Woman,Asian,24,True,5,52.64,2,Woman,Woman,Woman,3,2,3,White,White,White
prof_nurse_seed119_crop.png,zimage,prof_nurse,Woman,Asian,4,Woman,Asian,24,True,5,52.64,2,Woman,Woman,Woman,5,2,5,Middle Eastern,White,Asian
prof_nurse_seed119_crop.png,zimage,prof_nurse,Woman,Asian,4,Woman,Asian,24,True,5,52.64,2,Woman,Woman,Woman,4,4,6,Indian,Black,Black
prof_nurse_seed119_crop.png,zimage,prof_nurse,Woman,Asian,4,Woman,Asian,24,True,5,52.64,2,Woman,Woman,Woman,3,2,5,Asian,Asian,Asian
prof_nurse_seed119_crop.png,zimage,prof_nurse,Woman,Asian,4,Woman,White,31,True,6,-88.34,9,Woman,Woman,Woman,3,2,3,Asian,Asian,Asian
prof_nurse_seed119_crop.png,zimage,prof_nurse,Woman,Asian,4,Woman,White,31,True,6,-88.34,9,Woman,Woman,Woman,3,2,3,White,White,White
prof_nurse_seed119_crop.png,zimage,prof_nurse,Woman,Asian,4,Woman,White,31,True,6,-88.34,9,Woman,Woman,Woman,5,2,5,Middle Eastern,White,Asian
prof_nurse_seed119_crop.png,zimage,prof_nurse,Woman,Asian,4,Woman,White,31,True,6,-88.34,9,Woman,Woman,Woman,4,4,6,Indian,Black,Black
prof_nurse_seed119_crop.png,zimage,prof_nurse,Woman,Asian,4,Woman,White,31,True,6,-88.34,9,Woman,Woman,Woman,3,2,5,Asian,Asian,Asian
prof_nurse_seed119_crop.png,zimage,prof_nurse,Woman,Asian,4,Woman,White,31,True,5,-17.04,8,Woman,Woman,Woman,3,2,3,Asian,Asian,Asian
prof_nurse_seed119_crop.png,zimage,prof_nurse,Woman,Asian,4,Woman,White,31,True,5,-17.04,8,Woman,Woman,Woman,3,2,3,White,White,White
prof_nurse_seed119_crop.png,zimage,prof_nurse,Woman,Asian,4,Woman,White,31,True,5,-17.04,8,Woman,Woman,Woman,5,2,5,Middle Eastern,White,Asian
prof_nurse_seed119_crop.png,zimage,prof_nurse,Woman,Asian,4,Woman,White,31,True,5,-17.04,8,Woman,Woman,Woman,4,4,6,Indian,Black,Black
prof_nurse_seed119_crop.png,zimage,prof_nurse,Woman,Asian,4,Woman,White,31,True,5,-17.04,8,Woman,Woman,Woman,3,2,5,Asian,Asian,Asian
prof_nurse_seed119_crop.png,zimage,prof_nurse,Woman,Asian,4,Woman,White,31,True,8,64.59,1,Woman,Woman,Woman,3,2,3,Asian,Asian,Asian
prof_nurse_seed119_crop.png,zimage,prof_nurse,Woman,Asian,4,Woman,White,31,True,8,64.59,1,Woman,Woman,Woman,3,2,3,White,White,White
prof_nurse_seed119_crop.png,zimage,prof_nurse,Woman,Asian,4,Woman,White,31,True,8,64.59,1,Woman,Woman,Woman,5,2,5,Middle Eastern,White,Asian
prof_nurse_seed119_crop.png,zimage,prof_nurse,Woman,Asian,4,Woman,White,31,True,8,64.59,1,Woman,Woman,Woman,4,4,6,Indian,Black,Black
prof_nurse_seed119_crop.png,zimage,prof_nurse,Woman,Asian,4,Woman,White,31,True,8,64.59,1,Woman,Woman,Woman,3,2,5,Asian,Asian,Asian
prof_nurse_seed119_crop.png,zimage,prof_nurse,Woman,Asian,4,Woman,White,31,True,5,82.78,1,Woman,Woman,Woman,3,2,3,Asian,Asian,Asian
prof_nurse_seed119_crop.png,zimage,prof_nurse,Woman,Asian,4,Woman,White,31,True,5,82.78,1,Woman,Woman,Woman,3,2,3,White,White,White
prof_nurse_seed119_crop.png,zimage,prof_nurse,Woman,Asian,4,Woman,White,31,True,5,82.78,1,Woman,Woman,Woman,5,2,5,Middle Eastern,White,Asian
prof_nurse_seed119_crop.png,zimage,prof_nurse,Woman,Asian,4,Woman,White,31,True,5,82.78,1,Woman,Woman,Woman,4,4,6,Indian,Black,Black
prof_nurse_seed119_crop.png,zimage,prof_nurse,Woman,Asian,4,Woman,White,31,True,5,82.78,1,Woman,Woman,Woman,3,2,5,Asian,Asian,Asian
prof_nurse_seed119_crop.png,zimage,prof_nurse,Woman,Asian,4,Woman,White,31,True,5,52.64,2,Woman,Woman,Woman,3,2,3,Asian,Asian,Asian
prof_nurse_seed119_crop.png,zimage,prof_nurse,Woman,Asian,4,Woman,White,31,True,5,52.64,2,Woman,Woman,Woman,3,2,3,White,White,White
prof_nurse_seed119_crop.png,zimage,prof_nurse,Woman,Asian,4,Woman,White,31,True,5,52.64,2,Woman,Woman,Woman,5,2,5,Middle Eastern,White,Asian
prof_nurse_seed119_crop.png,zimage,prof_nurse,Woman,Asian,4,Woman,White,31,True,5,52.64,2,Woman,Woman,Woman,4,4,6,Indian,Black,Black
prof_nurse_seed119_crop.png,zimage,prof_nurse,Woman,Asian,4,Woman,White,31,True,5,52.64,2,Woman,Woman,Woman,3,2,5,Asian,Asian,Asian
prof_nurse_seed119_crop.png,zimage,prof_nurse,Woman,Asian,4,Woman,White,25,True,6,-88.34,9,Woman,Woman,Woman,3,2,3,Asian,Asian,Asian
prof_nurse_seed119_crop.png,zimage,prof_nurse,Woman,Asian,4,Woman,White,25,True,6,-88.34,9,Woman,Woman,Woman,3,2,3,White,White,White
prof_nurse_seed119_crop.png,zimage,prof_nurse,Woman,Asian,4,Woman,White,25,True,6,-88.34,9,Woman,Woman,Woman,5,2,5,Middle Eastern,White,Asian
prof_nurse_seed119_crop.png,zimage,prof_nurse,Woman,Asian,4,Woman,White,25,True,6,-88.34,9,Woman,Woman,Woman,4,4,6,Indian,Black,Black
prof_nurse_seed119_crop.png,zimage,prof_nurse,Woman,Asian,4,Woman,White,25,True,6,-88.34,9,Woman,Woman,Woman,3,2,5,Asian,Asian,Asian
prof_nurse_seed119_crop.png,zimage,prof_nurse,Woman,Asian,4,Woman,White,25,True,5,-17.04,8,Woman,Woman,Woman,3,2,3,Asian,Asian,Asian
prof_nurse_seed119_crop.png,zimage,prof_nurse,Woman,Asian,4,Woman,White,25,True,5,-17.04,8,Woman,Woman,Woman,3,2,3,White,White,White
prof_nurse_seed119_crop.png,zimage,prof_nurse,Woman,Asian,4,Woman,White,25,True,5,-17.04,8,Woman,Woman,Woman,5,2,5,Middle Eastern,White,Asian
prof_nurse_seed119_crop.png,zimage,prof_nurse,Woman,Asian,4,Woman,White,25,True,5,-17.04,8,Woman,Woman,Woman,4,4,6,Indian,Black,Black
prof_nurse_seed119_crop.png,zimage,prof_nurse,Woman,Asian,4,Woman,White,25,True,5,-17.04,8,Woman,Woman,Woman,3,2,5,Asian,Asian,Asian
prof_nurse_seed119_crop.png,zimage,prof_nurse,Woman,Asian,4,Woman,White,25,True,8,64.59,1,Woman,Woman,Woman,3,2,3,Asian,Asian,Asian
prof_nurse_seed119_crop.png,zimage,prof_nurse,Woman,Asian,4,Woman,White,25,True,8,64.59,1,Woman,Woman,Woman,3,2,3,White,White,White
prof_nurse_seed119_crop.png,zimage,prof_nurse,Woman,Asian,4,Woman,White,25,True,8,64.59,1,Woman,Woman,Woman,5,2,5,Middle Eastern,White,Asian
prof_nurse_seed119_crop.png,zimage,prof_nurse,Woman,Asian,4,Woman,White,25,True,8,64.59,1,Woman,Woman,Woman,4,4,6,Indian,Black,Black
prof_nurse_seed119_crop.png,zimage,prof_nurse,Woman,Asian,4,Woman,White,25,True,8,64.59,1,Woman,Woman,Woman,3,2,5,Asian,Asian,Asian
prof_nurse_seed119_crop.png,zimage,prof_nurse,Woman,Asian,4,Woman,White,25,True,5,82.78,1,Woman,Woman,Woman,3,2,3,Asian,Asian,Asian
prof_nurse_seed119_crop.png,zimage,prof_nurse,Woman,Asian,4,Woman,White,25,True,5,82.78,1,Woman,Woman,Woman,3,2,3,White,White,White
prof_nurse_seed119_crop.png,zimage,prof_nurse,Woman,Asian,4,Woman,White,25,True,5,82.78,1,Woman,Woman,Woman,5,2,5,Middle Eastern,White,Asian
prof_nurse_seed119_crop.png,zimage,prof_nurse,Woman,Asian,4,Woman,White,25,True,5,82.78,1,Woman,Woman,Woman,4,4,6,Indian,Black,Black
prof_nurse_seed119_crop.png,zimage,prof_nurse,Woman,Asian,4,Woman,White,25,True,5,82.78,1,Woman,Woman,Woman,3,2,5,Asian,Asian,Asian
prof_nurse_seed119_crop.png,zimage,prof_nurse,Woman,Asian,4,Woman,White,25,True,5,52.64,2,Woman,Woman,Woman,3,2,3,Asian,Asian,Asian
prof_nurse_seed119_crop.png,zimage,prof_nurse,Woman,Asian,4,Woman,White,25,True,5,52.64,2,Woman,Woman,Woman,3,2,3,White,White,White
prof_nurse_seed119_crop.png,zimage,prof_nurse,Woman,Asian,4,Woman,White,25,True,5,52.64,2,Woman,Woman,Woman,5,2,5,Middle Eastern,White,Asian
prof_nurse_seed119_crop.png,zimage,prof_nurse,Woman,Asian,4,Woman,White,25,True,5,52.64,2,Woman,Woman,Woman,4,4,6,Indian,Black,Black
prof_nurse_seed119_crop.png,zimage,prof_nurse,Woman,Asian,4,Woman,White,25,True,5,52.64,2,Woman,Woman,Woman,3,2,5,Asian,Asian,Asian
prof_nurse_seed119_crop.png,zimage,prof_nurse,Woman,Asian,4,Woman,White,39,True,6,-88.34,9,Woman,Woman,Woman,3,2,3,Asian,Asian,Asian
prof_nurse_seed119_crop.png,zimage,prof_nurse,Woman,Asian,4,Woman,White,39,True,6,-88.34,9,Woman,Woman,Woman,3,2,3,White,White,White
prof_nurse_seed119_crop.png,zimage,prof_nurse,Woman,Asian,4,Woman,White,39,True,6,-88.34,9,Woman,Woman,Woman,5,2,5,Middle Eastern,White,Asian
prof_nurse_seed119_crop.png,zimage,prof_nurse,Woman,Asian,4,Woman,White,39,True,6,-88.34,9,Woman,Woman,Woman,4,4,6,Indian,Black,Black
prof_nurse_seed119_crop.png,zimage,prof_nurse,Woman,Asian,4,Woman,White,39,True,6,-88.34,9,Woman,Woman,Woman,3,2,5,Asian,Asian,Asian
prof_nurse_seed119_crop.png,zimage,prof_nurse,Woman,Asian,4,Woman,White,39,True,5,-17.04,8,Woman,Woman,Woman,3,2,3,Asian,Asian,Asian
prof_nurse_seed119_crop.png,zimage,prof_nurse,Woman,Asian,4,Woman,White,39,True,5,-17.04,8,Woman,Woman,Woman,3,2,3,White,White,White
prof_nurse_seed119_crop.png,zimage,prof_nurse,Woman,Asian,4,Woman,White,39,True,5,-17.04,8,Woman,Woman,Woman,5,2,5,Middle Eastern,White,Asian
prof_nurse_seed119_crop.png,zimage,prof_nurse,Woman,Asian,4,Woman,White,39,True,5,-17.04,8,Woman,Woman,Woman,4,4,6,Indian,Black,Black
prof_nurse_seed119_crop.png,zimage,prof_nurse,Woman,Asian,4,Woman,White,39,True,5,-17.04,8,Woman,Woman,Woman,3,2,5,Asian,Asian,Asian
prof_nurse_seed119_crop.png,zimage,prof_nurse,Woman,Asian,4,Woman,White,39,True,8,64.59,1,Woman,Woman,Woman,3,2,3,Asian,Asian,Asian
prof_nurse_seed119_crop.png,zimage,prof_nurse,Woman,Asian,4,Woman,White,39,True,8,64.59,1,Woman,Woman,Woman,3,2,3,White,White,White
prof_nurse_seed119_crop.png,zimage,prof_nurse,Woman,Asian,4,Woman,White,39,True,8,64.59,1,Woman,Woman,Woman,5,2,5,Middle Eastern,White,Asian
prof_nurse_seed119_crop.png,zimage,prof_nurse,Woman,Asian,4,Woman,White,39,True,8,64.59,1,Woman,Woman,Woman,4,4,6,Indian,Black,Black
prof_nurse_seed119_crop.png,zimage,prof_nurse,Woman,Asian,4,Woman,White,39,True,8,64.59,1,Woman,Woman,Woman,3,2,5,Asian,Asian,Asian
prof_nurse_seed119_crop.png,zimage,prof_nurse,Woman,Asian,4,Woman,White,39,True,5,82.78,1,Woman,Woman,Woman,3,2,3,Asian,Asian,Asian
prof_nurse_seed119_crop.png,zimage,prof_nurse,Woman,Asian,4,Woman,White,39,True,5,82.78,1,Woman,Woman,Woman,3,2,3,White,White,White
prof_nurse_seed119_crop.png,zimage,prof_nurse,Woman,Asian,4,Woman,White,39,True,5,82.78,1,Woman,Woman,Woman,5,2,5,Middle Eastern,White,Asian
prof_nurse_seed119_crop.png,zimage,prof_nurse,Woman,Asian,4,Woman,White,39,True,5,82.78,1,Woman,Woman,Woman,4,4,6,Indian,Black,Black
prof_nurse_seed119_crop.png,zimage,prof_nurse,Woman,Asian,4,Woman,White,39,True,5,82.78,1,Woman,Woman,Woman,3,2,5,Asian,Asian,Asian
prof_nurse_seed119_crop.png,zimage,prof_nurse,Woman,Asian,4,Woman,White,39,True,5,52.64,2,Woman,Woman,Woman,3,2,3,Asian,Asian,Asian
prof_nurse_seed119_crop.png,zimage,prof_nurse,Woman,Asian,4,Woman,White,39,True,5,52.64,2,Woman,Woman,Woman,3,2,3,White,White,White
prof_nurse_seed119_crop.png,zimage,prof_nurse,Woman,Asian,4,Woman,White,39,True,5,52.64,2,Woman,Woman,Woman,5,2,5,Middle Eastern,White,Asian
prof_nurse_seed119_crop.png,zimage,prof_nurse,Woman,Asian,4,Woman,White,39,True,5,52.64,2,Woman,Woman,Woman,4,4,6,Indian,Black,Black
prof_nurse_seed119_crop.png,zimage,prof_nurse,Woman,Asian,4,Woman,White,39,True,5,52.64,2,Woman,Woman,Woman,3,2,5,Asian,Asian,Asian
prof_nurse_seed119_crop.png,zimage,prof_nurse,Woman,Asian,4,Woman,Latino Hispanic,29,True,6,-88.34,9,Woman,Woman,Woman,3,2,3,Asian,Asian,Asian
prof_nurse_seed119_crop.png,zimage,prof_nurse,Woman,Asian,4,Woman,Latino Hispanic,29,True,6,-88.34,9,Woman,Woman,Woman,3,2,3,White,White,White
prof_nurse_seed119_crop.png,zimage,prof_nurse,Woman,Asian,4,Woman,Latino Hispanic,29,True,6,-88.34,9,Woman,Woman,Woman,5,2,5,Middle Eastern,White,Asian
prof_nurse_seed119_crop.png,zimage,prof_nurse,Woman,Asian,4,Woman,Latino Hispanic,29,True,6,-88.34,9,Woman,Woman,Woman,4,4,6,Indian,Black,Black
prof_nurse_seed119_crop.png,zimage,prof_nurse,Woman,Asian,4,Woman,Latino Hispanic,29,True,6,-88.34,9,Woman,Woman,Woman,3,2,5,Asian,Asian,Asian
prof_nurse_seed119_crop.png,zimage,prof_nurse,Woman,Asian,4,Woman,Latino Hispanic,29,True,5,-17.04,8,Woman,Woman,Woman,3,2,3,Asian,Asian,Asian
prof_nurse_seed119_crop.png,zimage,prof_nurse,Woman,Asian,4,Woman,Latino Hispanic,29,True,5,-17.04,8,Woman,Woman,Woman,3,2,3,White,White,White
prof_nurse_seed119_crop.png,zimage,prof_nurse,Woman,Asian,4,Woman,Latino Hispanic,29,True,5,-17.04,8,Woman,Woman,Woman,5,2,5,Middle Eastern,White,Asian
prof_nurse_seed119_crop.png,zimage,prof_nurse,Woman,Asian,4,Woman,Latino Hispanic,29,True,5,-17.04,8,Woman,Woman,Woman,4,4,6,Indian,Black,Black
prof_nurse_seed119_crop.png,zimage,prof_nurse,Woman,Asian,4,Woman,Latino Hispanic,29,True,5,-17.04,8,Woman,Woman,Woman,3,2,5,Asian,Asian,Asian
prof_nurse_seed119_crop.png,zimage,prof_nurse,Woman,Asian,4,Woman,Latino Hispanic,29,True,8,64.59,1,Woman,Woman,Woman,3,2,3,Asian,Asian,Asian
prof_nurse_seed119_crop.png,zimage,prof_nurse,Woman,Asian,4,Woman,Latino Hispanic,29,True,8,64.59,1,Woman,Woman,Woman,3,2,3,White,White,White
prof_nurse_seed119_crop.png,zimage,prof_nurse,Woman,Asian,4,Woman,Latino Hispanic,29,True,8,64.59,1,Woman,Woman,Woman,5,2,5,Middle Eastern,White,Asian
prof_nurse_seed119_crop.png,zimage,prof_nurse,Woman,Asian,4,Woman,Latino Hispanic,29,True,8,64.59,1,Woman,Woman,Woman,4,4,6,Indian,Black,Black
prof_nurse_seed119_crop.png,zimage,prof_nurse,Woman,Asian,4,Woman,Latino Hispanic,29,True,8,64.59,1,Woman,Woman,Woman,3,2,5,Asian,Asian,Asian
prof_nurse_seed119_crop.png,zimage,prof_nurse,Woman,Asian,4,Woman,Latino Hispanic,29,True,5,82.78,1,Woman,Woman,Woman,3,2,3,Asian,Asian,Asian
prof_nurse_seed119_crop.png,zimage,prof_nurse,Woman,Asian,4,Woman,Latino Hispanic,29,True,5,82.78,1,Woman,Woman,Woman,3,2,3,White,White,White
prof_nurse_seed119_crop.png,zimage,prof_nurse,Woman,Asian,4,Woman,Latino Hispanic,29,True,5,82.78,1,Woman,Woman,Woman,5,2,5,Middle Eastern,White,Asian
prof_nurse_seed119_crop.png,zimage,prof_nurse,Woman,Asian,4,Woman,Latino Hispanic,29,True,5,82.78,1,Woman,Woman,Woman,4,4,6,Indian,Black,Black
prof_nurse_seed119_crop.png,zimage,prof_nurse,Woman,Asian,4,Woman,Latino Hispanic,29,True,5,82.78,1,Woman,Woman,Woman,3,2,5,Asian,Asian,Asian
prof_nurse_seed119_crop.png,zimage,prof_nurse,Woman,Asian,4,Woman,Latino Hispanic,29,True,5,52.64,2,Woman,Woman,Woman,3,2,3,Asian,Asian,Asian
prof_nurse_seed119_crop.png,zimage,prof_nurse,Woman,Asian,4,Woman,Latino Hispanic,29,True,5,52.64,2,Woman,Woman,Woman,3,2,3,White,White,White
prof_nurse_seed119_crop.png,zimage,prof_nurse,Woman,Asian,4,Woman,Latino Hispanic,29,True,5,52.64,2,Woman,Woman,Woman,5,2,5,Middle Eastern,White,Asian
prof_nurse_seed119_crop.png,zimage,prof_nurse,Woman,Asian,4,Woman,Latino Hispanic,29,True,5,52.64,2,Woman,Woman,Woman,4,4,6,Indian,Black,Black
prof_nurse_seed119_crop.png,zimage,prof_nurse,Woman,Asian,4,Woman,Latino Hispanic,29,True,5,52.64,2,Woman,Woman,Woman,3,2,5,Asian,Asian,Asian
base_beautiful_seed119_crop.png,flux_klein,base_beautiful,Woman,Asian,4,Woman,Asian,27,True,5,28.88,3,Woman,Woman,Woman,5,3,5,Asian,Asian,Asian
base_beautiful_seed119_crop.png,flux_klein,base_beautiful,Woman,Asian,4,Woman,Asian,27,True,5,28.88,3,Woman,Woman,Woman,5,3,5,Middle Eastern,White,White
base_beautiful_seed119_crop.png,flux_klein,base_beautiful,Woman,Asian,4,Woman,Asian,27,True,5,28.88,3,Woman,Woman,Woman,5,2,5,Indian,Asian,Asian
base_beautiful_seed119_crop.png,flux_klein,base_beautiful,Woman,Asian,4,Woman,Asian,27,True,5,28.88,3,Woman,Woman,Woman,4,5,6,Black,Black,Black
base_beautiful_seed119_crop.png,flux_klein,base_beautiful,Woman,Asian,4,Woman,Asian,27,True,5,28.88,3,Woman,Woman,Woman,3,2,5,Asian,Asian,Asian
base_beautiful_seed119_crop.png,flux_klein,base_beautiful,Woman,Asian,4,Woman,Asian,27,True,5,17.84,5,Woman,Woman,Woman,5,3,5,Asian,Asian,Asian
base_beautiful_seed119_crop.png,flux_klein,base_beautiful,Woman,Asian,4,Woman,Asian,27,True,5,17.84,5,Woman,Woman,Woman,5,3,5,Middle Eastern,White,White
base_beautiful_seed119_crop.png,flux_klein,base_beautiful,Woman,Asian,4,Woman,Asian,27,True,5,17.84,5,Woman,Woman,Woman,5,2,5,Indian,Asian,Asian
base_beautiful_seed119_crop.png,flux_klein,base_beautiful,Woman,Asian,4,Woman,Asian,27,True,5,17.84,5,Woman,Woman,Woman,4,5,6,Black,Black,Black
base_beautiful_seed119_crop.png,flux_klein,base_beautiful,Woman,Asian,4,Woman,Asian,27,True,5,17.84,5,Woman,Woman,Woman,3,2,5,Asian,Asian,Asian
base_beautiful_seed119_crop.png,flux_klein,base_beautiful,Woman,Asian,4,Woman,Asian,27,True,6,31.19,3,Woman,Woman,Woman,5,3,5,Asian,Asian,Asian
base_beautiful_seed119_crop.png,flux_klein,base_beautiful,Woman,Asian,4,Woman,Asian,27,True,6,31.19,3,Woman,Woman,Woman,5,3,5,Middle Eastern,White,White
base_beautiful_seed119_crop.png,flux_klein,base_beautiful,Woman,Asian,4,Woman,Asian,27,True,6,31.19,3,Woman,Woman,Woman,5,2,5,Indian,Asian,Asian
base_beautiful_seed119_crop.png,flux_klein,base_beautiful,Woman,Asian,4,Woman,Asian,27,True,6,31.19,3,Woman,Woman,Woman,4,5,6,Black,Black,Black
base_beautiful_seed119_crop.png,flux_klein,base_beautiful,Woman,Asian,4,Woman,Asian,27,True,6,31.19,3,Woman,Woman,Woman,3,2,5,Asian,Asian,Asian
base_beautiful_seed119_crop.png,flux_klein,base_beautiful,Woman,Asian,4,Woman,Asian,27,True,5,43.43,2,Woman,Woman,Woman,5,3,5,Asian,Asian,Asian
base_beautiful_seed119_crop.png,flux_klein,base_beautiful,Woman,Asian,4,Woman,Asian,27,True,5,43.43,2,Woman,Woman,Woman,5,3,5,Middle Eastern,White,White
base_beautiful_seed119_crop.png,flux_klein,base_beautiful,Woman,Asian,4,Woman,Asian,27,True,5,43.43,2,Woman,Woman,Woman,5,2,5,Indian,Asian,Asian
base_beautiful_seed119_crop.png,flux_klein,base_beautiful,Woman,Asian,4,Woman,Asian,27,True,5,43.43,2,Woman,Woman,Woman,4,5,6,Black,Black,Black
base_beautiful_seed119_crop.png,flux_klein,base_beautiful,Woman,Asian,4,Woman,Asian,27,True,5,43.43,2,Woman,Woman,Woman,3,2,5,Asian,Asian,Asian
base_beautiful_seed119_crop.png,flux_klein,base_beautiful,Woman,Asian,4,Woman,Asian,27,True,6,61.39,1,Woman,Woman,Woman,5,3,5,Asian,Asian,Asian
base_beautiful_seed119_crop.png,flux_klein,base_beautiful,Woman,Asian,4,Woman,Asian,27,True,6,61.39,1,Woman,Woman,Woman,5,3,5,Middle Eastern,White,White
base_beautiful_seed119_crop.png,flux_klein,base_beautiful,Woman,Asian,4,Woman,Asian,27,True,6,61.39,1,Woman,Woman,Woman,5,2,5,Indian,Asian,Asian
base_beautiful_seed119_crop.png,flux_klein,base_beautiful,Woman,Asian,4,Woman,Asian,27,True,6,61.39,1,Woman,Woman,Woman,4,5,6,Black,Black,Black
base_beautiful_seed119_crop.png,flux_klein,base_beautiful,Woman,Asian,4,Woman,Asian,27,True,6,61.39,1,Woman,Woman,Woman,3,2,5,Asian,Asian,Asian
base_beautiful_seed119_crop.png,flux_klein,base_beautiful,Woman,Asian,4,Woman,Asian,30,False,5,28.88,3,Woman,Woman,Woman,5,3,5,Asian,Asian,Asian
base_beautiful_seed119_crop.png,flux_klein,base_beautiful,Woman,Asian,4,Woman,Asian,30,False,5,28.88,3,Woman,Woman,Woman,5,3,5,Middle Eastern,White,White
base_beautiful_seed119_crop.png,flux_klein,base_beautiful,Woman,Asian,4,Woman,Asian,30,False,5,28.88,3,Woman,Woman,Woman,5,2,5,Indian,Asian,Asian
base_beautiful_seed119_crop.png,flux_klein,base_beautiful,Woman,Asian,4,Woman,Asian,30,False,5,28.88,3,Woman,Woman,Woman,4,5,6,Black,Black,Black
base_beautiful_seed119_crop.png,flux_klein,base_beautiful,Woman,Asian,4,Woman,Asian,30,False,5,28.88,3,Woman,Woman,Woman,3,2,5,Asian,Asian,Asian
base_beautiful_seed119_crop.png,flux_klein,base_beautiful,Woman,Asian,4,Woman,Asian,30,False,5,17.84,5,Woman,Woman,Woman,5,3,5,Asian,Asian,Asian
base_beautiful_seed119_crop.png,flux_klein,base_beautiful,Woman,Asian,4,Woman,Asian,30,False,5,17.84,5,Woman,Woman,Woman,5,3,5,Middle Eastern,White,White
base_beautiful_seed119_crop.png,flux_klein,base_beautiful,Woman,Asian,4,Woman,Asian,30,False,5,17.84,5,Woman,Woman,Woman,5,2,5,Indian,Asian,Asian
base_beautiful_seed119_crop.png,flux_klein,base_beautiful,Woman,Asian,4,Woman,Asian,30,False,5,17.84,5,Woman,Woman,Woman,4,5,6,Black,Black,Black
base_beautiful_seed119_crop.png,flux_klein,base_beautiful,Woman,Asian,4,Woman,Asian,30,False,5,17.84,5,Woman,Woman,Woman,3,2,5,Asian,Asian,Asian
base_beautiful_seed119_crop.png,flux_klein,base_beautiful,Woman,Asian,4,Woman,Asian,30,False,6,31.19,3,Woman,Woman,Woman,5,3,5,Asian,Asian,Asian
base_beautiful_seed119_crop.png,flux_klein,base_beautiful,Woman,Asian,4,Woman,Asian,30,False,6,31.19,3,Woman,Woman,Woman,5,3,5,Middle Eastern,White,White
base_beautiful_seed119_crop.png,flux_klein,base_beautiful,Woman,Asian,4,Woman,Asian,30,False,6,31.19,3,Woman,Woman,Woman,5,2,5,Indian,Asian,Asian
base_beautiful_seed119_crop.png,flux_klein,base_beautiful,Woman,Asian,4,Woman,Asian,30,False,6,31.19,3,Woman,Woman,Woman,4,5,6,Black,Black,Black
base_beautiful_seed119_crop.png,flux_klein,base_beautiful,Woman,Asian,4,Woman,Asian,30,False,6,31.19,3,Woman,Woman,Woman,3,2,5,Asian,Asian,Asian
base_beautiful_seed119_crop.png,flux_klein,base_beautiful,Woman,Asian,4,Woman,Asian,30,False,5,43.43,2,Woman,Woman,Woman,5,3,5,Asian,Asian,Asian
base_beautiful_seed119_crop.png,flux_klein,base_beautiful,Woman,Asian,4,Woman,Asian,30,False,5,43.43,2,Woman,Woman,Woman,5,3,5,Middle Eastern,White,White
base_beautiful_seed119_crop.png,flux_klein,base_beautiful,Woman,Asian,4,Woman,Asian,30,False,5,43.43,2,Woman,Woman,Woman,5,2,5,Indian,Asian,Asian
base_beautiful_seed119_crop.png,flux_klein,base_beautiful,Woman,Asian,4,Woman,Asian,30,False,5,43.43,2,Woman,Woman,Woman,4,5,6,Black,Black,Black
base_beautiful_seed119_crop.png,flux_klein,base_beautiful,Woman,Asian,4,Woman,Asian,30,False,5,43.43,2,Woman,Woman,Woman,3,2,5,Asian,Asian,Asian
base_beautiful_seed119_crop.png,flux_klein,base_beautiful,Woman,Asian,4,Woman,Asian,30,False,6,61.39,1,Woman,Woman,Woman,5,3,5,Asian,Asian,Asian
base_beautiful_seed119_crop.png,flux_klein,base_beautiful,Woman,Asian,4,Woman,Asian,30,False,6,61.39,1,Woman,Woman,Woman,5,3,5,Middle Eastern,White,White
base_beautiful_seed119_crop.png,flux_klein,base_beautiful,Woman,Asian,4,Woman,Asian,30,False,6,61.39,1,Woman,Woman,Woman,5,2,5,Indian,Asian,Asian
base_beautiful_seed119_crop.png,flux_klein,base_beautiful,Woman,Asian,4,Woman,Asian,30,False,6,61.39,1,Woman,Woman,Woman,4,5,6,Black,Black,Black
base_beautiful_seed119_crop.png,flux_klein,base_beautiful,Woman,Asian,4,Woman,Asian,30,False,6,61.39,1,Woman,Woman,Woman,3,2,5,Asian,Asian,Asian
base_beautiful_seed119_crop.png,flux_klein,base_beautiful,Woman,Asian,4,Woman,White,28,True,5,28.88,3,Woman,Woman,Woman,5,3,5,Asian,Asian,Asian
base_beautiful_seed119_crop.png,flux_klein,base_beautiful,Woman,Asian,4,Woman,White,28,True,5,28.88,3,Woman,Woman,Woman,5,3,5,Middle Eastern,White,White
base_beautiful_seed119_crop.png,flux_klein,base_beautiful,Woman,Asian,4,Woman,White,28,True,5,28.88,3,Woman,Woman,Woman,5,2,5,Indian,Asian,Asian
base_beautiful_seed119_crop.png,flux_klein,base_beautiful,Woman,Asian,4,Woman,White,28,True,5,28.88,3,Woman,Woman,Woman,4,5,6,Black,Black,Black
base_beautiful_seed119_crop.png,flux_klein,base_beautiful,Woman,Asian,4,Woman,White,28,True,5,28.88,3,Woman,Woman,Woman,3,2,5,Asian,Asian,Asian
base_beautiful_seed119_crop.png,flux_klein,base_beautiful,Woman,Asian,4,Woman,White,28,True,5,17.84,5,Woman,Woman,Woman,5,3,5,Asian,Asian,Asian
base_beautiful_seed119_crop.png,flux_klein,base_beautiful,Woman,Asian,4,Woman,White,28,True,5,17.84,5,Woman,Woman,Woman,5,3,5,Middle Eastern,White,White
base_beautiful_seed119_crop.png,flux_klein,base_beautiful,Woman,Asian,4,Woman,White,28,True,5,17.84,5,Woman,Woman,Woman,5,2,5,Indian,Asian,Asian
base_beautiful_seed119_crop.png,flux_klein,base_beautiful,Woman,Asian,4,Woman,White,28,True,5,17.84,5,Woman,Woman,Woman,4,5,6,Black,Black,Black
base_beautiful_seed119_crop.png,flux_klein,base_beautiful,Woman,Asian,4,Woman,White,28,True,5,17.84,5,Woman,Woman,Woman,3,2,5,Asian,Asian,Asian
base_beautiful_seed119_crop.png,flux_klein,base_beautiful,Woman,Asian,4,Woman,White,28,True,6,31.19,3,Woman,Woman,Woman,5,3,5,Asian,Asian,Asian
base_beautiful_seed119_crop.png,flux_klein,base_beautiful,Woman,Asian,4,Woman,White,28,True,6,31.19,3,Woman,Woman,Woman,5,3,5,Middle Eastern,White,White
base_beautiful_seed119_crop.png,flux_klein,base_beautiful,Woman,Asian,4,Woman,White,28,True,6,31.19,3,Woman,Woman,Woman,5,2,5,Indian,Asian,Asian
base_beautiful_seed119_crop.png,flux_klein,base_beautiful,Woman,Asian,4,Woman,White,28,True,6,31.19,3,Woman,Woman,Woman,4,5,6,Black,Black,Black
base_beautiful_seed119_crop.png,flux_klein,base_beautiful,Woman,Asian,4,Woman,White,28,True,6,31.19,3,Woman,Woman,Woman,3,2,5,Asian,Asian,Asian
base_beautiful_seed119_crop.png,flux_klein,base_beautiful,Woman,Asian,4,Woman,White,28,True,5,43.43,2,Woman,Woman,Woman,5,3,5,Asian,Asian,Asian
base_beautiful_seed119_crop.png,flux_klein,base_beautiful,Woman,Asian,4,Woman,White,28,True,5,43.43,2,Woman,Woman,Woman,5,3,5,Middle Eastern,White,White
base_beautiful_seed119_crop.png,flux_klein,base_beautiful,Woman,Asian,4,Woman,White,28,True,5,43.43,2,Woman,Woman,Woman,5,2,5,Indian,Asian,Asian
base_beautiful_seed119_crop.png,flux_klein,base_beautiful,Woman,Asian,4,Woman,White,28,True,5,43.43,2,Woman,Woman,Woman,4,5,6,Black,Black,Black
base_beautiful_seed119_crop.png,flux_klein,base_beautiful,Woman,Asian,4,Woman,White,28,True,5,43.43,2,Woman,Woman,Woman,3,2,5,Asian,Asian,Asian
base_beautiful_seed119_crop.png,flux_klein,base_beautiful,Woman,Asian,4,Woman,White,28,True,6,61.39,1,Woman,Woman,Woman,5,3,5,Asian,Asian,Asian
base_beautiful_seed119_crop.png,flux_klein,base_beautiful,Woman,Asian,4,Woman,White,28,True,6,61.39,1,Woman,Woman,Woman,5,3,5,Middle Eastern,White,White
base_beautiful_seed119_crop.png,flux_klein,base_beautiful,Woman,Asian,4,Woman,White,28,True,6,61.39,1,Woman,Woman,Woman,5,2,5,Indian,Asian,Asian
base_beautiful_seed119_crop.png,flux_klein,base_beautiful,Woman,Asian,4,Woman,White,28,True,6,61.39,1,Woman,Woman,Woman,4,5,6,Black,Black,Black
base_beautiful_seed119_crop.png,flux_klein,base_beautiful,Woman,Asian,4,Woman,White,28,True,6,61.39,1,Woman,Woman,Woman,3,2,5,Asian,Asian,Asian
base_beautiful_seed119_crop.png,flux_klein,base_beautiful,Woman,Asian,4,Woman,Middle Eastern,39,True,5,28.88,3,Woman,Woman,Woman,5,3,5,Asian,Asian,Asian
base_beautiful_seed119_crop.png,flux_klein,base_beautiful,Woman,Asian,4,Woman,Middle Eastern,39,True,5,28.88,3,Woman,Woman,Woman,5,3,5,Middle Eastern,White,White
base_beautiful_seed119_crop.png,flux_klein,base_beautiful,Woman,Asian,4,Woman,Middle Eastern,39,True,5,28.88,3,Woman,Woman,Woman,5,2,5,Indian,Asian,Asian
base_beautiful_seed119_crop.png,flux_klein,base_beautiful,Woman,Asian,4,Woman,Middle Eastern,39,True,5,28.88,3,Woman,Woman,Woman,4,5,6,Black,Black,Black
base_beautiful_seed119_crop.png,flux_klein,base_beautiful,Woman,Asian,4,Woman,Middle Eastern,39,True,5,28.88,3,Woman,Woman,Woman,3,2,5,Asian,Asian,Asian
base_beautiful_seed119_crop.png,flux_klein,base_beautiful,Woman,Asian,4,Woman,Middle Eastern,39,True,5,17.84,5,Woman,Woman,Woman,5,3,5,Asian,Asian,Asian
base_beautiful_seed119_crop.png,flux_klein,base_beautiful,Woman,Asian,4,Woman,Middle Eastern,39,True,5,17.84,5,Woman,Woman,Woman,5,3,5,Middle Eastern,White,White
base_beautiful_seed119_crop.png,flux_klein,base_beautiful,Woman,Asian,4,Woman,Middle Eastern,39,True,5,17.84,5,Woman,Woman,Woman,5,2,5,Indian,Asian,Asian
base_beautiful_seed119_crop.png,flux_klein,base_beautiful,Woman,Asian,4,Woman,Middle Eastern,39,True,5,17.84,5,Woman,Woman,Woman,4,5,6,Black,Black,Black
base_beautiful_seed119_crop.png,flux_klein,base_beautiful,Woman,Asian,4,Woman,Middle Eastern,39,True,5,17.84,5,Woman,Woman,Woman,3,2,5,Asian,Asian,Asian
base_beautiful_seed119_crop.png,flux_klein,base_beautiful,Woman,Asian,4,Woman,Middle Eastern,39,True,6,31.19,3,Woman,Woman,Woman,5,3,5,Asian,Asian,Asian
base_beautiful_seed119_crop.png,flux_klein,base_beautiful,Woman,Asian,4,Woman,Middle Eastern,39,True,6,31.19,3,Woman,Woman,Woman,5,3,5,Middle Eastern,White,White
base_beautiful_seed119_crop.png,flux_klein,base_beautiful,Woman,Asian,4,Woman,Middle Eastern,39,True,6,31.19,3,Woman,Woman,Woman,5,2,5,Indian,Asian,Asian
base_beautiful_seed119_crop.png,flux_klein,base_beautiful,Woman,Asian,4,Woman,Middle Eastern,39,True,6,31.19,3,Woman,Woman,Woman,4,5,6,Black,Black,Black
base_beautiful_seed119_crop.png,flux_klein,base_beautiful,Woman,Asian,4,Woman,Middle Eastern,39,True,6,31.19,3,Woman,Woman,Woman,3,2,5,Asian,Asian,Asian
base_beautiful_seed119_crop.png,flux_klein,base_beautiful,Woman,Asian,4,Woman,Middle Eastern,39,True,5,43.43,2,Woman,Woman,Woman,5,3,5,Asian,Asian,Asian
base_beautiful_seed119_crop.png,flux_klein,base_beautiful,Woman,Asian,4,Woman,Middle Eastern,39,True,5,43.43,2,Woman,Woman,Woman,5,3,5,Middle Eastern,White,White
base_beautiful_seed119_crop.png,flux_klein,base_beautiful,Woman,Asian,4,Woman,Middle Eastern,39,True,5,43.43,2,Woman,Woman,Woman,5,2,5,Indian,Asian,Asian
base_beautiful_seed119_crop.png,flux_klein,base_beautiful,Woman,Asian,4,Woman,Middle Eastern,39,True,5,43.43,2,Woman,Woman,Woman,4,5,6,Black,Black,Black
base_beautiful_seed119_crop.png,flux_klein,base_beautiful,Woman,Asian,4,Woman,Middle Eastern,39,True,5,43.43,2,Woman,Woman,Woman,3,2,5,Asian,Asian,Asian
base_beautiful_seed119_crop.png,flux_klein,base_beautiful,Woman,Asian,4,Woman,Middle Eastern,39,True,6,61.39,1,Woman,Woman,Woman,5,3,5,Asian,Asian,Asian
base_beautiful_seed119_crop.png,flux_klein,base_beautiful,Woman,Asian,4,Woman,Middle Eastern,39,True,6,61.39,1,Woman,Woman,Woman,5,3,5,Middle Eastern,White,White
base_beautiful_seed119_crop.png,flux_klein,base_beautiful,Woman,Asian,4,Woman,Middle Eastern,39,True,6,61.39,1,Woman,Woman,Woman,5,2,5,Indian,Asian,Asian
base_beautiful_seed119_crop.png,flux_klein,base_beautiful,Woman,Asian,4,Woman,Middle Eastern,39,True,6,61.39,1,Woman,Woman,Woman,4,5,6,Black,Black,Black
base_beautiful_seed119_crop.png,flux_klein,base_beautiful,Woman,Asian,4,Woman,Middle Eastern,39,True,6,61.39,1,Woman,Woman,Woman,3,2,5,Asian,Asian,Asian
base_beautiful_seed119_crop.png,flux_klein,base_beautiful,Woman,Asian,4,Woman,Asian,28,True,5,28.88,3,Woman,Woman,Woman,5,3,5,Asian,Asian,Asian
base_beautiful_seed119_crop.png,flux_klein,base_beautiful,Woman,Asian,4,Woman,Asian,28,True,5,28.88,3,Woman,Woman,Woman,5,3,5,Middle Eastern,White,White
base_beautiful_seed119_crop.png,flux_klein,base_beautiful,Woman,Asian,4,Woman,Asian,28,True,5,28.88,3,Woman,Woman,Woman,5,2,5,Indian,Asian,Asian
base_beautiful_seed119_crop.png,flux_klein,base_beautiful,Woman,Asian,4,Woman,Asian,28,True,5,28.88,3,Woman,Woman,Woman,4,5,6,Black,Black,Black
base_beautiful_seed119_crop.png,flux_klein,base_beautiful,Woman,Asian,4,Woman,Asian,28,True,5,28.88,3,Woman,Woman,Woman,3,2,5,Asian,Asian,Asian
base_beautiful_seed119_crop.png,flux_klein,base_beautiful,Woman,Asian,4,Woman,Asian,28,True,5,17.84,5,Woman,Woman,Woman,5,3,5,Asian,Asian,Asian
base_beautiful_seed119_crop.png,flux_klein,base_beautiful,Woman,Asian,4,Woman,Asian,28,True,5,17.84,5,Woman,Woman,Woman,5,3,5,Middle Eastern,White,White
base_beautiful_seed119_crop.png,flux_klein,base_beautiful,Woman,Asian,4,Woman,Asian,28,True,5,17.84,5,Woman,Woman,Woman,5,2,5,Indian,Asian,Asian
base_beautiful_seed119_crop.png,flux_klein,base_beautiful,Woman,Asian,4,Woman,Asian,28,True,5,17.84,5,Woman,Woman,Woman,4,5,6,Black,Black,Black
base_beautiful_seed119_crop.png,flux_klein,base_beautiful,Woman,Asian,4,Woman,Asian,28,True,5,17.84,5,Woman,Woman,Woman,3,2,5,Asian,Asian,Asian
base_beautiful_seed119_crop.png,flux_klein,base_beautiful,Woman,Asian,4,Woman,Asian,28,True,6,31.19,3,Woman,Woman,Woman,5,3,5,Asian,Asian,Asian
base_beautiful_seed119_crop.png,flux_klein,base_beautiful,Woman,Asian,4,Woman,Asian,28,True,6,31.19,3,Woman,Woman,Woman,5,3,5,Middle Eastern,White,White
base_beautiful_seed119_crop.png,flux_klein,base_beautiful,Woman,Asian,4,Woman,Asian,28,True,6,31.19,3,Woman,Woman,Woman,5,2,5,Indian,Asian,Asian
base_beautiful_seed119_crop.png,flux_klein,base_beautiful,Woman,Asian,4,Woman,Asian,28,True,6,31.19,3,Woman,Woman,Woman,4,5,6,Black,Black,Black
base_beautiful_seed119_crop.png,flux_klein,base_beautiful,Woman,Asian,4,Woman,Asian,28,True,6,31.19,3,Woman,Woman,Woman,3,2,5,Asian,Asian,Asian
base_beautiful_seed119_crop.png,flux_klein,base_beautiful,Woman,Asian,4,Woman,Asian,28,True,5,43.43,2,Woman,Woman,Woman,5,3,5,Asian,Asian,Asian
base_beautiful_seed119_crop.png,flux_klein,base_beautiful,Woman,Asian,4,Woman,Asian,28,True,5,43.43,2,Woman,Woman,Woman,5,3,5,Middle Eastern,White,White
base_beautiful_seed119_crop.png,flux_klein,base_beautiful,Woman,Asian,4,Woman,Asian,28,True,5,43.43,2,Woman,Woman,Woman,5,2,5,Indian,Asian,Asian
base_beautiful_seed119_crop.png,flux_klein,base_beautiful,Woman,Asian,4,Woman,Asian,28,True,5,43.43,2,Woman,Woman,Woman,4,5,6,Black,Black,Black
base_beautiful_seed119_crop.png,flux_klein,base_beautiful,Woman,Asian,4,Woman,Asian,28,True,5,43.43,2,Woman,Woman,Woman,3,2,5,Asian,Asian,Asian
base_beautiful_seed119_crop.png,flux_klein,base_beautiful,Woman,Asian,4,Woman,Asian,28,True,6,61.39,1,Woman,Woman,Woman,5,3,5,Asian,Asian,Asian
base_beautiful_seed119_crop.png,flux_klein,base_beautiful,Woman,Asian,4,Woman,Asian,28,True,6,61.39,1,Woman,Woman,Woman,5,3,5,Middle Eastern,White,White
base_beautiful_seed119_crop.png,flux_klein,base_beautiful,Woman,Asian,4,Woman,Asian,28,True,6,61.39,1,Woman,Woman,Woman,5,2,5,Indian,Asian,Asian
base_beautiful_seed119_crop.png,flux_klein,base_beautiful,Woman,Asian,4,Woman,Asian,28,True,6,61.39,1,Woman,Woman,Woman,4,5,6,Black,Black,Black
base_beautiful_seed119_crop.png,flux_klein,base_beautiful,Woman,Asian,4,Woman,Asian,28,True,6,61.39,1,Woman,Woman,Woman,3,2,5,Asian,Asian,Asian
base_beautiful_seed119_crop.png,flux_klein,base_beautiful,Woman,White,5,Woman,Asian,27,True,5,28.88,3,Woman,Woman,Woman,5,3,5,Asian,Asian,Asian
base_beautiful_seed119_crop.png,flux_klein,base_beautiful,Woman,White,5,Woman,Asian,27,True,5,28.88,3,Woman,Woman,Woman,5,3,5,Middle Eastern,White,White
base_beautiful_seed119_crop.png,flux_klein,base_beautiful,Woman,White,5,Woman,Asian,27,True,5,28.88,3,Woman,Woman,Woman,5,2,5,Indian,Asian,Asian
base_beautiful_seed119_crop.png,flux_klein,base_beautiful,Woman,White,5,Woman,Asian,27,True,5,28.88,3,Woman,Woman,Woman,4,5,6,Black,Black,Black
base_beautiful_seed119_crop.png,flux_klein,base_beautiful,Woman,White,5,Woman,Asian,27,True,5,28.88,3,Woman,Woman,Woman,3,2,5,Asian,Asian,Asian
base_beautiful_seed119_crop.png,flux_klein,base_beautiful,Woman,White,5,Woman,Asian,27,True,5,17.84,5,Woman,Woman,Woman,5,3,5,Asian,Asian,Asian
base_beautiful_seed119_crop.png,flux_klein,base_beautiful,Woman,White,5,Woman,Asian,27,True,5,17.84,5,Woman,Woman,Woman,5,3,5,Middle Eastern,White,White
base_beautiful_seed119_crop.png,flux_klein,base_beautiful,Woman,White,5,Woman,Asian,27,True,5,17.84,5,Woman,Woman,Woman,5,2,5,Indian,Asian,Asian
base_beautiful_seed119_crop.png,flux_klein,base_beautiful,Woman,White,5,Woman,Asian,27,True,5,17.84,5,Woman,Woman,Woman,4,5,6,Black,Black,Black
base_beautiful_seed119_crop.png,flux_klein,base_beautiful,Woman,White,5,Woman,Asian,27,True,5,17.84,5,Woman,Woman,Woman,3,2,5,Asian,Asian,Asian
base_beautiful_seed119_crop.png,flux_klein,base_beautiful,Woman,White,5,Woman,Asian,27,True,6,31.19,3,Woman,Woman,Woman,5,3,5,Asian,Asian,Asian
base_beautiful_seed119_crop.png,flux_klein,base_beautiful,Woman,White,5,Woman,Asian,27,True,6,31.19,3,Woman,Woman,Woman,5,3,5,Middle Eastern,White,White
base_beautiful_seed119_crop.png,flux_klein,base_beautiful,Woman,White,5,Woman,Asian,27,True,6,31.19,3,Woman,Woman,Woman,5,2,5,Indian,Asian,Asian
base_beautiful_seed119_crop.png,flux_klein,base_beautiful,Woman,White,5,Woman,Asian,27,True,6,31.19,3,Woman,Woman,Woman,4,5,6,Black,Black,Black
base_beautiful_seed119_crop.png,flux_klein,base_beautiful,Woman,White,5,Woman,Asian,27,True,6,31.19,3,Woman,Woman,Woman,3,2,5,Asian,Asian,Asian
base_beautiful_seed119_crop.png,flux_klein,base_beautiful,Woman,White,5,Woman,Asian,27,True,5,43.43,2,Woman,Woman,Woman,5,3,5,Asian,Asian,Asian
base_beautiful_seed119_crop.png,flux_klein,base_beautiful,Woman,White,5,Woman,Asian,27,True,5,43.43,2,Woman,Woman,Woman,5,3,5,Middle Eastern,White,White
base_beautiful_seed119_crop.png,flux_klein,base_beautiful,Woman,White,5,Woman,Asian,27,True,5,43.43,2,Woman,Woman,Woman,5,2,5,Indian,Asian,Asian
base_beautiful_seed119_crop.png,flux_klein,base_beautiful,Woman,White,5,Woman,Asian,27,True,5,43.43,2,Woman,Woman,Woman,4,5,6,Black,Black,Black
base_beautiful_seed119_crop.png,flux_klein,base_beautiful,Woman,White,5,Woman,Asian,27,True,5,43.43,2,Woman,Woman,Woman,3,2,5,Asian,Asian,Asian
base_beautiful_seed119_crop.png,flux_klein,base_beautiful,Woman,White,5,Woman,Asian,27,True,6,61.39,1,Woman,Woman,Woman,5,3,5,Asian,Asian,Asian
base_beautiful_seed119_crop.png,flux_klein,base_beautiful,Woman,White,5,Woman,Asian,27,True,6,61.39,1,Woman,Woman,Woman,5,3,5,Middle Eastern,White,White
base_beautiful_seed119_crop.png,flux_klein,base_beautiful,Woman,White,5,Woman,Asian,27,True,6,61.39,1,Woman,Woman,Woman,5,2,5,Indian,Asian,Asian
base_beautiful_seed119_crop.png,flux_klein,base_beautiful,Woman,White,5,Woman,Asian,27,True,6,61.39,1,Woman,Woman,Woman,4,5,6,Black,Black,Black
base_beautiful_seed119_crop.png,flux_klein,base_beautiful,Woman,White,5,Woman,Asian,27,True,6,61.39,1,Woman,Woman,Woman,3,2,5,Asian,Asian,Asian
base_beautiful_seed119_crop.png,flux_klein,base_beautiful,Woman,White,5,Woman,Asian,30,False,5,28.88,3,Woman,Woman,Woman,5,3,5,Asian,Asian,Asian
base_beautiful_seed119_crop.png,flux_klein,base_beautiful,Woman,White,5,Woman,Asian,30,False,5,28.88,3,Woman,Woman,Woman,5,3,5,Middle Eastern,White,White
base_beautiful_seed119_crop.png,flux_klein,base_beautiful,Woman,White,5,Woman,Asian,30,False,5,28.88,3,Woman,Woman,Woman,5,2,5,Indian,Asian,Asian
base_beautiful_seed119_crop.png,flux_klein,base_beautiful,Woman,White,5,Woman,Asian,30,False,5,28.88,3,Woman,Woman,Woman,4,5,6,Black,Black,Black
base_beautiful_seed119_crop.png,flux_klein,base_beautiful,Woman,White,5,Woman,Asian,30,False,5,28.88,3,Woman,Woman,Woman,3,2,5,Asian,Asian,Asian
base_beautiful_seed119_crop.png,flux_klein,base_beautiful,Woman,White,5,Woman,Asian,30,False,5,17.84,5,Woman,Woman,Woman,5,3,5,Asian,Asian,Asian
base_beautiful_seed119_crop.png,flux_klein,base_beautiful,Woman,White,5,Woman,Asian,30,False,5,17.84,5,Woman,Woman,Woman,5,3,5,Middle Eastern,White,White
base_beautiful_seed119_crop.png,flux_klein,base_beautiful,Woman,White,5,Woman,Asian,30,False,5,17.84,5,Woman,Woman,Woman,5,2,5,Indian,Asian,Asian
base_beautiful_seed119_crop.png,flux_klein,base_beautiful,Woman,White,5,Woman,Asian,30,False,5,17.84,5,Woman,Woman,Woman,4,5,6,Black,Black,Black
base_beautiful_seed119_crop.png,flux_klein,base_beautiful,Woman,White,5,Woman,Asian,30,False,5,17.84,5,Woman,Woman,Woman,3,2,5,Asian,Asian,Asian
base_beautiful_seed119_crop.png,flux_klein,base_beautiful,Woman,White,5,Woman,Asian,30,False,6,31.19,3,Woman,Woman,Woman,5,3,5,Asian,Asian,Asian
base_beautiful_seed119_crop.png,flux_klein,base_beautiful,Woman,White,5,Woman,Asian,30,False,6,31.19,3,Woman,Woman,Woman,5,3,5,Middle Eastern,White,White
base_beautiful_seed119_crop.png,flux_klein,base_beautiful,Woman,White,5,Woman,Asian,30,False,6,31.19,3,Woman,Woman,Woman,5,2,5,Indian,Asian,Asian
base_beautiful_seed119_crop.png,flux_klein,base_beautiful,Woman,White,5,Woman,Asian,30,False,6,31.19,3,Woman,Woman,Woman,4,5,6,Black,Black,Black
base_beautiful_seed119_crop.png,flux_klein,base_beautiful,Woman,White,5,Woman,Asian,30,False,6,31.19,3,Woman,Woman,Woman,3,2,5,Asian,Asian,Asian
base_beautiful_seed119_crop.png,flux_klein,base_beautiful,Woman,White,5,Woman,Asian,30,False,5,43.43,2,Woman,Woman,Woman,5,3,5,Asian,Asian,Asian
base_beautiful_seed119_crop.png,flux_klein,base_beautiful,Woman,White,5,Woman,Asian,30,False,5,43.43,2,Woman,Woman,Woman,5,3,5,Middle Eastern,White,White
base_beautiful_seed119_crop.png,flux_klein,base_beautiful,Woman,White,5,Woman,Asian,30,False,5,43.43,2,Woman,Woman,Woman,5,2,5,Indian,Asian,Asian
base_beautiful_seed119_crop.png,flux_klein,base_beautiful,Woman,White,5,Woman,Asian,30,False,5,43.43,2,Woman,Woman,Woman,4,5,6,Black,Black,Black
base_beautiful_seed119_crop.png,flux_klein,base_beautiful,Woman,White,5,Woman,Asian,30,False,5,43.43,2,Woman,Woman,Woman,3,2,5,Asian,Asian,Asian
base_beautiful_seed119_crop.png,flux_klein,base_beautiful,Woman,White,5,Woman,Asian,30,False,6,61.39,1,Woman,Woman,Woman,5,3,5,Asian,Asian,Asian
base_beautiful_seed119_crop.png,flux_klein,base_beautiful,Woman,White,5,Woman,Asian,30,False,6,61.39,1,Woman,Woman,Woman,5,3,5,Middle Eastern,White,White
base_beautiful_seed119_crop.png,flux_klein,base_beautiful,Woman,White,5,Woman,Asian,30,False,6,61.39,1,Woman,Woman,Woman,5,2,5,Indian,Asian,Asian
base_beautiful_seed119_crop.png,flux_klein,base_beautiful,Woman,White,5,Woman,Asian,30,False,6,61.39,1,Woman,Woman,Woman,4,5,6,Black,Black,Black
base_beautiful_seed119_crop.png,flux_klein,base_beautiful,Woman,White,5,Woman,Asian,30,False,6,61.39,1,Woman,Woman,Woman,3,2,5,Asian,Asian,Asian
base_beautiful_seed119_crop.png,flux_klein,base_beautiful,Woman,White,5,Woman,White,28,True,5,28.88,3,Woman,Woman,Woman,5,3,5,Asian,Asian,Asian
base_beautiful_seed119_crop.png,flux_klein,base_beautiful,Woman,White,5,Woman,White,28,True,5,28.88,3,Woman,Woman,Woman,5,3,5,Middle Eastern,White,White
base_beautiful_seed119_crop.png,flux_klein,base_beautiful,Woman,White,5,Woman,White,28,True,5,28.88,3,Woman,Woman,Woman,5,2,5,Indian,Asian,Asian
base_beautiful_seed119_crop.png,flux_klein,base_beautiful,Woman,White,5,Woman,White,28,True,5,28.88,3,Woman,Woman,Woman,4,5,6,Black,Black,Black
base_beautiful_seed119_crop.png,flux_klein,base_beautiful,Woman,White,5,Woman,White,28,True,5,28.88,3,Woman,Woman,Woman,3,2,5,Asian,Asian,Asian
base_beautiful_seed119_crop.png,flux_klein,base_beautiful,Woman,White,5,Woman,White,28,True,5,17.84,5,Woman,Woman,Woman,5,3,5,Asian,Asian,Asian
base_beautiful_seed119_crop.png,flux_klein,base_beautiful,Woman,White,5,Woman,White,28,True,5,17.84,5,Woman,Woman,Woman,5,3,5,Middle Eastern,White,White
base_beautiful_seed119_crop.png,flux_klein,base_beautiful,Woman,White,5,Woman,White,28,True,5,17.84,5,Woman,Woman,Woman,5,2,5,Indian,Asian,Asian
base_beautiful_seed119_crop.png,flux_klein,base_beautiful,Woman,White,5,Woman,White,28,True,5,17.84,5,Woman,Woman,Woman,4,5,6,Black,Black,Black
base_beautiful_seed119_crop.png,flux_klein,base_beautiful,Woman,White,5,Woman,White,28,True,5,17.84,5,Woman,Woman,Woman,3,2,5,Asian,Asian,Asian
base_beautiful_seed119_crop.png,flux_klein,base_beautiful,Woman,White,5,Woman,White,28,True,6,31.19,3,Woman,Woman,Woman,5,3,5,Asian,Asian,Asian
base_beautiful_seed119_crop.png,flux_klein,base_beautiful,Woman,White,5,Woman,White,28,True,6,31.19,3,Woman,Woman,Woman,5,3,5,Middle Eastern,White,White
base_beautiful_seed119_crop.png,flux_klein,base_beautiful,Woman,White,5,Woman,White,28,True,6,31.19,3,Woman,Woman,Woman,5,2,5,Indian,Asian,Asian
base_beautiful_seed119_crop.png,flux_klein,base_beautiful,Woman,White,5,Woman,White,28,True,6,31.19,3,Woman,Woman,Woman,4,5,6,Black,Black,Black
base_beautiful_seed119_crop.png,flux_klein,base_beautiful,Woman,White,5,Woman,White,28,True,6,31.19,3,Woman,Woman,Woman,3,2,5,Asian,Asian,Asian
base_beautiful_seed119_crop.png,flux_klein,base_beautiful,Woman,White,5,Woman,White,28,True,5,43.43,2,Woman,Woman,Woman,5,3,5,Asian,Asian,Asian
base_beautiful_seed119_crop.png,flux_klein,base_beautiful,Woman,White,5,Woman,White,28,True,5,43.43,2,Woman,Woman,Woman,5,3,5,Middle Eastern,White,White
base_beautiful_seed119_crop.png,flux_klein,base_beautiful,Woman,White,5,Woman,White,28,True,5,43.43,2,Woman,Woman,Woman,5,2,5,Indian,Asian,Asian
base_beautiful_seed119_crop.png,flux_klein,base_beautiful,Woman,White,5,Woman,White,28,True,5,43.43,2,Woman,Woman,Woman,4,5,6,Black,Black,Black
base_beautiful_seed119_crop.png,flux_klein,base_beautiful,Woman,White,5,Woman,White,28,True,5,43.43,2,Woman,Woman,Woman,3,2,5,Asian,Asian,Asian
base_beautiful_seed119_crop.png,flux_klein,base_beautiful,Woman,White,5,Woman,White,28,True,6,61.39,1,Woman,Woman,Woman,5,3,5,Asian,Asian,Asian
base_beautiful_seed119_crop.png,flux_klein,base_beautiful,Woman,White,5,Woman,White,28,True,6,61.39,1,Woman,Woman,Woman,5,3,5,Middle Eastern,White,White
base_beautiful_seed119_crop.png,flux_klein,base_beautiful,Woman,White,5,Woman,White,28,True,6,61.39,1,Woman,Woman,Woman,5,2,5,Indian,Asian,Asian
base_beautiful_seed119_crop.png,flux_klein,base_beautiful,Woman,White,5,Woman,White,28,True,6,61.39,1,Woman,Woman,Woman,4,5,6,Black,Black,Black
base_beautiful_seed119_crop.png,flux_klein,base_beautiful,Woman,White,5,Woman,White,28,True,6,61.39,1,Woman,Woman,Woman,3,2,5,Asian,Asian,Asian
base_beautiful_seed119_crop.png,flux_klein,base_beautiful,Woman,White,5,Woman,Middle Eastern,39,True,5,28.88,3,Woman,Woman,Woman,5,3,5,Asian,Asian,Asian
base_beautiful_seed119_crop.png,flux_klein,base_beautiful,Woman,White,5,Woman,Middle Eastern,39,True,5,28.88,3,Woman,Woman,Woman,5,3,5,Middle Eastern,White,White
base_beautiful_seed119_crop.png,flux_klein,base_beautiful,Woman,White,5,Woman,Middle Eastern,39,True,5,28.88,3,Woman,Woman,Woman,5,2,5,Indian,Asian,Asian
base_beautiful_seed119_crop.png,flux_klein,base_beautiful,Woman,White,5,Woman,Middle Eastern,39,True,5,28.88,3,Woman,Woman,Woman,4,5,6,Black,Black,Black
base_beautiful_seed119_crop.png,flux_klein,base_beautiful,Woman,White,5,Woman,Middle Eastern,39,True,5,28.88,3,Woman,Woman,Woman,3,2,5,Asian,Asian,Asian
base_beautiful_seed119_crop.png,flux_klein,base_beautiful,Woman,White,5,Woman,Middle Eastern,39,True,5,17.84,5,Woman,Woman,Woman,5,3,5,Asian,Asian,Asian
base_beautiful_seed119_crop.png,flux_klein,base_beautiful,Woman,White,5,Woman,Middle Eastern,39,True,5,17.84,5,Woman,Woman,Woman,5,3,5,Middle Eastern,White,White
base_beautiful_seed119_crop.png,flux_klein,base_beautiful,Woman,White,5,Woman,Middle Eastern,39,True,5,17.84,5,Woman,Woman,Woman,5,2,5,Indian,Asian,Asian
base_beautiful_seed119_crop.png,flux_klein,base_beautiful,Woman,White,5,Woman,Middle Eastern,39,True,5,17.84,5,Woman,Woman,Woman,4,5,6,Black,Black,Black
base_beautiful_seed119_crop.png,flux_klein,base_beautiful,Woman,White,5,Woman,Middle Eastern,39,True,5,17.84,5,Woman,Woman,Woman,3,2,5,Asian,Asian,Asian
base_beautiful_seed119_crop.png,flux_klein,base_beautiful,Woman,White,5,Woman,Middle Eastern,39,True,6,31.19,3,Woman,Woman,Woman,5,3,5,Asian,Asian,Asian
base_beautiful_seed119_crop.png,flux_klein,base_beautiful,Woman,White,5,Woman,Middle Eastern,39,True,6,31.19,3,Woman,Woman,Woman,5,3,5,Middle Eastern,White,White
base_beautiful_seed119_crop.png,flux_klein,base_beautiful,Woman,White,5,Woman,Middle Eastern,39,True,6,31.19,3,Woman,Woman,Woman,5,2,5,Indian,Asian,Asian
base_beautiful_seed119_crop.png,flux_klein,base_beautiful,Woman,White,5,Woman,Middle Eastern,39,True,6,31.19,3,Woman,Woman,Woman,4,5,6,Black,Black,Black
base_beautiful_seed119_crop.png,flux_klein,base_beautiful,Woman,White,5,Woman,Middle Eastern,39,True,6,31.19,3,Woman,Woman,Woman,3,2,5,Asian,Asian,Asian
base_beautiful_seed119_crop.png,flux_klein,base_beautiful,Woman,White,5,Woman,Middle Eastern,39,True,5,43.43,2,Woman,Woman,Woman,5,3,5,Asian,Asian,Asian
base_beautiful_seed119_crop.png,flux_klein,base_beautiful,Woman,White,5,Woman,Middle Eastern,39,True,5,43.43,2,Woman,Woman,Woman,5,3,5,Middle Eastern,White,White
base_beautiful_seed119_crop.png,flux_klein,base_beautiful,Woman,White,5,Woman,Middle Eastern,39,True,5,43.43,2,Woman,Woman,Woman,5,2,5,Indian,Asian,Asian
base_beautiful_seed119_crop.png,flux_klein,base_beautiful,Woman,White,5,Woman,Middle Eastern,39,True,5,43.43,2,Woman,Woman,Woman,4,5,6,Black,Black,Black
base_beautiful_seed119_crop.png,flux_klein,base_beautiful,Woman,White,5,Woman,Middle Eastern,39,True,5,43.43,2,Woman,Woman,Woman,3,2,5,Asian,Asian,Asian
base_beautiful_seed119_crop.png,flux_klein,base_beautiful,Woman,White,5,Woman,Middle Eastern,39,True,6,61.39,1,Woman,Woman,Woman,5,3,5,Asian,Asian,Asian
base_beautiful_seed119_crop.png,flux_klein,base_beautiful,Woman,White,5,Woman,Middle Eastern,39,True,6,61.39,1,Woman,Woman,Woman,5,3,5,Middle Eastern,White,White
base_beautiful_seed119_crop.png,flux_klein,base_beautiful,Woman,White,5,Woman,Middle Eastern,39,True,6,61.39,1,Woman,Woman,Woman,5,2,5,Indian,Asian,Asian
base_beautiful_seed119_crop.png,flux_klein,base_beautiful,Woman,White,5,Woman,Middle Eastern,39,True,6,61.39,1,Woman,Woman,Woman,4,5,6,Black,Black,Black
base_beautiful_seed119_crop.png,flux_klein,base_beautiful,Woman,White,5,Woman,Middle Eastern,39,True,6,61.39,1,Woman,Woman,Woman,3,2,5,Asian,Asian,Asian
base_beautiful_seed119_crop.png,flux_klein,base_beautiful,Woman,White,5,Woman,Asian,28,True,5,28.88,3,Woman,Woman,Woman,5,3,5,Asian,Asian,Asian
base_beautiful_seed119_crop.png,flux_klein,base_beautiful,Woman,White,5,Woman,Asian,28,True,5,28.88,3,Woman,Woman,Woman,5,3,5,Middle Eastern,White,White
base_beautiful_seed119_crop.png,flux_klein,base_beautiful,Woman,White,5,Woman,Asian,28,True,5,28.88,3,Woman,Woman,Woman,5,2,5,Indian,Asian,Asian
base_beautiful_seed119_crop.png,flux_klein,base_beautiful,Woman,White,5,Woman,Asian,28,True,5,28.88,3,Woman,Woman,Woman,4,5,6,Black,Black,Black
base_beautiful_seed119_crop.png,flux_klein,base_beautiful,Woman,White,5,Woman,Asian,28,True,5,28.88,3,Woman,Woman,Woman,3,2,5,Asian,Asian,Asian
base_beautiful_seed119_crop.png,flux_klein,base_beautiful,Woman,White,5,Woman,Asian,28,True,5,17.84,5,Woman,Woman,Woman,5,3,5,Asian,Asian,Asian
base_beautiful_seed119_crop.png,flux_klein,base_beautiful,Woman,White,5,Woman,Asian,28,True,5,17.84,5,Woman,Woman,Woman,5,3,5,Middle Eastern,White,White
base_beautiful_seed119_crop.png,flux_klein,base_beautiful,Woman,White,5,Woman,Asian,28,True,5,17.84,5,Woman,Woman,Woman,5,2,5,Indian,Asian,Asian
base_beautiful_seed119_crop.png,flux_klein,base_beautiful,Woman,White,5,Woman,Asian,28,True,5,17.84,5,Woman,Woman,Woman,4,5,6,Black,Black,Black
base_beautiful_seed119_crop.png,flux_klein,base_beautiful,Woman,White,5,Woman,Asian,28,True,5,17.84,5,Woman,Woman,Woman,3,2,5,Asian,Asian,Asian
base_beautiful_seed119_crop.png,flux_klein,base_beautiful,Woman,White,5,Woman,Asian,28,True,6,31.19,3,Woman,Woman,Woman,5,3,5,Asian,Asian,Asian
base_beautiful_seed119_crop.png,flux_klein,base_beautiful,Woman,White,5,Woman,Asian,28,True,6,31.19,3,Woman,Woman,Woman,5,3,5,Middle Eastern,White,White
base_beautiful_seed119_crop.png,flux_klein,base_beautiful,Woman,White,5,Woman,Asian,28,True,6,31.19,3,Woman,Woman,Woman,5,2,5,Indian,Asian,Asian
base_beautiful_seed119_crop.png,flux_klein,base_beautiful,Woman,White,5,Woman,Asian,28,True,6,31.19,3,Woman,Woman,Woman,4,5,6,Black,Black,Black
base_beautiful_seed119_crop.png,flux_klein,base_beautiful,Woman,White,5,Woman,Asian,28,True,6,31.19,3,Woman,Woman,Woman,3,2,5,Asian,Asian,Asian
base_beautiful_seed119_crop.png,flux_klein,base_beautiful,Woman,White,5,Woman,Asian,28,True,5,43.43,2,Woman,Woman,Woman,5,3,5,Asian,Asian,Asian
base_beautiful_seed119_crop.png,flux_klein,base_beautiful,Woman,White,5,Woman,Asian,28,True,5,43.43,2,Woman,Woman,Woman,5,3,5,Middle Eastern,White,White
base_beautiful_seed119_crop.png,flux_klein,base_beautiful,Woman,White,5,Woman,Asian,28,True,5,43.43,2,Woman,Woman,Woman,5,2,5,Indian,Asian,Asian
base_beautiful_seed119_crop.png,flux_klein,base_beautiful,Woman,White,5,Woman,Asian,28,True,5,43.43,2,Woman,Woman,Woman,4,5,6,Black,Black,Black
base_beautiful_seed119_crop.png,flux_klein,base_beautiful,Woman,White,5,Woman,Asian,28,True,5,43.43,2,Woman,Woman,Woman,3,2,5,Asian,Asian,Asian
base_beautiful_seed119_crop.png,flux_klein,base_beautiful,Woman,White,5,Woman,Asian,28,True,6,61.39,1,Woman,Woman,Woman,5,3,5,Asian,Asian,Asian
base_beautiful_seed119_crop.png,flux_klein,base_beautiful,Woman,White,5,Woman,Asian,28,True,6,61.39,1,Woman,Woman,Woman,5,3,5,Middle Eastern,White,White
base_beautiful_seed119_crop.png,flux_klein,base_beautiful,Woman,White,5,Woman,Asian,28,True,6,61.39,1,Woman,Woman,Woman,5,2,5,Indian,Asian,Asian
base_beautiful_seed119_crop.png,flux_klein,base_beautiful,Woman,White,5,Woman,Asian,28,True,6,61.39,1,Woman,Woman,Woman,4,5,6,Black,Black,Black
base_beautiful_seed119_crop.png,flux_klein,base_beautiful,Woman,White,5,Woman,Asian,28,True,6,61.39,1,Woman,Woman,Woman,3,2,5,Asian,Asian,Asian
soc_poor_seed105_crop.png,flux,soc_poor,Man,Asian,7,Man,Indian,41,True,10,-56.49,9,Man,Man,Man,7,6,7,Asian,Asian,Asian
soc_poor_seed105_crop.png,flux,soc_poor,Man,Asian,7,Man,Indian,41,True,10,-56.49,9,Man,Woman,Woman,5,5,7,Indian,Latino Hispanic,Indian
soc_poor_seed105_crop.png,flux,soc_poor,Man,Asian,7,Man,Indian,41,True,10,-56.49,9,Man,Man,Man,7,5,7,White,Unclear,White
soc_poor_seed105_crop.png,flux,soc_poor,Man,Asian,7,Man,Indian,41,True,10,-56.49,9,Man,Unclear,Man,6,6,8,Indian,Asian,Asian
soc_poor_seed105_crop.png,flux,soc_poor,Man,Asian,7,Man,Indian,41,True,10,-56.49,9,Woman,Woman,Woman,7,5,7,Indian,Latino Hispanic,Asian
soc_poor_seed105_crop.png,flux,soc_poor,Man,Asian,7,Man,Indian,41,True,10,-61.8,9,Man,Man,Man,7,6,7,Asian,Asian,Asian
soc_poor_seed105_crop.png,flux,soc_poor,Man,Asian,7,Man,Indian,41,True,10,-61.8,9,Man,Woman,Woman,5,5,7,Indian,Latino Hispanic,Indian
soc_poor_seed105_crop.png,flux,soc_poor,Man,Asian,7,Man,Indian,41,True,10,-61.8,9,Man,Man,Man,7,5,7,White,Unclear,White
soc_poor_seed105_crop.png,flux,soc_poor,Man,Asian,7,Man,Indian,41,True,10,-61.8,9,Man,Unclear,Man,6,6,8,Indian,Asian,Asian
soc_poor_seed105_crop.png,flux,soc_poor,Man,Asian,7,Man,Indian,41,True,10,-61.8,9,Woman,Woman,Woman,7,5,7,Indian,Latino Hispanic,Asian
soc_poor_seed105_crop.png,flux,soc_poor,Man,Asian,7,Man,Indian,41,True,7,-29.24,8,Man,Man,Man,7,6,7,Asian,Asian,Asian
soc_poor_seed105_crop.png,flux,soc_poor,Man,Asian,7,Man,Indian,41,True,7,-29.24,8,Man,Woman,Woman,5,5,7,Indian,Latino Hispanic,Indian
soc_poor_seed105_crop.png,flux,soc_poor,Man,Asian,7,Man,Indian,41,True,7,-29.24,8,Man,Man,Man,7,5,7,White,Unclear,White
soc_poor_seed105_crop.png,flux,soc_poor,Man,Asian,7,Man,Indian,41,True,7,-29.24,8,Man,Unclear,Man,6,6,8,Indian,Asian,Asian
soc_poor_seed105_crop.png,flux,soc_poor,Man,Asian,7,Man,Indian,41,True,7,-29.24,8,Woman,Woman,Woman,7,5,7,Indian,Latino Hispanic,Asian
soc_poor_seed105_crop.png,flux,soc_poor,Man,Asian,7,Man,Indian,41,True,10,12.26,5,Man,Man,Man,7,6,7,Asian,Asian,Asian
soc_poor_seed105_crop.png,flux,soc_poor,Man,Asian,7,Man,Indian,41,True,10,12.26,5,Man,Woman,Woman,5,5,7,Indian,Latino Hispanic,Indian
soc_poor_seed105_crop.png,flux,soc_poor,Man,Asian,7,Man,Indian,41,True,10,12.26,5,Man,Man,Man,7,5,7,White,Unclear,White
soc_poor_seed105_crop.png,flux,soc_poor,Man,Asian,7,Man,Indian,41,True,10,12.26,5,Man,Unclear,Man,6,6,8,Indian,Asian,Asian
soc_poor_seed105_crop.png,flux,soc_poor,Man,Asian,7,Man,Indian,41,True,10,12.26,5,Woman,Woman,Woman,7,5,7,Indian,Latino Hispanic,Asian
soc_poor_seed105_crop.png,flux,soc_poor,Man,Asian,7,Man,Indian,41,True,10,-13.86,7,Man,Man,Man,7,6,7,Asian,Asian,Asian
soc_poor_seed105_crop.png,flux,soc_poor,Man,Asian,7,Man,Indian,41,True,10,-13.86,7,Man,Woman,Woman,5,5,7,Indian,Latino Hispanic,Indian
soc_poor_seed105_crop.png,flux,soc_poor,Man,Asian,7,Man,Indian,41,True,10,-13.86,7,Man,Man,Man,7,5,7,White,Unclear,White
soc_poor_seed105_crop.png,flux,soc_poor,Man,Asian,7,Man,Indian,41,True,10,-13.86,7,Man,Unclear,Man,6,6,8,Indian,Asian,Asian
soc_poor_seed105_crop.png,flux,soc_poor,Man,Asian,7,Man,Indian,41,True,10,-13.86,7,Woman,Woman,Woman,7,5,7,Indian,Latino Hispanic,Asian
soc_poor_seed105_crop.png,flux,soc_poor,Man,Asian,7,Man,White,44,True,10,-56.49,9,Man,Man,Man,7,6,7,Asian,Asian,Asian
soc_poor_seed105_crop.png,flux,soc_poor,Man,Asian,7,Man,White,44,True,10,-56.49,9,Man,Woman,Woman,5,5,7,Indian,Latino Hispanic,Indian
soc_poor_seed105_crop.png,flux,soc_poor,Man,Asian,7,Man,White,44,True,10,-56.49,9,Man,Man,Man,7,5,7,White,Unclear,White
soc_poor_seed105_crop.png,flux,soc_poor,Man,Asian,7,Man,White,44,True,10,-56.49,9,Man,Unclear,Man,6,6,8,Indian,Asian,Asian
soc_poor_seed105_crop.png,flux,soc_poor,Man,Asian,7,Man,White,44,True,10,-56.49,9,Woman,Woman,Woman,7,5,7,Indian,Latino Hispanic,Asian
soc_poor_seed105_crop.png,flux,soc_poor,Man,Asian,7,Man,White,44,True,10,-61.8,9,Man,Man,Man,7,6,7,Asian,Asian,Asian
soc_poor_seed105_crop.png,flux,soc_poor,Man,Asian,7,Man,White,44,True,10,-61.8,9,Man,Woman,Woman,5,5,7,Indian,Latino Hispanic,Indian
soc_poor_seed105_crop.png,flux,soc_poor,Man,Asian,7,Man,White,44,True,10,-61.8,9,Man,Man,Man,7,5,7,White,Unclear,White
soc_poor_seed105_crop.png,flux,soc_poor,Man,Asian,7,Man,White,44,True,10,-61.8,9,Man,Unclear,Man,6,6,8,Indian,Asian,Asian
soc_poor_seed105_crop.png,flux,soc_poor,Man,Asian,7,Man,White,44,True,10,-61.8,9,Woman,Woman,Woman,7,5,7,Indian,Latino Hispanic,Asian
soc_poor_seed105_crop.png,flux,soc_poor,Man,Asian,7,Man,White,44,True,7,-29.24,8,Man,Man,Man,7,6,7,Asian,Asian,Asian
soc_poor_seed105_crop.png,flux,soc_poor,Man,Asian,7,Man,White,44,True,7,-29.24,8,Man,Woman,Woman,5,5,7,Indian,Latino Hispanic,Indian
soc_poor_seed105_crop.png,flux,soc_poor,Man,Asian,7,Man,White,44,True,7,-29.24,8,Man,Man,Man,7,5,7,White,Unclear,White
soc_poor_seed105_crop.png,flux,soc_poor,Man,Asian,7,Man,White,44,True,7,-29.24,8,Man,Unclear,Man,6,6,8,Indian,Asian,Asian
soc_poor_seed105_crop.png,flux,soc_poor,Man,Asian,7,Man,White,44,True,7,-29.24,8,Woman,Woman,Woman,7,5,7,Indian,Latino Hispanic,Asian
soc_poor_seed105_crop.png,flux,soc_poor,Man,Asian,7,Man,White,44,True,10,12.26,5,Man,Man,Man,7,6,7,Asian,Asian,Asian
soc_poor_seed105_crop.png,flux,soc_poor,Man,Asian,7,Man,White,44,True,10,12.26,5,Man,Woman,Woman,5,5,7,Indian,Latino Hispanic,Indian
soc_poor_seed105_crop.png,flux,soc_poor,Man,Asian,7,Man,White,44,True,10,12.26,5,Man,Man,Man,7,5,7,White,Unclear,White
soc_poor_seed105_crop.png,flux,soc_poor,Man,Asian,7,Man,White,44,True,10,12.26,5,Man,Unclear,Man,6,6,8,Indian,Asian,Asian
soc_poor_seed105_crop.png,flux,soc_poor,Man,Asian,7,Man,White,44,True,10,12.26,5,Woman,Woman,Woman,7,5,7,Indian,Latino Hispanic,Asian
soc_poor_seed105_crop.png,flux,soc_poor,Man,Asian,7,Man,White,44,True,10,-13.86,7,Man,Man,Man,7,6,7,Asian,Asian,Asian
soc_poor_seed105_crop.png,flux,soc_poor,Man,Asian,7,Man,White,44,True,10,-13.86,7,Man,Woman,Woman,5,5,7,Indian,Latino Hispanic,Indian
soc_poor_seed105_crop.png,flux,soc_poor,Man,Asian,7,Man,White,44,True,10,-13.86,7,Man,Man,Man,7,5,7,White,Unclear,White
soc_poor_seed105_crop.png,flux,soc_poor,Man,Asian,7,Man,White,44,True,10,-13.86,7,Man,Unclear,Man,6,6,8,Indian,Asian,Asian
soc_poor_seed105_crop.png,flux,soc_poor,Man,Asian,7,Man,White,44,True,10,-13.86,7,Woman,Woman,Woman,7,5,7,Indian,Latino Hispanic,Asian
soc_poor_seed105_crop.png,flux,soc_poor,Man,Asian,7,Man,Indian,40,True,10,-56.49,9,Man,Man,Man,7,6,7,Asian,Asian,Asian
soc_poor_seed105_crop.png,flux,soc_poor,Man,Asian,7,Man,Indian,40,True,10,-56.49,9,Man,Woman,Woman,5,5,7,Indian,Latino Hispanic,Indian
soc_poor_seed105_crop.png,flux,soc_poor,Man,Asian,7,Man,Indian,40,True,10,-56.49,9,Man,Man,Man,7,5,7,White,Unclear,White
soc_poor_seed105_crop.png,flux,soc_poor,Man,Asian,7,Man,Indian,40,True,10,-56.49,9,Man,Unclear,Man,6,6,8,Indian,Asian,Asian
soc_poor_seed105_crop.png,flux,soc_poor,Man,Asian,7,Man,Indian,40,True,10,-56.49,9,Woman,Woman,Woman,7,5,7,Indian,Latino Hispanic,Asian
soc_poor_seed105_crop.png,flux,soc_poor,Man,Asian,7,Man,Indian,40,True,10,-61.8,9,Man,Man,Man,7,6,7,Asian,Asian,Asian
soc_poor_seed105_crop.png,flux,soc_poor,Man,Asian,7,Man,Indian,40,True,10,-61.8,9,Man,Woman,Woman,5,5,7,Indian,Latino Hispanic,Indian
soc_poor_seed105_crop.png,flux,soc_poor,Man,Asian,7,Man,Indian,40,True,10,-61.8,9,Man,Man,Man,7,5,7,White,Unclear,White
soc_poor_seed105_crop.png,flux,soc_poor,Man,Asian,7,Man,Indian,40,True,10,-61.8,9,Man,Unclear,Man,6,6,8,Indian,Asian,Asian
soc_poor_seed105_crop.png,flux,soc_poor,Man,Asian,7,Man,Indian,40,True,10,-61.8,9,Woman,Woman,Woman,7,5,7,Indian,Latino Hispanic,Asian
soc_poor_seed105_crop.png,flux,soc_poor,Man,Asian,7,Man,Indian,40,True,7,-29.24,8,Man,Man,Man,7,6,7,Asian,Asian,Asian
soc_poor_seed105_crop.png,flux,soc_poor,Man,Asian,7,Man,Indian,40,True,7,-29.24,8,Man,Woman,Woman,5,5,7,Indian,Latino Hispanic,Indian
soc_poor_seed105_crop.png,flux,soc_poor,Man,Asian,7,Man,Indian,40,True,7,-29.24,8,Man,Man,Man,7,5,7,White,Unclear,White
soc_poor_seed105_crop.png,flux,soc_poor,Man,Asian,7,Man,Indian,40,True,7,-29.24,8,Man,Unclear,Man,6,6,8,Indian,Asian,Asian
soc_poor_seed105_crop.png,flux,soc_poor,Man,Asian,7,Man,Indian,40,True,7,-29.24,8,Woman,Woman,Woman,7,5,7,Indian,Latino Hispanic,Asian
soc_poor_seed105_crop.png,flux,soc_poor,Man,Asian,7,Man,Indian,40,True,10,12.26,5,Man,Man,Man,7,6,7,Asian,Asian,Asian
soc_poor_seed105_crop.png,flux,soc_poor,Man,Asian,7,Man,Indian,40,True,10,12.26,5,Man,Woman,Woman,5,5,7,Indian,Latino Hispanic,Indian
soc_poor_seed105_crop.png,flux,soc_poor,Man,Asian,7,Man,Indian,40,True,10,12.26,5,Man,Man,Man,7,5,7,White,Unclear,White
soc_poor_seed105_crop.png,flux,soc_poor,Man,Asian,7,Man,Indian,40,True,10,12.26,5,Man,Unclear,Man,6,6,8,Indian,Asian,Asian
soc_poor_seed105_crop.png,flux,soc_poor,Man,Asian,7,Man,Indian,40,True,10,12.26,5,Woman,Woman,Woman,7,5,7,Indian,Latino Hispanic,Asian
soc_poor_seed105_crop.png,flux,soc_poor,Man,Asian,7,Man,Indian,40,True,10,-13.86,7,Man,Man,Man,7,6,7,Asian,Asian,Asian
soc_poor_seed105_crop.png,flux,soc_poor,Man,Asian,7,Man,Indian,40,True,10,-13.86,7,Man,Woman,Woman,5,5,7,Indian,Latino Hispanic,Indian
soc_poor_seed105_crop.png,flux,soc_poor,Man,Asian,7,Man,Indian,40,True,10,-13.86,7,Man,Man,Man,7,5,7,White,Unclear,White
soc_poor_seed105_crop.png,flux,soc_poor,Man,Asian,7,Man,Indian,40,True,10,-13.86,7,Man,Unclear,Man,6,6,8,Indian,Asian,Asian
soc_poor_seed105_crop.png,flux,soc_poor,Man,Asian,7,Man,Indian,40,True,10,-13.86,7,Woman,Woman,Woman,7,5,7,Indian,Latino Hispanic,Asian
soc_poor_seed105_crop.png,flux,soc_poor,Man,Asian,7,Man,Asian,45,True,10,-56.49,9,Man,Man,Man,7,6,7,Asian,Asian,Asian
soc_poor_seed105_crop.png,flux,soc_poor,Man,Asian,7,Man,Asian,45,True,10,-56.49,9,Man,Woman,Woman,5,5,7,Indian,Latino Hispanic,Indian
soc_poor_seed105_crop.png,flux,soc_poor,Man,Asian,7,Man,Asian,45,True,10,-56.49,9,Man,Man,Man,7,5,7,White,Unclear,White
soc_poor_seed105_crop.png,flux,soc_poor,Man,Asian,7,Man,Asian,45,True,10,-56.49,9,Man,Unclear,Man,6,6,8,Indian,Asian,Asian
soc_poor_seed105_crop.png,flux,soc_poor,Man,Asian,7,Man,Asian,45,True,10,-56.49,9,Woman,Woman,Woman,7,5,7,Indian,Latino Hispanic,Asian
soc_poor_seed105_crop.png,flux,soc_poor,Man,Asian,7,Man,Asian,45,True,10,-61.8,9,Man,Man,Man,7,6,7,Asian,Asian,Asian
soc_poor_seed105_crop.png,flux,soc_poor,Man,Asian,7,Man,Asian,45,True,10,-61.8,9,Man,Woman,Woman,5,5,7,Indian,Latino Hispanic,Indian
soc_poor_seed105_crop.png,flux,soc_poor,Man,Asian,7,Man,Asian,45,True,10,-61.8,9,Man,Man,Man,7,5,7,White,Unclear,White
soc_poor_seed105_crop.png,flux,soc_poor,Man,Asian,7,Man,Asian,45,True,10,-61.8,9,Man,Unclear,Man,6,6,8,Indian,Asian,Asian
soc_poor_seed105_crop.png,flux,soc_poor,Man,Asian,7,Man,Asian,45,True,10,-61.8,9,Woman,Woman,Woman,7,5,7,Indian,Latino Hispanic,Asian
soc_poor_seed105_crop.png,flux,soc_poor,Man,Asian,7,Man,Asian,45,True,7,-29.24,8,Man,Man,Man,7,6,7,Asian,Asian,Asian
soc_poor_seed105_crop.png,flux,soc_poor,Man,Asian,7,Man,Asian,45,True,7,-29.24,8,Man,Woman,Woman,5,5,7,Indian,Latino Hispanic,Indian
soc_poor_seed105_crop.png,flux,soc_poor,Man,Asian,7,Man,Asian,45,True,7,-29.24,8,Man,Man,Man,7,5,7,White,Unclear,White
soc_poor_seed105_crop.png,flux,soc_poor,Man,Asian,7,Man,Asian,45,True,7,-29.24,8,Man,Unclear,Man,6,6,8,Indian,Asian,Asian
soc_poor_seed105_crop.png,flux,soc_poor,Man,Asian,7,Man,Asian,45,True,7,-29.24,8,Woman,Woman,Woman,7,5,7,Indian,Latino Hispanic,Asian
soc_poor_seed105_crop.png,flux,soc_poor,Man,Asian,7,Man,Asian,45,True,10,12.26,5,Man,Man,Man,7,6,7,Asian,Asian,Asian
soc_poor_seed105_crop.png,flux,soc_poor,Man,Asian,7,Man,Asian,45,True,10,12.26,5,Man,Woman,Woman,5,5,7,Indian,Latino Hispanic,Indian
soc_poor_seed105_crop.png,flux,soc_poor,Man,Asian,7,Man,Asian,45,True,10,12.26,5,Man,Man,Man,7,5,7,White,Unclear,White
soc_poor_seed105_crop.png,flux,soc_poor,Man,Asian,7,Man,Asian,45,True,10,12.26,5,Man,Unclear,Man,6,6,8,Indian,Asian,Asian
soc_poor_seed105_crop.png,flux,soc_poor,Man,Asian,7,Man,Asian,45,True,10,12.26,5,Woman,Woman,Woman,7,5,7,Indian,Latino Hispanic,Asian
soc_poor_seed105_crop.png,flux,soc_poor,Man,Asian,7,Man,Asian,45,True,10,-13.86,7,Man,Man,Man,7,6,7,Asian,Asian,Asian
soc_poor_seed105_crop.png,flux,soc_poor,Man,Asian,7,Man,Asian,45,True,10,-13.86,7,Man,Woman,Woman,5,5,7,Indian,Latino Hispanic,Indian
soc_poor_seed105_crop.png,flux,soc_poor,Man,Asian,7,Man,Asian,45,True,10,-13.86,7,Man,Man,Man,7,5,7,White,Unclear,White
soc_poor_seed105_crop.png,flux,soc_poor,Man,Asian,7,Man,Asian,45,True,10,-13.86,7,Man,Unclear,Man,6,6,8,Indian,Asian,Asian
soc_poor_seed105_crop.png,flux,soc_poor,Man,Asian,7,Man,Asian,45,True,10,-13.86,7,Woman,Woman,Woman,7,5,7,Indian,Latino Hispanic,Asian
soc_poor_seed105_crop.png,flux,soc_poor,Man,Asian,7,Man,Asian,35,False,10,-56.49,9,Man,Man,Man,7,6,7,Asian,Asian,Asian
soc_poor_seed105_crop.png,flux,soc_poor,Man,Asian,7,Man,Asian,35,False,10,-56.49,9,Man,Woman,Woman,5,5,7,Indian,Latino Hispanic,Indian
soc_poor_seed105_crop.png,flux,soc_poor,Man,Asian,7,Man,Asian,35,False,10,-56.49,9,Man,Man,Man,7,5,7,White,Unclear,White
soc_poor_seed105_crop.png,flux,soc_poor,Man,Asian,7,Man,Asian,35,False,10,-56.49,9,Man,Unclear,Man,6,6,8,Indian,Asian,Asian
soc_poor_seed105_crop.png,flux,soc_poor,Man,Asian,7,Man,Asian,35,False,10,-56.49,9,Woman,Woman,Woman,7,5,7,Indian,Latino Hispanic,Asian
soc_poor_seed105_crop.png,flux,soc_poor,Man,Asian,7,Man,Asian,35,False,10,-61.8,9,Man,Man,Man,7,6,7,Asian,Asian,Asian
soc_poor_seed105_crop.png,flux,soc_poor,Man,Asian,7,Man,Asian,35,False,10,-61.8,9,Man,Woman,Woman,5,5,7,Indian,Latino Hispanic,Indian
soc_poor_seed105_crop.png,flux,soc_poor,Man,Asian,7,Man,Asian,35,False,10,-61.8,9,Man,Man,Man,7,5,7,White,Unclear,White
soc_poor_seed105_crop.png,flux,soc_poor,Man,Asian,7,Man,Asian,35,False,10,-61.8,9,Man,Unclear,Man,6,6,8,Indian,Asian,Asian
soc_poor_seed105_crop.png,flux,soc_poor,Man,Asian,7,Man,Asian,35,False,10,-61.8,9,Woman,Woman,Woman,7,5,7,Indian,Latino Hispanic,Asian
soc_poor_seed105_crop.png,flux,soc_poor,Man,Asian,7,Man,Asian,35,False,7,-29.24,8,Man,Man,Man,7,6,7,Asian,Asian,Asian
soc_poor_seed105_crop.png,flux,soc_poor,Man,Asian,7,Man,Asian,35,False,7,-29.24,8,Man,Woman,Woman,5,5,7,Indian,Latino Hispanic,Indian
soc_poor_seed105_crop.png,flux,soc_poor,Man,Asian,7,Man,Asian,35,False,7,-29.24,8,Man,Man,Man,7,5,7,White,Unclear,White
soc_poor_seed105_crop.png,flux,soc_poor,Man,Asian,7,Man,Asian,35,False,7,-29.24,8,Man,Unclear,Man,6,6,8,Indian,Asian,Asian
soc_poor_seed105_crop.png,flux,soc_poor,Man,Asian,7,Man,Asian,35,False,7,-29.24,8,Woman,Woman,Woman,7,5,7,Indian,Latino Hispanic,Asian
soc_poor_seed105_crop.png,flux,soc_poor,Man,Asian,7,Man,Asian,35,False,10,12.26,5,Man,Man,Man,7,6,7,Asian,Asian,Asian
soc_poor_seed105_crop.png,flux,soc_poor,Man,Asian,7,Man,Asian,35,False,10,12.26,5,Man,Woman,Woman,5,5,7,Indian,Latino Hispanic,Indian
soc_poor_seed105_crop.png,flux,soc_poor,Man,Asian,7,Man,Asian,35,False,10,12.26,5,Man,Man,Man,7,5,7,White,Unclear,White
soc_poor_seed105_crop.png,flux,soc_poor,Man,Asian,7,Man,Asian,35,False,10,12.26,5,Man,Unclear,Man,6,6,8,Indian,Asian,Asian
soc_poor_seed105_crop.png,flux,soc_poor,Man,Asian,7,Man,Asian,35,False,10,12.26,5,Woman,Woman,Woman,7,5,7,Indian,Latino Hispanic,Asian
soc_poor_seed105_crop.png,flux,soc_poor,Man,Asian,7,Man,Asian,35,False,10,-13.86,7,Man,Man,Man,7,6,7,Asian,Asian,Asian
soc_poor_seed105_crop.png,flux,soc_poor,Man,Asian,7,Man,Asian,35,False,10,-13.86,7,Man,Woman,Woman,5,5,7,Indian,Latino Hispanic,Indian
soc_poor_seed105_crop.png,flux,soc_poor,Man,Asian,7,Man,Asian,35,False,10,-13.86,7,Man,Man,Man,7,5,7,White,Unclear,White
soc_poor_seed105_crop.png,flux,soc_poor,Man,Asian,7,Man,Asian,35,False,10,-13.86,7,Man,Unclear,Man,6,6,8,Indian,Asian,Asian
soc_poor_seed105_crop.png,flux,soc_poor,Man,Asian,7,Man,Asian,35,False,10,-13.86,7,Woman,Woman,Woman,7,5,7,Indian,Latino Hispanic,Asian
prof_doctor_seed112_crop.png,zimage,prof_doctor,Man,White,5,Man,White,26,True,6,89.75,1,Man,Man,Man,5,2,5,Middle Eastern,White,White
prof_doctor_seed112_crop.png,zimage,prof_doctor,Man,White,5,Man,White,26,True,6,89.75,1,Man,Man,Man,5,3,5,Middle Eastern,Asian,Middle Eastern
prof_doctor_seed112_crop.png,zimage,prof_doctor,Man,White,5,Man,White,26,True,6,89.75,1,Man,Man,Man,5,3,6,White,White,White
prof_doctor_seed112_crop.png,zimage,prof_doctor,Man,White,5,Man,White,26,True,6,89.75,1,Woman,Woman,Woman,3,2,5,White,White,White
prof_doctor_seed112_crop.png,zimage,prof_doctor,Man,White,5,Man,White,26,True,6,89.75,1,Man,Man,Man,5,3,6,White,White,White
prof_doctor_seed112_crop.png,zimage,prof_doctor,Man,White,5,Man,White,26,True,9,18.69,5,Man,Man,Man,5,2,5,Middle Eastern,White,White
prof_doctor_seed112_crop.png,zimage,prof_doctor,Man,White,5,Man,White,26,True,9,18.69,5,Man,Man,Man,5,3,5,Middle Eastern,Asian,Middle Eastern
prof_doctor_seed112_crop.png,zimage,prof_doctor,Man,White,5,Man,White,26,True,9,18.69,5,Man,Man,Man,5,3,6,White,White,White
prof_doctor_seed112_crop.png,zimage,prof_doctor,Man,White,5,Man,White,26,True,9,18.69,5,Woman,Woman,Woman,3,2,5,White,White,White
prof_doctor_seed112_crop.png,zimage,prof_doctor,Man,White,5,Man,White,26,True,9,18.69,5,Man,Man,Man,5,3,6,White,White,White
prof_doctor_seed112_crop.png,zimage,prof_doctor,Man,White,5,Man,White,26,True,5,84.21,1,Man,Man,Man,5,2,5,Middle Eastern,White,White
prof_doctor_seed112_crop.png,zimage,prof_doctor,Man,White,5,Man,White,26,True,5,84.21,1,Man,Man,Man,5,3,5,Middle Eastern,Asian,Middle Eastern
prof_doctor_seed112_crop.png,zimage,prof_doctor,Man,White,5,Man,White,26,True,5,84.21,1,Man,Man,Man,5,3,6,White,White,White
prof_doctor_seed112_crop.png,zimage,prof_doctor,Man,White,5,Man,White,26,True,5,84.21,1,Woman,Woman,Woman,3,2,5,White,White,White
prof_doctor_seed112_crop.png,zimage,prof_doctor,Man,White,5,Man,White,26,True,5,84.21,1,Man,Man,Man,5,3,6,White,White,White
prof_doctor_seed112_crop.png,zimage,prof_doctor,Man,White,5,Man,White,26,True,5,-84.06,9,Man,Man,Man,5,2,5,Middle Eastern,White,White
prof_doctor_seed112_crop.png,zimage,prof_doctor,Man,White,5,Man,White,26,True,5,-84.06,9,Man,Man,Man,5,3,5,Middle Eastern,Asian,Middle Eastern
prof_doctor_seed112_crop.png,zimage,prof_doctor,Man,White,5,Man,White,26,True,5,-84.06,9,Man,Man,Man,5,3,6,White,White,White
prof_doctor_seed112_crop.png,zimage,prof_doctor,Man,White,5,Man,White,26,True,5,-84.06,9,Woman,Woman,Woman,3,2,5,White,White,White
prof_doctor_seed112_crop.png,zimage,prof_doctor,Man,White,5,Man,White,26,True,5,-84.06,9,Man,Man,Man,5,3,6,White,White,White
prof_doctor_seed112_crop.png,zimage,prof_doctor,Man,White,5,Man,White,26,True,5,52.47,2,Man,Man,Man,5,2,5,Middle Eastern,White,White
prof_doctor_seed112_crop.png,zimage,prof_doctor,Man,White,5,Man,White,26,True,5,52.47,2,Man,Man,Man,5,3,5,Middle Eastern,Asian,Middle Eastern
prof_doctor_seed112_crop.png,zimage,prof_doctor,Man,White,5,Man,White,26,True,5,52.47,2,Man,Man,Man,5,3,6,White,White,White
prof_doctor_seed112_crop.png,zimage,prof_doctor,Man,White,5,Man,White,26,True,5,52.47,2,Woman,Woman,Woman,3,2,5,White,White,White
prof_doctor_seed112_crop.png,zimage,prof_doctor,Man,White,5,Man,White,26,True,5,52.47,2,Man,Man,Man,5,3,6,White,White,White
prof_doctor_seed112_crop.png,zimage,prof_doctor,Man,White,5,Man,White,46,True,6,89.75,1,Man,Man,Man,5,2,5,Middle Eastern,White,White
prof_doctor_seed112_crop.png,zimage,prof_doctor,Man,White,5,Man,White,46,True,6,89.75,1,Man,Man,Man,5,3,5,Middle Eastern,Asian,Middle Eastern
prof_doctor_seed112_crop.png,zimage,prof_doctor,Man,White,5,Man,White,46,True,6,89.75,1,Man,Man,Man,5,3,6,White,White,White
prof_doctor_seed112_crop.png,zimage,prof_doctor,Man,White,5,Man,White,46,True,6,89.75,1,Woman,Woman,Woman,3,2,5,White,White,White
prof_doctor_seed112_crop.png,zimage,prof_doctor,Man,White,5,Man,White,46,True,6,89.75,1,Man,Man,Man,5,3,6,White,White,White
prof_doctor_seed112_crop.png,zimage,prof_doctor,Man,White,5,Man,White,46,True,9,18.69,5,Man,Man,Man,5,2,5,Middle Eastern,White,White
prof_doctor_seed112_crop.png,zimage,prof_doctor,Man,White,5,Man,White,46,True,9,18.69,5,Man,Man,Man,5,3,5,Middle Eastern,Asian,Middle Eastern
prof_doctor_seed112_crop.png,zimage,prof_doctor,Man,White,5,Man,White,46,True,9,18.69,5,Man,Man,Man,5,3,6,White,White,White
prof_doctor_seed112_crop.png,zimage,prof_doctor,Man,White,5,Man,White,46,True,9,18.69,5,Woman,Woman,Woman,3,2,5,White,White,White
prof_doctor_seed112_crop.png,zimage,prof_doctor,Man,White,5,Man,White,46,True,9,18.69,5,Man,Man,Man,5,3,6,White,White,White
prof_doctor_seed112_crop.png,zimage,prof_doctor,Man,White,5,Man,White,46,True,5,84.21,1,Man,Man,Man,5,2,5,Middle Eastern,White,White
prof_doctor_seed112_crop.png,zimage,prof_doctor,Man,White,5,Man,White,46,True,5,84.21,1,Man,Man,Man,5,3,5,Middle Eastern,Asian,Middle Eastern
prof_doctor_seed112_crop.png,zimage,prof_doctor,Man,White,5,Man,White,46,True,5,84.21,1,Man,Man,Man,5,3,6,White,White,White
prof_doctor_seed112_crop.png,zimage,prof_doctor,Man,White,5,Man,White,46,True,5,84.21,1,Woman,Woman,Woman,3,2,5,White,White,White
prof_doctor_seed112_crop.png,zimage,prof_doctor,Man,White,5,Man,White,46,True,5,84.21,1,Man,Man,Man,5,3,6,White,White,White
prof_doctor_seed112_crop.png,zimage,prof_doctor,Man,White,5,Man,White,46,True,5,-84.06,9,Man,Man,Man,5,2,5,Middle Eastern,White,White
prof_doctor_seed112_crop.png,zimage,prof_doctor,Man,White,5,Man,White,46,True,5,-84.06,9,Man,Man,Man,5,3,5,Middle Eastern,Asian,Middle Eastern
prof_doctor_seed112_crop.png,zimage,prof_doctor,Man,White,5,Man,White,46,True,5,-84.06,9,Man,Man,Man,5,3,6,White,White,White
prof_doctor_seed112_crop.png,zimage,prof_doctor,Man,White,5,Man,White,46,True,5,-84.06,9,Woman,Woman,Woman,3,2,5,White,White,White
prof_doctor_seed112_crop.png,zimage,prof_doctor,Man,White,5,Man,White,46,True,5,-84.06,9,Man,Man,Man,5,3,6,White,White,White
prof_doctor_seed112_crop.png,zimage,prof_doctor,Man,White,5,Man,White,46,True,5,52.47,2,Man,Man,Man,5,2,5,Middle Eastern,White,White
prof_doctor_seed112_crop.png,zimage,prof_doctor,Man,White,5,Man,White,46,True,5,52.47,2,Man,Man,Man,5,3,5,Middle Eastern,Asian,Middle Eastern
prof_doctor_seed112_crop.png,zimage,prof_doctor,Man,White,5,Man,White,46,True,5,52.47,2,Man,Man,Man,5,3,6,White,White,White
prof_doctor_seed112_crop.png,zimage,prof_doctor,Man,White,5,Man,White,46,True,5,52.47,2,Woman,Woman,Woman,3,2,5,White,White,White
prof_doctor_seed112_crop.png,zimage,prof_doctor,Man,White,5,Man,White,46,True,5,52.47,2,Man,Man,Man,5,3,6,White,White,White
prof_doctor_seed112_crop.png,zimage,prof_doctor,Man,White,5,Man,White,28,True,6,89.75,1,Man,Man,Man,5,2,5,Middle Eastern,White,White
prof_doctor_seed112_crop.png,zimage,prof_doctor,Man,White,5,Man,White,28,True,6,89.75,1,Man,Man,Man,5,3,5,Middle Eastern,Asian,Middle Eastern
prof_doctor_seed112_crop.png,zimage,prof_doctor,Man,White,5,Man,White,28,True,6,89.75,1,Man,Man,Man,5,3,6,White,White,White
prof_doctor_seed112_crop.png,zimage,prof_doctor,Man,White,5,Man,White,28,True,6,89.75,1,Woman,Woman,Woman,3,2,5,White,White,White
prof_doctor_seed112_crop.png,zimage,prof_doctor,Man,White,5,Man,White,28,True,6,89.75,1,Man,Man,Man,5,3,6,White,White,White
prof_doctor_seed112_crop.png,zimage,prof_doctor,Man,White,5,Man,White,28,True,9,18.69,5,Man,Man,Man,5,2,5,Middle Eastern,White,White
prof_doctor_seed112_crop.png,zimage,prof_doctor,Man,White,5,Man,White,28,True,9,18.69,5,Man,Man,Man,5,3,5,Middle Eastern,Asian,Middle Eastern
prof_doctor_seed112_crop.png,zimage,prof_doctor,Man,White,5,Man,White,28,True,9,18.69,5,Man,Man,Man,5,3,6,White,White,White
prof_doctor_seed112_crop.png,zimage,prof_doctor,Man,White,5,Man,White,28,True,9,18.69,5,Woman,Woman,Woman,3,2,5,White,White,White
prof_doctor_seed112_crop.png,zimage,prof_doctor,Man,White,5,Man,White,28,True,9,18.69,5,Man,Man,Man,5,3,6,White,White,White
prof_doctor_seed112_crop.png,zimage,prof_doctor,Man,White,5,Man,White,28,True,5,84.21,1,Man,Man,Man,5,2,5,Middle Eastern,White,White
prof_doctor_seed112_crop.png,zimage,prof_doctor,Man,White,5,Man,White,28,True,5,84.21,1,Man,Man,Man,5,3,5,Middle Eastern,Asian,Middle Eastern
prof_doctor_seed112_crop.png,zimage,prof_doctor,Man,White,5,Man,White,28,True,5,84.21,1,Man,Man,Man,5,3,6,White,White,White
prof_doctor_seed112_crop.png,zimage,prof_doctor,Man,White,5,Man,White,28,True,5,84.21,1,Woman,Woman,Woman,3,2,5,White,White,White
prof_doctor_seed112_crop.png,zimage,prof_doctor,Man,White,5,Man,White,28,True,5,84.21,1,Man,Man,Man,5,3,6,White,White,White
prof_doctor_seed112_crop.png,zimage,prof_doctor,Man,White,5,Man,White,28,True,5,-84.06,9,Man,Man,Man,5,2,5,Middle Eastern,White,White
prof_doctor_seed112_crop.png,zimage,prof_doctor,Man,White,5,Man,White,28,True,5,-84.06,9,Man,Man,Man,5,3,5,Middle Eastern,Asian,Middle Eastern
prof_doctor_seed112_crop.png,zimage,prof_doctor,Man,White,5,Man,White,28,True,5,-84.06,9,Man,Man,Man,5,3,6,White,White,White
prof_doctor_seed112_crop.png,zimage,prof_doctor,Man,White,5,Man,White,28,True,5,-84.06,9,Woman,Woman,Woman,3,2,5,White,White,White
prof_doctor_seed112_crop.png,zimage,prof_doctor,Man,White,5,Man,White,28,True,5,-84.06,9,Man,Man,Man,5,3,6,White,White,White
prof_doctor_seed112_crop.png,zimage,prof_doctor,Man,White,5,Man,White,28,True,5,52.47,2,Man,Man,Man,5,2,5,Middle Eastern,White,White
prof_doctor_seed112_crop.png,zimage,prof_doctor,Man,White,5,Man,White,28,True,5,52.47,2,Man,Man,Man,5,3,5,Middle Eastern,Asian,Middle Eastern
prof_doctor_seed112_crop.png,zimage,prof_doctor,Man,White,5,Man,White,28,True,5,52.47,2,Man,Man,Man,5,3,6,White,White,White
prof_doctor_seed112_crop.png,zimage,prof_doctor,Man,White,5,Man,White,28,True,5,52.47,2,Woman,Woman,Woman,3,2,5,White,White,White
prof_doctor_seed112_crop.png,zimage,prof_doctor,Man,White,5,Man,White,28,True,5,52.47,2,Man,Man,Man,5,3,6,White,White,White
prof_doctor_seed112_crop.png,zimage,prof_doctor,Man,White,5,Man,White,42,True,6,89.75,1,Man,Man,Man,5,2,5,Middle Eastern,White,White
prof_doctor_seed112_crop.png,zimage,prof_doctor,Man,White,5,Man,White,42,True,6,89.75,1,Man,Man,Man,5,3,5,Middle Eastern,Asian,Middle Eastern
prof_doctor_seed112_crop.png,zimage,prof_doctor,Man,White,5,Man,White,42,True,6,89.75,1,Man,Man,Man,5,3,6,White,White,White
prof_doctor_seed112_crop.png,zimage,prof_doctor,Man,White,5,Man,White,42,True,6,89.75,1,Woman,Woman,Woman,3,2,5,White,White,White
prof_doctor_seed112_crop.png,zimage,prof_doctor,Man,White,5,Man,White,42,True,6,89.75,1,Man,Man,Man,5,3,6,White,White,White
prof_doctor_seed112_crop.png,zimage,prof_doctor,Man,White,5,Man,White,42,True,9,18.69,5,Man,Man,Man,5,2,5,Middle Eastern,White,White
prof_doctor_seed112_crop.png,zimage,prof_doctor,Man,White,5,Man,White,42,True,9,18.69,5,Man,Man,Man,5,3,5,Middle Eastern,Asian,Middle Eastern
prof_doctor_seed112_crop.png,zimage,prof_doctor,Man,White,5,Man,White,42,True,9,18.69,5,Man,Man,Man,5,3,6,White,White,White
prof_doctor_seed112_crop.png,zimage,prof_doctor,Man,White,5,Man,White,42,True,9,18.69,5,Woman,Woman,Woman,3,2,5,White,White,White
prof_doctor_seed112_crop.png,zimage,prof_doctor,Man,White,5,Man,White,42,True,9,18.69,5,Man,Man,Man,5,3,6,White,White,White
prof_doctor_seed112_crop.png,zimage,prof_doctor,Man,White,5,Man,White,42,True,5,84.21,1,Man,Man,Man,5,2,5,Middle Eastern,White,White
prof_doctor_seed112_crop.png,zimage,prof_doctor,Man,White,5,Man,White,42,True,5,84.21,1,Man,Man,Man,5,3,5,Middle Eastern,Asian,Middle Eastern
prof_doctor_seed112_crop.png,zimage,prof_doctor,Man,White,5,Man,White,42,True,5,84.21,1,Man,Man,Man,5,3,6,White,White,White
prof_doctor_seed112_crop.png,zimage,prof_doctor,Man,White,5,Man,White,42,True,5,84.21,1,Woman,Woman,Woman,3,2,5,White,White,White
prof_doctor_seed112_crop.png,zimage,prof_doctor,Man,White,5,Man,White,42,True,5,84.21,1,Man,Man,Man,5,3,6,White,White,White
prof_doctor_seed112_crop.png,zimage,prof_doctor,Man,White,5,Man,White,42,True,5,-84.06,9,Man,Man,Man,5,2,5,Middle Eastern,White,White
prof_doctor_seed112_crop.png,zimage,prof_doctor,Man,White,5,Man,White,42,True,5,-84.06,9,Man,Man,Man,5,3,5,Middle Eastern,Asian,Middle Eastern
prof_doctor_seed112_crop.png,zimage,prof_doctor,Man,White,5,Man,White,42,True,5,-84.06,9,Man,Man,Man,5,3,6,White,White,White
prof_doctor_seed112_crop.png,zimage,prof_doctor,Man,White,5,Man,White,42,True,5,-84.06,9,Woman,Woman,Woman,3,2,5,White,White,White
prof_doctor_seed112_crop.png,zimage,prof_doctor,Man,White,5,Man,White,42,True,5,-84.06,9,Man,Man,Man,5,3,6,White,White,White
prof_doctor_seed112_crop.png,zimage,prof_doctor,Man,White,5,Man,White,42,True,5,52.47,2,Man,Man,Man,5,2,5,Middle Eastern,White,White
prof_doctor_seed112_crop.png,zimage,prof_doctor,Man,White,5,Man,White,42,True,5,52.47,2,Man,Man,Man,5,3,5,Middle Eastern,Asian,Middle Eastern
prof_doctor_seed112_crop.png,zimage,prof_doctor,Man,White,5,Man,White,42,True,5,52.47,2,Man,Man,Man,5,3,6,White,White,White
prof_doctor_seed112_crop.png,zimage,prof_doctor,Man,White,5,Man,White,42,True,5,52.47,2,Woman,Woman,Woman,3,2,5,White,White,White
prof_doctor_seed112_crop.png,zimage,prof_doctor,Man,White,5,Man,White,42,True,5,52.47,2,Man,Man,Man,5,3,6,White,White,White
prof_doctor_seed112_crop.png,zimage,prof_doctor,Man,White,5,Woman,White,35,True,6,89.75,1,Man,Man,Man,5,2,5,Middle Eastern,White,White
prof_doctor_seed112_crop.png,zimage,prof_doctor,Man,White,5,Woman,White,35,True,6,89.75,1,Man,Man,Man,5,3,5,Middle Eastern,Asian,Middle Eastern
prof_doctor_seed112_crop.png,zimage,prof_doctor,Man,White,5,Woman,White,35,True,6,89.75,1,Man,Man,Man,5,3,6,White,White,White
prof_doctor_seed112_crop.png,zimage,prof_doctor,Man,White,5,Woman,White,35,True,6,89.75,1,Woman,Woman,Woman,3,2,5,White,White,White
prof_doctor_seed112_crop.png,zimage,prof_doctor,Man,White,5,Woman,White,35,True,6,89.75,1,Man,Man,Man,5,3,6,White,White,White
prof_doctor_seed112_crop.png,zimage,prof_doctor,Man,White,5,Woman,White,35,True,9,18.69,5,Man,Man,Man,5,2,5,Middle Eastern,White,White
prof_doctor_seed112_crop.png,zimage,prof_doctor,Man,White,5,Woman,White,35,True,9,18.69,5,Man,Man,Man,5,3,5,Middle Eastern,Asian,Middle Eastern
prof_doctor_seed112_crop.png,zimage,prof_doctor,Man,White,5,Woman,White,35,True,9,18.69,5,Man,Man,Man,5,3,6,White,White,White
prof_doctor_seed112_crop.png,zimage,prof_doctor,Man,White,5,Woman,White,35,True,9,18.69,5,Woman,Woman,Woman,3,2,5,White,White,White
prof_doctor_seed112_crop.png,zimage,prof_doctor,Man,White,5,Woman,White,35,True,9,18.69,5,Man,Man,Man,5,3,6,White,White,White
prof_doctor_seed112_crop.png,zimage,prof_doctor,Man,White,5,Woman,White,35,True,5,84.21,1,Man,Man,Man,5,2,5,Middle Eastern,White,White
prof_doctor_seed112_crop.png,zimage,prof_doctor,Man,White,5,Woman,White,35,True,5,84.21,1,Man,Man,Man,5,3,5,Middle Eastern,Asian,Middle Eastern
prof_doctor_seed112_crop.png,zimage,prof_doctor,Man,White,5,Woman,White,35,True,5,84.21,1,Man,Man,Man,5,3,6,White,White,White
prof_doctor_seed112_crop.png,zimage,prof_doctor,Man,White,5,Woman,White,35,True,5,84.21,1,Woman,Woman,Woman,3,2,5,White,White,White
prof_doctor_seed112_crop.png,zimage,prof_doctor,Man,White,5,Woman,White,35,True,5,84.21,1,Man,Man,Man,5,3,6,White,White,White
prof_doctor_seed112_crop.png,zimage,prof_doctor,Man,White,5,Woman,White,35,True,5,-84.06,9,Man,Man,Man,5,2,5,Middle Eastern,White,White
prof_doctor_seed112_crop.png,zimage,prof_doctor,Man,White,5,Woman,White,35,True,5,-84.06,9,Man,Man,Man,5,3,5,Middle Eastern,Asian,Middle Eastern
prof_doctor_seed112_crop.png,zimage,prof_doctor,Man,White,5,Woman,White,35,True,5,-84.06,9,Man,Man,Man,5,3,6,White,White,White
prof_doctor_seed112_crop.png,zimage,prof_doctor,Man,White,5,Woman,White,35,True,5,-84.06,9,Woman,Woman,Woman,3,2,5,White,White,White
prof_doctor_seed112_crop.png,zimage,prof_doctor,Man,White,5,Woman,White,35,True,5,-84.06,9,Man,Man,Man,5,3,6,White,White,White
prof_doctor_seed112_crop.png,zimage,prof_doctor,Man,White,5,Woman,White,35,True,5,52.47,2,Man,Man,Man,5,2,5,Middle Eastern,White,White
prof_doctor_seed112_crop.png,zimage,prof_doctor,Man,White,5,Woman,White,35,True,5,52.47,2,Man,Man,Man,5,3,5,Middle Eastern,Asian,Middle Eastern
prof_doctor_seed112_crop.png,zimage,prof_doctor,Man,White,5,Woman,White,35,True,5,52.47,2,Man,Man,Man,5,3,6,White,White,White
prof_doctor_seed112_crop.png,zimage,prof_doctor,Man,White,5,Woman,White,35,True,5,52.47,2,Woman,Woman,Woman,3,2,5,White,White,White
prof_doctor_seed112_crop.png,zimage,prof_doctor,Man,White,5,Woman,White,35,True,5,52.47,2,Man,Man,Man,5,3,6,White,White,White
soc_poor_seed111_crop.png,flux,soc_poor,Man,Black,8,Man,Indian,44,True,6,-78.87,9,Man,Man,Man,7,6,8,Indian,Asian,Asian
soc_poor_seed111_crop.png,flux,soc_poor,Man,Black,8,Man,Indian,44,True,6,-78.87,9,Man,Man,Woman,7,5,6,Middle Eastern,White,Middle Eastern
soc_poor_seed111_crop.png,flux,soc_poor,Man,Black,8,Man,Indian,44,True,6,-78.87,9,Man,Man,Man,7,5,7,White,White,White
soc_poor_seed111_crop.png,flux,soc_poor,Man,Black,8,Man,Indian,44,True,6,-78.87,9,Unclear,Woman,Woman,Unclear,5,6,Unclear,White,Middle Eastern
soc_poor_seed111_crop.png,flux,soc_poor,Man,Black,8,Man,Indian,44,True,10,-68.48,9,Man,Man,Man,7,6,8,Indian,Asian,Asian
soc_poor_seed111_crop.png,flux,soc_poor,Man,Black,8,Man,Indian,44,True,10,-68.48,9,Man,Man,Woman,7,5,6,Middle Eastern,White,Middle Eastern
soc_poor_seed111_crop.png,flux,soc_poor,Man,Black,8,Man,Indian,44,True,10,-68.48,9,Man,Man,Man,7,5,7,White,White,White
soc_poor_seed111_crop.png,flux,soc_poor,Man,Black,8,Man,Indian,44,True,10,-68.48,9,Unclear,Woman,Woman,Unclear,5,6,Unclear,White,Middle Eastern
soc_poor_seed111_crop.png,flux,soc_poor,Man,Black,8,Man,Indian,44,True,10,-42.0,9,Man,Man,Man,7,6,8,Indian,Asian,Asian
soc_poor_seed111_crop.png,flux,soc_poor,Man,Black,8,Man,Indian,44,True,10,-42.0,9,Man,Man,Woman,7,5,6,Middle Eastern,White,Middle Eastern
soc_poor_seed111_crop.png,flux,soc_poor,Man,Black,8,Man,Indian,44,True,10,-42.0,9,Man,Man,Man,7,5,7,White,White,White
soc_poor_seed111_crop.png,flux,soc_poor,Man,Black,8,Man,Indian,44,True,10,-42.0,9,Unclear,Woman,Woman,Unclear,5,6,Unclear,White,Middle Eastern
soc_poor_seed111_crop.png,flux,soc_poor,Man,Black,8,Man,Indian,44,True,5,-89.2,9,Man,Man,Man,7,6,8,Indian,Asian,Asian
soc_poor_seed111_crop.png,flux,soc_poor,Man,Black,8,Man,Indian,44,True,5,-89.2,9,Man,Man,Woman,7,5,6,Middle Eastern,White,Middle Eastern
soc_poor_seed111_crop.png,flux,soc_poor,Man,Black,8,Man,Indian,44,True,5,-89.2,9,Man,Man,Man,7,5,7,White,White,White
soc_poor_seed111_crop.png,flux,soc_poor,Man,Black,8,Man,Indian,44,True,5,-89.2,9,Unclear,Woman,Woman,Unclear,5,6,Unclear,White,Middle Eastern
soc_poor_seed111_crop.png,flux,soc_poor,Man,Black,8,Man,White,46,False,6,-78.87,9,Man,Man,Man,7,6,8,Indian,Asian,Asian
soc_poor_seed111_crop.png,flux,soc_poor,Man,Black,8,Man,White,46,False,6,-78.87,9,Man,Man,Woman,7,5,6,Middle Eastern,White,Middle Eastern
soc_poor_seed111_crop.png,flux,soc_poor,Man,Black,8,Man,White,46,False,6,-78.87,9,Man,Man,Man,7,5,7,White,White,White
soc_poor_seed111_crop.png,flux,soc_poor,Man,Black,8,Man,White,46,False,6,-78.87,9,Unclear,Woman,Woman,Unclear,5,6,Unclear,White,Middle Eastern
soc_poor_seed111_crop.png,flux,soc_poor,Man,Black,8,Man,White,46,False,10,-68.48,9,Man,Man,Man,7,6,8,Indian,Asian,Asian
soc_poor_seed111_crop.png,flux,soc_poor,Man,Black,8,Man,White,46,False,10,-68.48,9,Man,Man,Woman,7,5,6,Middle Eastern,White,Middle Eastern
soc_poor_seed111_crop.png,flux,soc_poor,Man,Black,8,Man,White,46,False,10,-68.48,9,Man,Man,Man,7,5,7,White,White,White
soc_poor_seed111_crop.png,flux,soc_poor,Man,Black,8,Man,White,46,False,10,-68.48,9,Unclear,Woman,Woman,Unclear,5,6,Unclear,White,Middle Eastern
soc_poor_seed111_crop.png,flux,soc_poor,Man,Black,8,Man,White,46,False,10,-42.0,9,Man,Man,Man,7,6,8,Indian,Asian,Asian
soc_poor_seed111_crop.png,flux,soc_poor,Man,Black,8,Man,White,46,False,10,-42.0,9,Man,Man,Woman,7,5,6,Middle Eastern,White,Middle Eastern
soc_poor_seed111_crop.png,flux,soc_poor,Man,Black,8,Man,White,46,False,10,-42.0,9,Man,Man,Man,7,5,7,White,White,White
soc_poor_seed111_crop.png,flux,soc_poor,Man,Black,8,Man,White,46,False,10,-42.0,9,Unclear,Woman,Woman,Unclear,5,6,Unclear,White,Middle Eastern
soc_poor_seed111_crop.png,flux,soc_poor,Man,Black,8,Man,White,46,False,5,-89.2,9,Man,Man,Man,7,6,8,Indian,Asian,Asian
soc_poor_seed111_crop.png,flux,soc_poor,Man,Black,8,Man,White,46,False,5,-89.2,9,Man,Man,Woman,7,5,6,Middle Eastern,White,Middle Eastern
soc_poor_seed111_crop.png,flux,soc_poor,Man,Black,8,Man,White,46,False,5,-89.2,9,Man,Man,Man,7,5,7,White,White,White
soc_poor_seed111_crop.png,flux,soc_poor,Man,Black,8,Man,White,46,False,5,-89.2,9,Unclear,Woman,Woman,Unclear,5,6,Unclear,White,Middle Eastern
soc_poor_seed111_crop.png,flux,soc_poor,Man,Black,8,Man,White,45,True,6,-78.87,9,Man,Man,Man,7,6,8,Indian,Asian,Asian
soc_poor_seed111_crop.png,flux,soc_poor,Man,Black,8,Man,White,45,True,6,-78.87,9,Man,Man,Woman,7,5,6,Middle Eastern,White,Middle Eastern
soc_poor_seed111_crop.png,flux,soc_poor,Man,Black,8,Man,White,45,True,6,-78.87,9,Man,Man,Man,7,5,7,White,White,White
soc_poor_seed111_crop.png,flux,soc_poor,Man,Black,8,Man,White,45,True,6,-78.87,9,Unclear,Woman,Woman,Unclear,5,6,Unclear,White,Middle Eastern
soc_poor_seed111_crop.png,flux,soc_poor,Man,Black,8,Man,White,45,True,10,-68.48,9,Man,Man,Man,7,6,8,Indian,Asian,Asian
soc_poor_seed111_crop.png,flux,soc_poor,Man,Black,8,Man,White,45,True,10,-68.48,9,Man,Man,Woman,7,5,6,Middle Eastern,White,Middle Eastern
soc_poor_seed111_crop.png,flux,soc_poor,Man,Black,8,Man,White,45,True,10,-68.48,9,Man,Man,Man,7,5,7,White,White,White
soc_poor_seed111_crop.png,flux,soc_poor,Man,Black,8,Man,White,45,True,10,-68.48,9,Unclear,Woman,Woman,Unclear,5,6,Unclear,White,Middle Eastern
soc_poor_seed111_crop.png,flux,soc_poor,Man,Black,8,Man,White,45,True,10,-42.0,9,Man,Man,Man,7,6,8,Indian,Asian,Asian
soc_poor_seed111_crop.png,flux,soc_poor,Man,Black,8,Man,White,45,True,10,-42.0,9,Man,Man,Woman,7,5,6,Middle Eastern,White,Middle Eastern
soc_poor_seed111_crop.png,flux,soc_poor,Man,Black,8,Man,White,45,True,10,-42.0,9,Man,Man,Man,7,5,7,White,White,White
soc_poor_seed111_crop.png,flux,soc_poor,Man,Black,8,Man,White,45,True,10,-42.0,9,Unclear,Woman,Woman,Unclear,5,6,Unclear,White,Middle Eastern
soc_poor_seed111_crop.png,flux,soc_poor,Man,Black,8,Man,White,45,True,5,-89.2,9,Man,Man,Man,7,6,8,Indian,Asian,Asian
soc_poor_seed111_crop.png,flux,soc_poor,Man,Black,8,Man,White,45,True,5,-89.2,9,Man,Man,Woman,7,5,6,Middle Eastern,White,Middle Eastern
soc_poor_seed111_crop.png,flux,soc_poor,Man,Black,8,Man,White,45,True,5,-89.2,9,Man,Man,Man,7,5,7,White,White,White
soc_poor_seed111_crop.png,flux,soc_poor,Man,Black,8,Man,White,45,True,5,-89.2,9,Unclear,Woman,Woman,Unclear,5,6,Unclear,White,Middle Eastern
soc_poor_seed111_crop.png,flux,soc_poor,Man,Black,8,Man,Middle Eastern,25,True,6,-78.87,9,Man,Man,Man,7,6,8,Indian,Asian,Asian
soc_poor_seed111_crop.png,flux,soc_poor,Man,Black,8,Man,Middle Eastern,25,True,6,-78.87,9,Man,Man,Woman,7,5,6,Middle Eastern,White,Middle Eastern
soc_poor_seed111_crop.png,flux,soc_poor,Man,Black,8,Man,Middle Eastern,25,True,6,-78.87,9,Man,Man,Man,7,5,7,White,White,White
soc_poor_seed111_crop.png,flux,soc_poor,Man,Black,8,Man,Middle Eastern,25,True,6,-78.87,9,Unclear,Woman,Woman,Unclear,5,6,Unclear,White,Middle Eastern
soc_poor_seed111_crop.png,flux,soc_poor,Man,Black,8,Man,Middle Eastern,25,True,10,-68.48,9,Man,Man,Man,7,6,8,Indian,Asian,Asian
soc_poor_seed111_crop.png,flux,soc_poor,Man,Black,8,Man,Middle Eastern,25,True,10,-68.48,9,Man,Man,Woman,7,5,6,Middle Eastern,White,Middle Eastern
soc_poor_seed111_crop.png,flux,soc_poor,Man,Black,8,Man,Middle Eastern,25,True,10,-68.48,9,Man,Man,Man,7,5,7,White,White,White
soc_poor_seed111_crop.png,flux,soc_poor,Man,Black,8,Man,Middle Eastern,25,True,10,-68.48,9,Unclear,Woman,Woman,Unclear,5,6,Unclear,White,Middle Eastern
soc_poor_seed111_crop.png,flux,soc_poor,Man,Black,8,Man,Middle Eastern,25,True,10,-42.0,9,Man,Man,Man,7,6,8,Indian,Asian,Asian
soc_poor_seed111_crop.png,flux,soc_poor,Man,Black,8,Man,Middle Eastern,25,True,10,-42.0,9,Man,Man,Woman,7,5,6,Middle Eastern,White,Middle Eastern
soc_poor_seed111_crop.png,flux,soc_poor,Man,Black,8,Man,Middle Eastern,25,True,10,-42.0,9,Man,Man,Man,7,5,7,White,White,White
soc_poor_seed111_crop.png,flux,soc_poor,Man,Black,8,Man,Middle Eastern,25,True,10,-42.0,9,Unclear,Woman,Woman,Unclear,5,6,Unclear,White,Middle Eastern
soc_poor_seed111_crop.png,flux,soc_poor,Man,Black,8,Man,Middle Eastern,25,True,5,-89.2,9,Man,Man,Man,7,6,8,Indian,Asian,Asian
soc_poor_seed111_crop.png,flux,soc_poor,Man,Black,8,Man,Middle Eastern,25,True,5,-89.2,9,Man,Man,Woman,7,5,6,Middle Eastern,White,Middle Eastern
soc_poor_seed111_crop.png,flux,soc_poor,Man,Black,8,Man,Middle Eastern,25,True,5,-89.2,9,Man,Man,Man,7,5,7,White,White,White
soc_poor_seed111_crop.png,flux,soc_poor,Man,Black,8,Man,Middle Eastern,25,True,5,-89.2,9,Unclear,Woman,Woman,Unclear,5,6,Unclear,White,Middle Eastern
prof_nurse_seed108_crop.png,flux,prof_nurse,Woman,Asian,3,Woman,Asian,28,True,5,88.33,1,Woman,Woman,Woman,3,2,3,Asian,Asian,Asian
prof_nurse_seed108_crop.png,flux,prof_nurse,Woman,Asian,3,Woman,Asian,28,True,5,88.33,1,Woman,Woman,Woman,5,3,5,White,White,White
prof_nurse_seed108_crop.png,flux,prof_nurse,Woman,Asian,3,Woman,Asian,28,True,5,88.33,1,Woman,Woman,Woman,4,3,5,Indian,Latino Hispanic,Asian
prof_nurse_seed108_crop.png,flux,prof_nurse,Woman,Asian,3,Woman,Asian,28,True,5,88.33,1,Woman,Woman,Woman,5,3,6,Indian,Indian,Asian
prof_nurse_seed108_crop.png,flux,prof_nurse,Woman,Asian,3,Woman,Asian,28,True,5,88.33,1,Woman,Woman,Woman,3,2,3,Asian,Asian,Asian
prof_nurse_seed108_crop.png,flux,prof_nurse,Woman,Asian,3,Woman,Asian,28,True,5,83.26,1,Woman,Woman,Woman,3,2,3,Asian,Asian,Asian
prof_nurse_seed108_crop.png,flux,prof_nurse,Woman,Asian,3,Woman,Asian,28,True,5,83.26,1,Woman,Woman,Woman,5,3,5,White,White,White
prof_nurse_seed108_crop.png,flux,prof_nurse,Woman,Asian,3,Woman,Asian,28,True,5,83.26,1,Woman,Woman,Woman,4,3,5,Indian,Latino Hispanic,Asian
prof_nurse_seed108_crop.png,flux,prof_nurse,Woman,Asian,3,Woman,Asian,28,True,5,83.26,1,Woman,Woman,Woman,5,3,6,Indian,Indian,Asian
prof_nurse_seed108_crop.png,flux,prof_nurse,Woman,Asian,3,Woman,Asian,28,True,5,83.26,1,Woman,Woman,Woman,3,2,3,Asian,Asian,Asian
prof_nurse_seed108_crop.png,flux,prof_nurse,Woman,Asian,3,Woman,Asian,28,True,5,59.16,1,Woman,Woman,Woman,3,2,3,Asian,Asian,Asian
prof_nurse_seed108_crop.png,flux,prof_nurse,Woman,Asian,3,Woman,Asian,28,True,5,59.16,1,Woman,Woman,Woman,5,3,5,White,White,White
prof_nurse_seed108_crop.png,flux,prof_nurse,Woman,Asian,3,Woman,Asian,28,True,5,59.16,1,Woman,Woman,Woman,4,3,5,Indian,Latino Hispanic,Asian
prof_nurse_seed108_crop.png,flux,prof_nurse,Woman,Asian,3,Woman,Asian,28,True,5,59.16,1,Woman,Woman,Woman,5,3,6,Indian,Indian,Asian
prof_nurse_seed108_crop.png,flux,prof_nurse,Woman,Asian,3,Woman,Asian,28,True,5,59.16,1,Woman,Woman,Woman,3,2,3,Asian,Asian,Asian
prof_nurse_seed108_crop.png,flux,prof_nurse,Woman,Asian,3,Woman,Asian,28,True,6,65.6,1,Woman,Woman,Woman,3,2,3,Asian,Asian,Asian
prof_nurse_seed108_crop.png,flux,prof_nurse,Woman,Asian,3,Woman,Asian,28,True,6,65.6,1,Woman,Woman,Woman,5,3,5,White,White,White
prof_nurse_seed108_crop.png,flux,prof_nurse,Woman,Asian,3,Woman,Asian,28,True,6,65.6,1,Woman,Woman,Woman,4,3,5,Indian,Latino Hispanic,Asian
prof_nurse_seed108_crop.png,flux,prof_nurse,Woman,Asian,3,Woman,Asian,28,True,6,65.6,1,Woman,Woman,Woman,5,3,6,Indian,Indian,Asian
prof_nurse_seed108_crop.png,flux,prof_nurse,Woman,Asian,3,Woman,Asian,28,True,6,65.6,1,Woman,Woman,Woman,3,2,3,Asian,Asian,Asian
prof_nurse_seed108_crop.png,flux,prof_nurse,Woman,Asian,3,Woman,Asian,28,True,6,-76.5,9,Woman,Woman,Woman,3,2,3,Asian,Asian,Asian
prof_nurse_seed108_crop.png,flux,prof_nurse,Woman,Asian,3,Woman,Asian,28,True,6,-76.5,9,Woman,Woman,Woman,5,3,5,White,White,White
prof_nurse_seed108_crop.png,flux,prof_nurse,Woman,Asian,3,Woman,Asian,28,True,6,-76.5,9,Woman,Woman,Woman,4,3,5,Indian,Latino Hispanic,Asian
prof_nurse_seed108_crop.png,flux,prof_nurse,Woman,Asian,3,Woman,Asian,28,True,6,-76.5,9,Woman,Woman,Woman,5,3,6,Indian,Indian,Asian
prof_nurse_seed108_crop.png,flux,prof_nurse,Woman,Asian,3,Woman,Asian,28,True,6,-76.5,9,Woman,Woman,Woman,3,2,3,Asian,Asian,Asian
prof_nurse_seed108_crop.png,flux,prof_nurse,Woman,Asian,3,Woman,White,25,True,5,88.33,1,Woman,Woman,Woman,3,2,3,Asian,Asian,Asian
prof_nurse_seed108_crop.png,flux,prof_nurse,Woman,Asian,3,Woman,White,25,True,5,88.33,1,Woman,Woman,Woman,5,3,5,White,White,White
prof_nurse_seed108_crop.png,flux,prof_nurse,Woman,Asian,3,Woman,White,25,True,5,88.33,1,Woman,Woman,Woman,4,3,5,Indian,Latino Hispanic,Asian
prof_nurse_seed108_crop.png,flux,prof_nurse,Woman,Asian,3,Woman,White,25,True,5,88.33,1,Woman,Woman,Woman,5,3,6,Indian,Indian,Asian
prof_nurse_seed108_crop.png,flux,prof_nurse,Woman,Asian,3,Woman,White,25,True,5,88.33,1,Woman,Woman,Woman,3,2,3,Asian,Asian,Asian
prof_nurse_seed108_crop.png,flux,prof_nurse,Woman,Asian,3,Woman,White,25,True,5,83.26,1,Woman,Woman,Woman,3,2,3,Asian,Asian,Asian
prof_nurse_seed108_crop.png,flux,prof_nurse,Woman,Asian,3,Woman,White,25,True,5,83.26,1,Woman,Woman,Woman,5,3,5,White,White,White
prof_nurse_seed108_crop.png,flux,prof_nurse,Woman,Asian,3,Woman,White,25,True,5,83.26,1,Woman,Woman,Woman,4,3,5,Indian,Latino Hispanic,Asian
prof_nurse_seed108_crop.png,flux,prof_nurse,Woman,Asian,3,Woman,White,25,True,5,83.26,1,Woman,Woman,Woman,5,3,6,Indian,Indian,Asian
prof_nurse_seed108_crop.png,flux,prof_nurse,Woman,Asian,3,Woman,White,25,True,5,83.26,1,Woman,Woman,Woman,3,2,3,Asian,Asian,Asian
prof_nurse_seed108_crop.png,flux,prof_nurse,Woman,Asian,3,Woman,White,25,True,5,59.16,1,Woman,Woman,Woman,3,2,3,Asian,Asian,Asian
prof_nurse_seed108_crop.png,flux,prof_nurse,Woman,Asian,3,Woman,White,25,True,5,59.16,1,Woman,Woman,Woman,5,3,5,White,White,White
prof_nurse_seed108_crop.png,flux,prof_nurse,Woman,Asian,3,Woman,White,25,True,5,59.16,1,Woman,Woman,Woman,4,3,5,Indian,Latino Hispanic,Asian
prof_nurse_seed108_crop.png,flux,prof_nurse,Woman,Asian,3,Woman,White,25,True,5,59.16,1,Woman,Woman,Woman,5,3,6,Indian,Indian,Asian
prof_nurse_seed108_crop.png,flux,prof_nurse,Woman,Asian,3,Woman,White,25,True,5,59.16,1,Woman,Woman,Woman,3,2,3,Asian,Asian,Asian
prof_nurse_seed108_crop.png,flux,prof_nurse,Woman,Asian,3,Woman,White,25,True,6,65.6,1,Woman,Woman,Woman,3,2,3,Asian,Asian,Asian
prof_nurse_seed108_crop.png,flux,prof_nurse,Woman,Asian,3,Woman,White,25,True,6,65.6,1,Woman,Woman,Woman,5,3,5,White,White,White
prof_nurse_seed108_crop.png,flux,prof_nurse,Woman,Asian,3,Woman,White,25,True,6,65.6,1,Woman,Woman,Woman,4,3,5,Indian,Latino Hispanic,Asian
prof_nurse_seed108_crop.png,flux,prof_nurse,Woman,Asian,3,Woman,White,25,True,6,65.6,1,Woman,Woman,Woman,5,3,6,Indian,Indian,Asian
prof_nurse_seed108_crop.png,flux,prof_nurse,Woman,Asian,3,Woman,White,25,True,6,65.6,1,Woman,Woman,Woman,3,2,3,Asian,Asian,Asian
prof_nurse_seed108_crop.png,flux,prof_nurse,Woman,Asian,3,Woman,White,25,True,6,-76.5,9,Woman,Woman,Woman,3,2,3,Asian,Asian,Asian
prof_nurse_seed108_crop.png,flux,prof_nurse,Woman,Asian,3,Woman,White,25,True,6,-76.5,9,Woman,Woman,Woman,5,3,5,White,White,White
prof_nurse_seed108_crop.png,flux,prof_nurse,Woman,Asian,3,Woman,White,25,True,6,-76.5,9,Woman,Woman,Woman,4,3,5,Indian,Latino Hispanic,Asian
prof_nurse_seed108_crop.png,flux,prof_nurse,Woman,Asian,3,Woman,White,25,True,6,-76.5,9,Woman,Woman,Woman,5,3,6,Indian,Indian,Asian
prof_nurse_seed108_crop.png,flux,prof_nurse,Woman,Asian,3,Woman,White,25,True,6,-76.5,9,Woman,Woman,Woman,3,2,3,Asian,Asian,Asian
prof_nurse_seed108_crop.png,flux,prof_nurse,Woman,Asian,3,Woman,White,28,True,5,88.33,1,Woman,Woman,Woman,3,2,3,Asian,Asian,Asian
prof_nurse_seed108_crop.png,flux,prof_nurse,Woman,Asian,3,Woman,White,28,True,5,88.33,1,Woman,Woman,Woman,5,3,5,White,White,White
prof_nurse_seed108_crop.png,flux,prof_nurse,Woman,Asian,3,Woman,White,28,True,5,88.33,1,Woman,Woman,Woman,4,3,5,Indian,Latino Hispanic,Asian
prof_nurse_seed108_crop.png,flux,prof_nurse,Woman,Asian,3,Woman,White,28,True,5,88.33,1,Woman,Woman,Woman,5,3,6,Indian,Indian,Asian
prof_nurse_seed108_crop.png,flux,prof_nurse,Woman,Asian,3,Woman,White,28,True,5,88.33,1,Woman,Woman,Woman,3,2,3,Asian,Asian,Asian
prof_nurse_seed108_crop.png,flux,prof_nurse,Woman,Asian,3,Woman,White,28,True,5,83.26,1,Woman,Woman,Woman,3,2,3,Asian,Asian,Asian
prof_nurse_seed108_crop.png,flux,prof_nurse,Woman,Asian,3,Woman,White,28,True,5,83.26,1,Woman,Woman,Woman,5,3,5,White,White,White
prof_nurse_seed108_crop.png,flux,prof_nurse,Woman,Asian,3,Woman,White,28,True,5,83.26,1,Woman,Woman,Woman,4,3,5,Indian,Latino Hispanic,Asian
prof_nurse_seed108_crop.png,flux,prof_nurse,Woman,Asian,3,Woman,White,28,True,5,83.26,1,Woman,Woman,Woman,5,3,6,Indian,Indian,Asian
prof_nurse_seed108_crop.png,flux,prof_nurse,Woman,Asian,3,Woman,White,28,True,5,83.26,1,Woman,Woman,Woman,3,2,3,Asian,Asian,Asian
prof_nurse_seed108_crop.png,flux,prof_nurse,Woman,Asian,3,Woman,White,28,True,5,59.16,1,Woman,Woman,Woman,3,2,3,Asian,Asian,Asian
prof_nurse_seed108_crop.png,flux,prof_nurse,Woman,Asian,3,Woman,White,28,True,5,59.16,1,Woman,Woman,Woman,5,3,5,White,White,White
prof_nurse_seed108_crop.png,flux,prof_nurse,Woman,Asian,3,Woman,White,28,True,5,59.16,1,Woman,Woman,Woman,4,3,5,Indian,Latino Hispanic,Asian
prof_nurse_seed108_crop.png,flux,prof_nurse,Woman,Asian,3,Woman,White,28,True,5,59.16,1,Woman,Woman,Woman,5,3,6,Indian,Indian,Asian
prof_nurse_seed108_crop.png,flux,prof_nurse,Woman,Asian,3,Woman,White,28,True,5,59.16,1,Woman,Woman,Woman,3,2,3,Asian,Asian,Asian
prof_nurse_seed108_crop.png,flux,prof_nurse,Woman,Asian,3,Woman,White,28,True,6,65.6,1,Woman,Woman,Woman,3,2,3,Asian,Asian,Asian
prof_nurse_seed108_crop.png,flux,prof_nurse,Woman,Asian,3,Woman,White,28,True,6,65.6,1,Woman,Woman,Woman,5,3,5,White,White,White
prof_nurse_seed108_crop.png,flux,prof_nurse,Woman,Asian,3,Woman,White,28,True,6,65.6,1,Woman,Woman,Woman,4,3,5,Indian,Latino Hispanic,Asian
prof_nurse_seed108_crop.png,flux,prof_nurse,Woman,Asian,3,Woman,White,28,True,6,65.6,1,Woman,Woman,Woman,5,3,6,Indian,Indian,Asian
prof_nurse_seed108_crop.png,flux,prof_nurse,Woman,Asian,3,Woman,White,28,True,6,65.6,1,Woman,Woman,Woman,3,2,3,Asian,Asian,Asian
prof_nurse_seed108_crop.png,flux,prof_nurse,Woman,Asian,3,Woman,White,28,True,6,-76.5,9,Woman,Woman,Woman,3,2,3,Asian,Asian,Asian
prof_nurse_seed108_crop.png,flux,prof_nurse,Woman,Asian,3,Woman,White,28,True,6,-76.5,9,Woman,Woman,Woman,5,3,5,White,White,White
prof_nurse_seed108_crop.png,flux,prof_nurse,Woman,Asian,3,Woman,White,28,True,6,-76.5,9,Woman,Woman,Woman,4,3,5,Indian,Latino Hispanic,Asian
prof_nurse_seed108_crop.png,flux,prof_nurse,Woman,Asian,3,Woman,White,28,True,6,-76.5,9,Woman,Woman,Woman,5,3,6,Indian,Indian,Asian
prof_nurse_seed108_crop.png,flux,prof_nurse,Woman,Asian,3,Woman,White,28,True,6,-76.5,9,Woman,Woman,Woman,3,2,3,Asian,Asian,Asian
prof_nurse_seed108_crop.png,flux,prof_nurse,Woman,Asian,3,Woman,White,34,True,5,88.33,1,Woman,Woman,Woman,3,2,3,Asian,Asian,Asian
prof_nurse_seed108_crop.png,flux,prof_nurse,Woman,Asian,3,Woman,White,34,True,5,88.33,1,Woman,Woman,Woman,5,3,5,White,White,White
prof_nurse_seed108_crop.png,flux,prof_nurse,Woman,Asian,3,Woman,White,34,True,5,88.33,1,Woman,Woman,Woman,4,3,5,Indian,Latino Hispanic,Asian
prof_nurse_seed108_crop.png,flux,prof_nurse,Woman,Asian,3,Woman,White,34,True,5,88.33,1,Woman,Woman,Woman,5,3,6,Indian,Indian,Asian
prof_nurse_seed108_crop.png,flux,prof_nurse,Woman,Asian,3,Woman,White,34,True,5,88.33,1,Woman,Woman,Woman,3,2,3,Asian,Asian,Asian
prof_nurse_seed108_crop.png,flux,prof_nurse,Woman,Asian,3,Woman,White,34,True,5,83.26,1,Woman,Woman,Woman,3,2,3,Asian,Asian,Asian
prof_nurse_seed108_crop.png,flux,prof_nurse,Woman,Asian,3,Woman,White,34,True,5,83.26,1,Woman,Woman,Woman,5,3,5,White,White,White
prof_nurse_seed108_crop.png,flux,prof_nurse,Woman,Asian,3,Woman,White,34,True,5,83.26,1,Woman,Woman,Woman,4,3,5,Indian,Latino Hispanic,Asian
prof_nurse_seed108_crop.png,flux,prof_nurse,Woman,Asian,3,Woman,White,34,True,5,83.26,1,Woman,Woman,Woman,5,3,6,Indian,Indian,Asian
prof_nurse_seed108_crop.png,flux,prof_nurse,Woman,Asian,3,Woman,White,34,True,5,83.26,1,Woman,Woman,Woman,3,2,3,Asian,Asian,Asian
prof_nurse_seed108_crop.png,flux,prof_nurse,Woman,Asian,3,Woman,White,34,True,5,59.16,1,Woman,Woman,Woman,3,2,3,Asian,Asian,Asian
prof_nurse_seed108_crop.png,flux,prof_nurse,Woman,Asian,3,Woman,White,34,True,5,59.16,1,Woman,Woman,Woman,5,3,5,White,White,White
prof_nurse_seed108_crop.png,flux,prof_nurse,Woman,Asian,3,Woman,White,34,True,5,59.16,1,Woman,Woman,Woman,4,3,5,Indian,Latino Hispanic,Asian
prof_nurse_seed108_crop.png,flux,prof_nurse,Woman,Asian,3,Woman,White,34,True,5,59.16,1,Woman,Woman,Woman,5,3,6,Indian,Indian,Asian
prof_nurse_seed108_crop.png,flux,prof_nurse,Woman,Asian,3,Woman,White,34,True,5,59.16,1,Woman,Woman,Woman,3,2,3,Asian,Asian,Asian
prof_nurse_seed108_crop.png,flux,prof_nurse,Woman,Asian,3,Woman,White,34,True,6,65.6,1,Woman,Woman,Woman,3,2,3,Asian,Asian,Asian
prof_nurse_seed108_crop.png,flux,prof_nurse,Woman,Asian,3,Woman,White,34,True,6,65.6,1,Woman,Woman,Woman,5,3,5,White,White,White
prof_nurse_seed108_crop.png,flux,prof_nurse,Woman,Asian,3,Woman,White,34,True,6,65.6,1,Woman,Woman,Woman,4,3,5,Indian,Latino Hispanic,Asian
prof_nurse_seed108_crop.png,flux,prof_nurse,Woman,Asian,3,Woman,White,34,True,6,65.6,1,Woman,Woman,Woman,5,3,6,Indian,Indian,Asian
prof_nurse_seed108_crop.png,flux,prof_nurse,Woman,Asian,3,Woman,White,34,True,6,65.6,1,Woman,Woman,Woman,3,2,3,Asian,Asian,Asian
prof_nurse_seed108_crop.png,flux,prof_nurse,Woman,Asian,3,Woman,White,34,True,6,-76.5,9,Woman,Woman,Woman,3,2,3,Asian,Asian,Asian
prof_nurse_seed108_crop.png,flux,prof_nurse,Woman,Asian,3,Woman,White,34,True,6,-76.5,9,Woman,Woman,Woman,5,3,5,White,White,White
prof_nurse_seed108_crop.png,flux,prof_nurse,Woman,Asian,3,Woman,White,34,True,6,-76.5,9,Woman,Woman,Woman,4,3,5,Indian,Latino Hispanic,Asian
prof_nurse_seed108_crop.png,flux,prof_nurse,Woman,Asian,3,Woman,White,34,True,6,-76.5,9,Woman,Woman,Woman,5,3,6,Indian,Indian,Asian
prof_nurse_seed108_crop.png,flux,prof_nurse,Woman,Asian,3,Woman,White,34,True,6,-76.5,9,Woman,Woman,Woman,3,2,3,Asian,Asian,Asian
prof_nurse_seed108_crop.png,flux,prof_nurse,Woman,Asian,3,Woman,Indian,27,True,5,88.33,1,Woman,Woman,Woman,3,2,3,Asian,Asian,Asian
prof_nurse_seed108_crop.png,flux,prof_nurse,Woman,Asian,3,Woman,Indian,27,True,5,88.33,1,Woman,Woman,Woman,5,3,5,White,White,White
prof_nurse_seed108_crop.png,flux,prof_nurse,Woman,Asian,3,Woman,Indian,27,True,5,88.33,1,Woman,Woman,Woman,4,3,5,Indian,Latino Hispanic,Asian
prof_nurse_seed108_crop.png,flux,prof_nurse,Woman,Asian,3,Woman,Indian,27,True,5,88.33,1,Woman,Woman,Woman,5,3,6,Indian,Indian,Asian
prof_nurse_seed108_crop.png,flux,prof_nurse,Woman,Asian,3,Woman,Indian,27,True,5,88.33,1,Woman,Woman,Woman,3,2,3,Asian,Asian,Asian
prof_nurse_seed108_crop.png,flux,prof_nurse,Woman,Asian,3,Woman,Indian,27,True,5,83.26,1,Woman,Woman,Woman,3,2,3,Asian,Asian,Asian
prof_nurse_seed108_crop.png,flux,prof_nurse,Woman,Asian,3,Woman,Indian,27,True,5,83.26,1,Woman,Woman,Woman,5,3,5,White,White,White
prof_nurse_seed108_crop.png,flux,prof_nurse,Woman,Asian,3,Woman,Indian,27,True,5,83.26,1,Woman,Woman,Woman,4,3,5,Indian,Latino Hispanic,Asian
prof_nurse_seed108_crop.png,flux,prof_nurse,Woman,Asian,3,Woman,Indian,27,True,5,83.26,1,Woman,Woman,Woman,5,3,6,Indian,Indian,Asian
prof_nurse_seed108_crop.png,flux,prof_nurse,Woman,Asian,3,Woman,Indian,27,True,5,83.26,1,Woman,Woman,Woman,3,2,3,Asian,Asian,Asian
prof_nurse_seed108_crop.png,flux,prof_nurse,Woman,Asian,3,Woman,Indian,27,True,5,59.16,1,Woman,Woman,Woman,3,2,3,Asian,Asian,Asian
prof_nurse_seed108_crop.png,flux,prof_nurse,Woman,Asian,3,Woman,Indian,27,True,5,59.16,1,Woman,Woman,Woman,5,3,5,White,White,White
prof_nurse_seed108_crop.png,flux,prof_nurse,Woman,Asian,3,Woman,Indian,27,True,5,59.16,1,Woman,Woman,Woman,4,3,5,Indian,Latino Hispanic,Asian
prof_nurse_seed108_crop.png,flux,prof_nurse,Woman,Asian,3,Woman,Indian,27,True,5,59.16,1,Woman,Woman,Woman,5,3,6,Indian,Indian,Asian
prof_nurse_seed108_crop.png,flux,prof_nurse,Woman,Asian,3,Woman,Indian,27,True,5,59.16,1,Woman,Woman,Woman,3,2,3,Asian,Asian,Asian
prof_nurse_seed108_crop.png,flux,prof_nurse,Woman,Asian,3,Woman,Indian,27,True,6,65.6,1,Woman,Woman,Woman,3,2,3,Asian,Asian,Asian
prof_nurse_seed108_crop.png,flux,prof_nurse,Woman,Asian,3,Woman,Indian,27,True,6,65.6,1,Woman,Woman,Woman,5,3,5,White,White,White
prof_nurse_seed108_crop.png,flux,prof_nurse,Woman,Asian,3,Woman,Indian,27,True,6,65.6,1,Woman,Woman,Woman,4,3,5,Indian,Latino Hispanic,Asian
prof_nurse_seed108_crop.png,flux,prof_nurse,Woman,Asian,3,Woman,Indian,27,True,6,65.6,1,Woman,Woman,Woman,5,3,6,Indian,Indian,Asian
prof_nurse_seed108_crop.png,flux,prof_nurse,Woman,Asian,3,Woman,Indian,27,True,6,65.6,1,Woman,Woman,Woman,3,2,3,Asian,Asian,Asian
prof_nurse_seed108_crop.png,flux,prof_nurse,Woman,Asian,3,Woman,Indian,27,True,6,-76.5,9,Woman,Woman,Woman,3,2,3,Asian,Asian,Asian
prof_nurse_seed108_crop.png,flux,prof_nurse,Woman,Asian,3,Woman,Indian,27,True,6,-76.5,9,Woman,Woman,Woman,5,3,5,White,White,White
prof_nurse_seed108_crop.png,flux,prof_nurse,Woman,Asian,3,Woman,Indian,27,True,6,-76.5,9,Woman,Woman,Woman,4,3,5,Indian,Latino Hispanic,Asian
prof_nurse_seed108_crop.png,flux,prof_nurse,Woman,Asian,3,Woman,Indian,27,True,6,-76.5,9,Woman,Woman,Woman,5,3,6,Indian,Indian,Asian
prof_nurse_seed108_crop.png,flux,prof_nurse,Woman,Asian,3,Woman,Indian,27,True,6,-76.5,9,Woman,Woman,Woman,3,2,3,Asian,Asian,Asian
